filename,fixture,lesson_id,card,chapter,lesson_title,card_type,arabic,english,brief
ch05-near-feminine-scene.png,chapter-05-lesson-01.json,ch05-l01,1,5,هَٰذِهِ with adjectives and Idafa,CONCEPT,هَٰذِهِ,Recall the pointer,"Near feminine application scene: a nearby school, tree and open Quran arranged close to the learner's viewpoint"
ch05-tilka-ayat-allah.png,chapter-05-lesson-02.json,ch05-l02,5,5,تِلْكَ in useful Quranic structures,WORD,تِلْكَ آيَاتُ اللَّهِ,Those are the signs/verses of Allah,"Open Quran with a sequence of illuminated verse markers seen at a distance"
ch05-tilka-ayat-allah.png,chapter-05-lesson-02.json,ch05-l02,6,5,تِلْكَ in useful Quranic structures,WORD,آيَاتُ اللَّهِ,the signs/verses of Allah,"Same scene as card 5"
ch05-li-laka-contrast.png,chapter-05-lesson-03.json,ch05-l03,7,5,"لِي، لَكَ، لَكِ",CONTRAST,لِي / لَكَ / لَكِ,Contrast,"Split scene: a learner holding a book on the 'me' side; a male and a female addressed learner on the 'you' side"
ch05-lahu-laha-lakum-owners.png,chapter-05-lesson-04.json,ch05-l06,10,5,"لَهُ، لَهَا، لَكُمْ",GRAMMAR_NOTE,لَهُ / لَهَا / لَكُمْ,Full possession table,"Possession diagram: a man, a woman and a third person each with clearly separated personal objects, plus a small group panel for 'you all'"
ch05-dhahaba-movement.png,chapter-05-lesson-05.json,ch05-l04,5,5,ذَهَبَ — first past-tense verb,WORD,ذَهَبَ الطَّالِبُ,The student went,"Movement sequence: a male learner leaving one location and moving away with clear directional motion"
ch05-dhahaba-movement.png,chapter-05-lesson-05.json,ch05-l04,7,5,ذَهَبَ — first past-tense verb,WORD,ذَهَبَ الْوَلَدُ,The boy went,"Same scene as card 5"
ch05-dhahaba-movement.png,chapter-05-lesson-06.json,ch05-l07,1,5,"Action, doer and destination",WORD,ذَهَبَ الطَّالِبُ,The student went,"Reuse of the ذَهَبَ movement scene"
ch05-action-doer-destination.png,chapter-05-lesson-06.json,ch05-l07,5,5,"Action, doer and destination",CONCEPT,ذَهَبَ | الطَّالِبُ | إِلَى الْمَدْرَسَةِ,Read in meaning chunks,"Three-stage visual: movement, the learner as doer, and a mosque/school as destination, grouped visually left to right"
ch05-action-doer-destination.png,chapter-05-lesson-06.json,ch05-l07,8,5,"Action, doer and destination",CONCEPT,فِعْل → فَاعِل → إِلَى,Keep the order stable for now,"Same scene as card 5"
ch05-dhahaba-movement.png,chapter-05-lesson-08-review.json,ch05-l05,7,5,Review R1,WORD,ذَهَبَ الطَّالِبُ,The student went,"Reuse of the ذَهَبَ movement scene"
ch05-action-doer-destination.png,chapter-05-lesson-08-review.json,ch05-l05,8,5,Review R1,WORD,ذَهَبَ الطَّالِبُ إِلَى الْمَدْرَسَةِ,The student went to the school,"Reuse of the action–doer–destination scene"
ch05-naqat-allah.png,chapter-05-lesson-01.json,ch05-l01,6,5,هَٰذِهِ with adjectives and Idafa,WORD,نَاقَةُ اللَّهِ,Allah's she-camel,"OPTIONAL (not in the approved media plan): a single she-camel standing on open ground, no rider, no text"
ch05-naqat-allah.png,chapter-05-lesson-01.json,ch05-l01,7,5,هَٰذِهِ with adjectives and Idafa,WORD,هَٰذِهِ نَاقَةُ اللَّهِ,This is Allah's she-camel,"Same scene as card 6"
ch06-described-person-action.png,chapter-06-lesson-01.json,ch06-l01,8,6,A Described Subject,CONCEPT,الرَّجُلُ الْكَرِيمُ + ذَهَبَ,Do not stop at the adjective,"Described person + action: a man and a student, each visually tied to a quality (generous / hardworking), both moving forward"
ch06-person-connected-action.png,chapter-06-lesson-02.json,ch06-l02,3,6,"الَّذِي — Who, That, Which",CONCEPT,الْوَلَدُ | الَّذِي | ذَهَبَ,Read the three parts,"Visual bridge: a boy connected by a visible path to a going-away scene — person linked to action"
ch06-person-connected-action.png,chapter-06-lesson-02.json,ch06-l02,6,6,"الَّذِي — Who, That, Which",CONCEPT,الَّذِي ...,The phrase is not finished at الَّذِي,"Same scene as card 3"
ch06-place-tool-panels.png,chapter-06-lesson-03.json,ch06-l03,4,6,الَّذِي with Place and Tool Phrases,CONCEPT,الْكِتَابُ | الَّذِي | فِي الْبَيْتِ,Read the chunks,"Three separate panels: a pen on a desk; a book inside a house; an abstract 'taught by the pen' teaching scene"
ch06-place-tool-panels.png,chapter-06-lesson-03.json,ch06-l03,6,6,الَّذِي with Place and Tool Phrases,WORD,الَّذِي عَلَّمَ بِالْقَلَمِ,Who taught by the pen,"Same panels as card 4"
ch06-creation-chain.png,chapter-06-lesson-04.json,ch06-l04,4,6,الَّذِي in a Quranic Action Chain,CONCEPT,الَّذِي | خَلَقَ | فَسَوَّىٰ,Read the chain,"Four connected stages left to right: creation, balance/proportion, measure, guidance — no figures of the Divine, abstract objects only"
ch06-creation-chain.png,chapter-06-lesson-04.json,ch06-l04,8,6,الَّذِي in a Quranic Action Chain,CONCEPT,الَّذِي ... فَ ...,"One connector, several actions","Same scene as card 4"
ch06-creation-chain.png,chapter-06-lesson-05.json,ch06-l05,7,6,Chapter 6 Review,WORD,الَّذِي خَلَقَ فَسَوَّىٰ,Quranic chain,"Reuse of the creation chain (replaces the interim khalaqa asset)"
ch07-my-objects.png,chapter-07-lesson-01.json,ch07-l01,1,7,My — attached ي,CONCEPT,يَاءُ الْمُتَكَلِّم,My — attached ي,"A learner identifying their own objects (book, pen, house, name-card motif) with a subtle belongs to me visual link from each object back to the learner; no text"
ch07-my-objects.png,chapter-07-lesson-01.json,ch07-l01,8,7,My — attached ي,CONCEPT,كِتَابِي جَدِيدٌ,The noun becomes definite,"Same scene as card 1"
ch07-two-listeners.png,chapter-07-lesson-02.json,ch07-l02,1,7,Your — attached كَ and كِ,CONCEPT,كِتَابُكَ,Your — attached كَ (male addressee),"One speaker handing the same book toward two distinct listeners, a man and a woman, so the ending visibly depends on whom the speaker addresses; no text"
ch07-two-listeners.png,chapter-07-lesson-02.json,ch07-l02,2,7,Your — attached كَ and كِ,CONCEPT,كِتَابُكِ,Your — attached كِ (female addressee),"Same scene as card 1"
ch07-two-listeners.png,chapter-07-lesson-02.json,ch07-l02,7,7,Your — attached كَ and كِ,CONTRAST,كِتَابِي / كِتَابُكَ / كِتَابُكِ,My vs your,"Same scene as card 1"
ch07-his-her-owners.png,chapter-07-lesson-03.json,ch07-l03,1,7,His and Her — attached هُ and هَا,CONCEPT,كِتَابُهُ,His — attached هُ,"Two ownership relationships side by side: a man with a book, a woman with a school/home symbol, each object clearly tied to its owner; no text"
ch07-his-her-owners.png,chapter-07-lesson-03.json,ch07-l03,2,7,His and Her — attached هُ and هَا,CONCEPT,مَدْرَسَتُهَا,Her / its — attached هَا,"Same scene as card 1"
ch07-his-her-owners.png,chapter-07-lesson-03.json,ch07-l03,7,7,His and Her — attached هُ and هَا,CONTRAST,كِتَابُهُ / كِتَابُهَا,"The suffix shows the owner, not the thing","Same scene as card 1"
ch07-four-people-have.png,chapter-07-lesson-04.json,ch07-l04,1,7,Possession with عِنْدَ,CONCEPT,عِنْدِي,عِنْدَ — with / at and have,"Four people in a row, each with or without a pen/book, communicating I have / you have / he has / she has; neutral, no stereotypes, no text"
ch07-four-people-have.png,chapter-07-lesson-04.json,ch07-l04,9,7,Possession with عِنْدَ,CONTRAST,لِي كِتَابٌ / كِتَابِي / عِنْدِي كِتَابٌ,Three ways to own,"Same scene as card 1"
ch07-four-people-have.png,chapter-07-lesson-06-review.json,ch07-l06,7,7,Chapter 7 Review,CONCEPT,عِنْدِي قَلَمٌ,عِنْدِي and the two questions,"Reuse of the four-people scene (replaces the interim qalam asset)"
ch07-classroom-questions.png,chapter-07-lesson-06-review.json,ch07-l06,8,7,Chapter 7 Review,CONCEPT,مَا، مَنْ، أَيْنَ,The spoken question set,"Two learners in a lesson, one gesturing at an object as if asking about it, the other checking whether a pen is available; no speech bubbles, no text"
ch08-he-she-movement.png,chapter-08-lesson-01.json,ch08-l01,4,8,She Went — ذَهَبَتْ,CONTRAST,ذَهَبَ / ذَهَبَتْ,Compare the pair,"A man and a woman each completing the same walking-away action side by side; no lettering"
ch08-he-she-movement.png,chapter-08-lesson-01.json,ch08-l01,6,8,She Went — ذَهَبَتْ,WORD,ذَهَبَتْ فَاطِمَةُ,Fatimah went,"Same scene as card 4"
ch08-she-returned-sat-entered.png,chapter-08-lesson-02.json,ch08-l02,1,8,The Same Marker Across Verbs,CONCEPT,عَلَامَةٌ وَاحِدَةٌ فِي أَفْعَالٍ كَثِيرَة,One marker different verbs,"Three panels with one consistent female character: returning along a path, sitting, stepping through a doorway; no labels"
ch08-she-returned-sat-entered.png,chapter-08-lesson-02.json,ch08-l02,6,8,The Same Marker Across Verbs,WORD,رَجَعَتْ فَاطِمَةُ,Fatimah returned,"Same scene as card 1"
ch08-allati-connector-panels.png,chapter-08-lesson-03.json,ch08-l03,4,8,الَّتِي — Feminine Relative,CONCEPT,ثَلَاثَةُ أَجْزَاء,Read the three parts,"Two panels: a girl visibly linked to a going-away scene; a school visibly linked to a village; no words"
ch08-allati-connector-panels.png,chapter-08-lesson-03.json,ch08-l03,8,8,الَّتِي — Feminine Relative,CONCEPT,لِلْعَاقِلِ وَغَيْرِ العَاقِل,Person or place — same word,"Same scene as card 4"
ch08-mother-returning-home.png,chapter-08-lesson-04.json,ch08-l04,6,8,My Mother — Feminine Integration,WORD,رَجَعَتْ أُمِّي إِلَى الْبَيْتِ,My mother returned to the house,"A mother arriving back at a family house; no speech bubbles"
ch08-mother-returning-home.png,chapter-08-lesson-04.json,ch08-l04,7,8,My Mother — Feminine Integration,WORD,أُمِّي الَّتِي رَجَعَتْ,my mother who returned,"Same scene as card 6"
ch09-one-man-group.png,chapter-09-lesson-01.json,ch09-l01,1,9,Sound Masculine Plural — ـُونَ,CONTRAST,مُسْلِمٌ / مُسْلِمُونَ,One person and a group,"One male learner beside a nearby group of male or mixed learners; singular versus plural only; no lettering"
ch09-one-man-group.png,chapter-09-lesson-01.json,ch09-l01,3,9,Sound Masculine Plural — ـُونَ,CONTRAST,مُؤْمِنٌ / مُؤْمِنُونَ,Believer and believers,"Same scene as card 1"
ch09-one-man-group.png,chapter-09-lesson-06-review.json,ch09-l05,2,9,Chapter 9 Review,CONTRAST,مُسْلِمٌ / مُسْلِمُونَ,Muslim man / Muslims,"Reuse of the one-man-group scene"
ch09-one-woman-group.png,chapter-09-lesson-02.json,ch09-l02,2,9,Sound Feminine Plural — ـَات,CONTRAST,طَالِبَةٌ / طَالِبَاتٌ,Female student / female students,"One female learner beside a group of female learners/teachers; neutral clothing and setting; no labels"
ch09-one-woman-group.png,chapter-09-lesson-02.json,ch09-l02,3,9,Sound Feminine Plural — ـَات,CONTRAST,مُعَلِّمَةٌ / مُعَلِّمَاتٌ,Female teacher / female teachers,"Same scene as card 2"
ch09-one-many-four-panels.png,chapter-09-lesson-03.json,ch09-l03,1,9,Common Broken Plurals,CONCEPT,الْجَمْعُ الْمُكَسَّر,What is a broken plural?,"Four panels: one/many books, houses, students, masjids; no words"
ch09-one-many-four-panels.png,chapter-09-lesson-03.json,ch09-l03,7,9,Common Broken Plurals,CONCEPT,عَائِلَاتُ الْكَلِمَات,Learn word families,"Same scene as card 1"
ch09-pointing-at-group.png,chapter-09-lesson-04.json,ch09-l04,3,9,Nearby People — هٰؤُلَاءِ,WORD,هٰؤُلَاءِ مُسْلِمُونَ,These are Muslims,"A speaker indicating a nearby group of male, female or mixed learners; no speech bubbles"
ch09-pointing-at-group.png,chapter-09-lesson-04.json,ch09-l04,4,9,Nearby People — هٰؤُلَاءِ,WORD,هٰؤُلَاءِ طَالِبَاتٌ,These are female students,"Same scene as card 3"
ch10-they-two-groups.png,chapter-10-lesson-01.json,ch10-l01,2,10,They — هُمْ and هُنَّ,CONCEPT,هُنَّ,They: a female-only group,"Two separate nearby groups: one male or mixed, one female-only; no lettering"
ch10-they-two-groups.png,chapter-10-lesson-01.json,ch10-l01,5,10,They — هُمْ and هُنَّ,CONTRAST,هُمْ / هُنَّ,Which they?,"Same scene as card 2"
ch10-we-group-speaking.png,chapter-10-lesson-02.json,ch10-l02,2,10,We — نَحْنُ,CONCEPT,نَحْنُ,The speaker plus others,"A group speaking as one from the viewer's own viewpoint; men and women together; no speech bubbles or text"
ch10-we-group-speaking.png,chapter-10-lesson-02.json,ch10-l02,7,10,We — نَحْنُ,CONTRAST,نَحْنُ / هُمْ,We or they,"Same scene as card 2"
ch10-you-all-facing-group.png,chapter-10-lesson-03.json,ch10-l05,5,10,You All — أَنْتُمْ and أَنْتُنَّ,CONCEPT,الْمُخَاطَبُونَ,Speaking to the group,"One learner facing and addressing a group; male/mixed and female-only variants; no text"
ch10-you-all-facing-group.png,chapter-10-lesson-03.json,ch10-l05,6,10,You All — أَنْتُمْ and أَنْتُنَّ,CONTRAST,هُمْ / أَنْتُمْ,They or you all,"Same scene as card 5"
ch10-before-timeline.png,chapter-10-lesson-04.json,ch10-l03,4,10,Before — قَبْلَ,CONCEPT,قَبْلَ وَبَعْدَ,Two events on a line,"Two-step timeline with the earlier event highlighted; no words"
ch10-before-timeline.png,chapter-10-lesson-04.json,ch10-l03,9,10,Before — قَبْلَ,CONCEPT,قَبْلَ,Summary,"Same scene as card 4"
ch10-after-timeline.png,chapter-10-lesson-05.json,ch10-l04,4,10,After — بَعْدَ,CONTRAST,قَبْلَ / بَعْدَ,Before or after,"Same timeline with the later event highlighted; no text"
ch10-after-timeline.png,chapter-10-lesson-05.json,ch10-l04,9,10,After — بَعْدَ,CONCEPT,قَبْلَ وَبَعْدَ,Summary,"Same scene as card 4"
ch12-muallim-teacher.png,chapter-12-lesson-03.json,ch12-l03,3,12,Professions — مَا مِهْنَتُكَ؟,WORD,مُعَلِّمٌ,a teacher,"A teacher at a low desk or lectern with an open book and a small class in front; no lettering"
ch12-muhandis-engineer.png,chapter-12-lesson-03.json,ch12-l03,4,12,Professions — مَا مِهْنَتُكَ؟,WORD,مُهَنْدِسٌ,an engineer,"An engineer's drawing board with a rolled plan, a set square and a small model of an arch or bridge; no lettering"
ch14-one-to-group-hardworking.png,chapter-14-lesson-01.json,ch14-l01,1,14,Human Plurals and Plural Adjectives,CONCEPT,طَالِبٌ مُجْتَهِدٌ / طُلَّابٌ مُجْتَهِدُونَ,From one person to a group,"Two panels: left, one boy bent over a notebook studying hard at a desk; right, a group of boys studying hard together at one long table"
ch14-hardworking-boys.png,chapter-14-lesson-01.json,ch14-l01,2,14,Human Plurals and Plural Adjectives,WORD,مُجْتَهِدُونَ,hardworking (masculine plural),"A group of boys at a long table, heads down over open books and notebooks, clearly working hard"
ch14-hardworking-boys.png,chapter-14-lesson-01.json,ch14-l01,3,14,Human Plurals and Plural Adjectives,EXAMPLE,الطُّلَّابُ الْمُجْتَهِدُونَ,the hardworking students,"A group of boys at a long table, heads down over open books and notebooks, clearly working hard"
ch14-hardworking-girls.png,chapter-14-lesson-01.json,ch14-l01,4,14,Human Plurals and Plural Adjectives,WORD,مُجْتَهِدَاتٌ,hardworking (feminine plural),"A group of girls in modest dress at a long table, heads down over open books and notebooks, clearly working hard"
ch14-boys-girls-hardworking.png,chapter-14-lesson-01.json,ch14-l01,5,14,Human Plurals and Plural Adjectives,CONTRAST,مُجْتَهِدُونَ / مُجْتَهِدَاتٌ,"Masculine group, feminine group","Two panels: left, the hardworking group of boys; right, the hardworking group of girls (same setting and pose, so only the group changes)"
ch14-honourable-muslims.png,chapter-14-lesson-01.json,ch14-l01,6,14,Human Plurals and Plural Adjectives,WORD,كِرَامٌ,honourable (plural),"A group of men at an open door warmly welcoming guests with dates and tea: generosity and honour, not wealth"
ch14-three-checks.png,chapter-14-lesson-01.json,ch14-l01,7,14,Human Plurals and Plural Adjectives,CONCEPT,الطَّالِبَاتُ الْمُجْتَهِدَاتُ,"Three checks: number, gender, ال","Three small tiles in a row with a tick under each: a cluster of figures (many), a girl figure (feminine), a highlighted tag hanging on an object (definite)"
ch14-honored-servants-light.png,chapter-14-lesson-01.json,ch14-l01,8,14,Human Plurals and Plural Adjectives,AYAH_PREVIEW,مُكْرَمُونَ,honored (masculine plural),"Soft light falling from above onto a calm horizon at dawn. The ayah speaks of angels, so no figures of any kind"
ch14-new-books.png,chapter-14-lesson-02.json,ch14-l02,1,14,Non-Human Plurals: The Feminine-Singular Default,CONCEPT,الْكُتُبُ الْجَدِيدَةُ,The beginner default,"A neat stack of brand-new books with crisp covers, one standing open"
ch14-new-books.png,chapter-14-lesson-02.json,ch14-l02,2,14,Non-Human Plurals: The Feminine-Singular Default,EXAMPLE,الْكُتُبُ الْجَدِيدَةُ,the new books,"A neat stack of brand-new books with crisp covers, one standing open"
ch14-large-houses.png,chapter-14-lesson-02.json,ch14-l02,3,14,Non-Human Plurals: The Feminine-Singular Default,EXAMPLE,الْبُيُوتُ الْكَبِيرَةُ,the large houses,A street of several large family houses side by side
ch14-large-mosques.png,chapter-14-lesson-02.json,ch14-l02,4,14,Non-Human Plurals: The Feminine-Singular Default,EXAMPLE,الْمَسَاجِدُ الْكَبِيرَةُ,the large mosques,Two or three large mosques with domes and minarets on one skyline
ch14-students-and-books.png,chapter-14-lesson-02.json,ch14-l02,5,14,Non-Human Plurals: The Feminine-Singular Default,CONTRAST,الطُّلَّابُ الْمُجْتَهِدُونَ / الْكُتُبُ الْجَدِيدَةُ,People and things,"Two panels: left, a group of students; right, a stack of books. People on one side, things on the other"
ch14-people-or-things-sort.png,chapter-14-lesson-02.json,ch14-l02,6,14,Non-Human Plurals: The Feminine-Singular Default,CONCEPT,عَاقِلٌ أَمْ غَيْرُ عَاقِلٍ؟,The question to ask,"A sorting scene with two trays: one holds small figures of people, the other holds objects (a book, a house, a cup, a mosque)"
ch14-houses-mosques-skyline.png,chapter-14-lesson-02.json,ch14-l02,7,14,Non-Human Plurals: The Feminine-Singular Default,CONCEPT,قَاعِدَةٌ لِلْمُبْتَدِئِ,"A default, not a law",A town skyline where large houses and large mosques stand together
ch14-raised-couches.png,chapter-14-lesson-02.json,ch14-l02,8,14,Non-Human Plurals: The Feminine-Singular Default,AYAH_PREVIEW,مَرْفُوعَةٌ,raised high (feminine singular),A paradise garden terrace: couches set high on raised platforms among greenery and flowing water; no people
ch14-phrase-or-sentence.png,chapter-14-lesson-03.json,ch14-l03,1,14,Descriptive Phrase or Complete Sentence?,CONCEPT,تَرْكِيبٌ أَمْ جُمْلَةٌ؟,Two jobs for one describing word,"Two panels of the same new books: left, the books carry a small ribbon tag (naming them); right, an empty speech bubble beside them (saying something about them)"
ch14-phrase-or-sentence.png,chapter-14-lesson-03.json,ch14-l03,2,14,Descriptive Phrase or Complete Sentence?,CONTRAST,الْكُتُبُ الْجَدِيدَةُ / الْكُتُبُ جَدِيدَةٌ,The new books / The books are new.,"Two panels of the same new books: left, the books carry a small ribbon tag (naming them); right, an empty speech bubble beside them (saying something about them)"
ch14-hardworking-boys.png,chapter-14-lesson-03.json,ch14-l03,3,14,Descriptive Phrase or Complete Sentence?,CONTRAST,الطُّلَّابُ الْمُجْتَهِدُونَ / الطُّلَّابُ مُجْتَهِدُونَ,The hardworking students / The students are hardworking.,"A group of boys at a long table, heads down over open books and notebooks, clearly working hard"
ch14-large-mosques.png,chapter-14-lesson-03.json,ch14-l03,4,14,Descriptive Phrase or Complete Sentence?,CONTRAST,الْمَسَاجِدُ الْكَبِيرَةُ / الْمَسَاجِدُ كَبِيرَةٌ,The large mosques / The mosques are large.,Two or three large mosques with domes and minarets on one skyline
ch14-large-houses.png,chapter-14-lesson-03.json,ch14-l03,5,14,Descriptive Phrase or Complete Sentence?,CONCEPT,الْبُيُوتُ الْكَبِيرَةُ / الْبُيُوتُ كَبِيرَةٌ,"The ال test, step by step",A street of several large family houses side by side
ch14-new-books.png,chapter-14-lesson-03.json,ch14-l03,6,14,Descriptive Phrase or Complete Sentence?,CONCEPT,جَدِيدَةٌ / الْجَدِيدَةُ,The agreement does not change,"A neat stack of brand-new books with crisp covers, one standing open"
ch14-cups-put-in-place.png,chapter-14-lesson-03.json,ch14-l03,7,14,Descriptive Phrase or Complete Sentence?,CONCEPT,أَكْوَابٌ مَوْضُوعَةٌ,No ال on either word,"Elegant cups set out in a neat row on a low table, ready for guests; no people"
ch14-cups-put-in-place.png,chapter-14-lesson-03.json,ch14-l03,8,14,Descriptive Phrase or Complete Sentence?,AYAH_PREVIEW,مَوْضُوعَةٌ,put in place (feminine singular),"Elegant cups set out in a neat row on a low table, ready for guests; no people"
ch14-people-or-things-sort.png,chapter-14-lesson-04.json,ch14-l04,1,14,Human or Non-Human? Choosing the Agreement,CONCEPT,عَاقِلٌ أَمْ غَيْرُ عَاقِلٍ؟,"Four steps, in order","A sorting scene with two trays: one holds small figures of people, the other holds objects (a book, a house, a cup, a mosque)"
ch14-students-and-books.png,chapter-14-lesson-04.json,ch14-l04,2,14,Human or Non-Human? Choosing the Agreement,CONTRAST,طُلَّابٌ مُجْتَهِدُونَ / كُتُبٌ جَدِيدَةٌ,Students and books,"Two panels: left, a group of students; right, a stack of books. People on one side, things on the other"
ch14-believers-and-mosques.png,chapter-14-lesson-04.json,ch14-l04,3,14,Human or Non-Human? Choosing the Agreement,CONTRAST,مُؤْمِنُونَ صَالِحُونَ / مَسَاجِدُ كَبِيرَةٌ,Believers and mosques,"Two panels: left, worshippers seen from behind walking to prayer; right, large mosques"
ch14-light-and-couches.png,chapter-14-lesson-04.json,ch14-l04,4,14,Human or Non-Human? Choosing the Agreement,CONTRAST,عِبَادٌ مُكْرَمُونَ / سُرُرٌ مَرْفُوعَةٌ,"Two broken plurals, two patterns","Two panels: left, soft light from above with no figures (angels are never drawn); right, the raised couches"
ch14-meaning-first.png,chapter-14-lesson-04.json,ch14-l04,5,14,Human or Non-Human? Choosing the Agreement,CONCEPT,الْمَعْنَى أَوَّلًا,"Meaning first, form second","One hardworking girl at a desk beside a stack of new books: one person, several things"
ch14-girls-and-houses.png,chapter-14-lesson-04.json,ch14-l04,6,14,Human or Non-Human? Choosing the Agreement,CONTRAST,الطَّالِبَاتُ الْمُجْتَهِدَاتُ / الْبُيُوتُ الْكَبِيرَةُ,"Feminine plural, or feminine singular?","Two panels: left, the hardworking girls; right, the large houses"
ch14-cushions-lined-up.png,chapter-14-lesson-04.json,ch14-l04,7,14,Human or Non-Human? Choosing the Agreement,WORD,نَمَارِقُ,cushions,Cushions lined up neatly in a row along a low seat
ch14-cushions-lined-up.png,chapter-14-lesson-04.json,ch14-l04,8,14,Human or Non-Human? Choosing the Agreement,AYAH_PREVIEW,مَصْفُوفَةٌ,lined up (feminine singular),Cushions lined up neatly in a row along a low seat
ch14-paradise-four-furnishings.png,chapter-14-lesson-05-quranic-agreement.json,ch14-l06,1,14,Quranic Agreement: Default Pattern and Variation,CONCEPT,سُرُرٌ مَرْفُوعَةٌ · أَكْوَابٌ مَوْضُوعَةٌ,"Four phrases, one default","One garden terrace showing all four together: raised couches, cups set in place, cushions lined up, carpets spread around; no people"
ch14-raised-couches.png,chapter-14-lesson-05-quranic-agreement.json,ch14-l06,2,14,Quranic Agreement: Default Pattern and Variation,EXAMPLE,سُرُرٌ مَرْفُوعَةٌ,raised couches,A paradise garden terrace: couches set high on raised platforms among greenery and flowing water; no people
ch14-cups-put-in-place.png,chapter-14-lesson-05-quranic-agreement.json,ch14-l06,3,14,Quranic Agreement: Default Pattern and Variation,EXAMPLE,أَكْوَابٌ مَوْضُوعَةٌ,cups put in place,"Elegant cups set out in a neat row on a low table, ready for guests; no people"
ch14-carpets-spread.png,chapter-14-lesson-05-quranic-agreement.json,ch14-l06,4,14,Quranic Agreement: Default Pattern and Variation,EXAMPLE,زَرَابِيُّ مَبْثُوثَةٌ,carpets spread around,Richly patterned carpets spread out across a garden terrace floor
ch14-heavens-folded.png,chapter-14-lesson-05-quranic-agreement.json,ch14-l06,5,14,Quranic Agreement: Default Pattern and Variation,CONCEPT,السَّمَاوَاتُ مَطْوِيَّاتٌ,Read it as it is,"A starry night sky whose edges roll inward like a scroll. No hand, no figure, nothing that pictures Allah"
ch14-heavens-folded.png,chapter-14-lesson-05-quranic-agreement.json,ch14-l06,6,14,Quranic Agreement: Default Pattern and Variation,CONTRAST,سُرُرٌ مَرْفُوعَةٌ / السَّمَاوَاتُ مَطْوِيَّاتٌ,"The default, and an attested variation","A starry night sky whose edges roll inward like a scroll. No hand, no figure, nothing that pictures Allah"
ch14-heavens-folded.png,chapter-14-lesson-05-quranic-agreement.json,ch14-l06,7,14,Quranic Agreement: Default Pattern and Variation,AYAH_PREVIEW,مَطْوِيَّاتٌ,folded (feminine plural),"A starry night sky whose edges roll inward like a scroll. No hand, no figure, nothing that pictures Allah"
ch14-people-or-things-sort.png,chapter-14-lesson-06-review.json,ch14-l05,1,14,Chapter 14 Review,CONCEPT,عَاقِلٌ أَمْ غَيْرُ عَاقِلٍ؟,Describing plurals: the map,"A sorting scene with two trays: one holds small figures of people, the other holds objects (a book, a house, a cup, a mosque)"
ch14-boys-girls-hardworking.png,chapter-14-lesson-06-review.json,ch14-l05,2,14,Chapter 14 Review,CONTRAST,الطُّلَّابُ الْمُجْتَهِدُونَ / الطَّالِبَاتُ الْمُجْتَهِدَاتُ,Human plurals: masculine and feminine,"Two panels: left, the hardworking group of boys; right, the hardworking group of girls (same setting and pose, so only the group changes)"
ch14-honourable-muslims.png,chapter-14-lesson-06-review.json,ch14-l05,3,14,Chapter 14 Review,CONTRAST,مُسْلِمُونَ صَالِحُونَ / مُسْلِمُونَ كِرَامٌ,"A plural adjective by ending, or by broken shape","A group of men at an open door warmly welcoming guests with dates and tea: generosity and honour, not wealth"
ch14-large-houses.png,chapter-14-lesson-06-review.json,ch14-l05,4,14,Chapter 14 Review,CONTRAST,الْكُتُبُ الْجَدِيدَةُ / الْبُيُوتُ الْكَبِيرَةُ,Non-human plurals: the default,A street of several large family houses side by side
ch14-phrase-or-sentence.png,chapter-14-lesson-06-review.json,ch14-l05,5,14,Chapter 14 Review,CONTRAST,الْكُتُبُ الْجَدِيدَةُ / الْكُتُبُ جَدِيدَةٌ,Phrase or sentence,"Two panels of the same new books: left, the books carry a small ribbon tag (naming them); right, an empty speech bubble beside them (saying something about them)"
ch14-light-and-couches.png,chapter-14-lesson-06-review.json,ch14-l05,6,14,Chapter 14 Review,CONTRAST,عِبَادٌ مُكْرَمُونَ / سُرُرٌ مَرْفُوعَةٌ,Classify first,"Two panels: left, soft light from above with no figures (angels are never drawn); right, the raised couches"
ch14-heavens-folded.png,chapter-14-lesson-06-review.json,ch14-l05,7,14,Chapter 14 Review,CONTRAST,سُرُرٌ مَرْفُوعَةٌ / السَّمَاوَاتُ مَطْوِيَّاتٌ,Default and variation,"A starry night sky whose edges roll inward like a scroll. No hand, no figure, nothing that pictures Allah"
ch14-raised-couches.png,chapter-14-lesson-06-review.json,ch14-l05,8,14,Chapter 14 Review,AYAH_PREVIEW,مَرْفُوعَةٌ,raised high (feminine singular),A paradise garden terrace: couches set high on raised platforms among greenery and flowing water; no people
ch15-pointing-set-recall.png,chapter-15-lesson-01.json,ch15-l01,1,15,These and Those People,CONCEPT,هٰذَا، ذٰلِكَ، هٰؤُلَاءِ,"Recall: pointing at one, pointing at a near group","A learner in the foreground pointing at three things: a book nearby, a tree far away, and a small group of people nearby"
ch15-far-group.png,chapter-15-lesson-01.json,ch15-l01,2,15,These and Those People,WORD,أُولٰئِكَ,"those (people, far)",A learner in the foreground pointing across a wide courtyard at a group of students standing far away
ch15-near-far-group.png,chapter-15-lesson-01.json,ch15-l01,3,15,These and Those People,CONTRAST,هٰؤُلَاءِ طُلَّابٌ / أُولٰئِكَ طُلَّابٌ,"Near group, far group","Two panels: left, a learner pointing at a group of students right beside them; right, pointing at the same group far away"
ch15-far-group-muslims.png,chapter-15-lesson-01.json,ch15-l01,4,15,These and Those People,EXAMPLE,أُولٰئِكَ مُسْلِمُونَ,Those are Muslims.,"A group of worshippers far away, seen from behind, walking toward a distant mosque"
ch15-far-group-girls.png,chapter-15-lesson-01.json,ch15-l01,5,15,These and Those People,EXAMPLE,أُولٰئِكَ طَالِبَاتٌ,Those are female students.,A group of girl students far away across a school courtyard
ch15-far-or-earlier.png,chapter-15-lesson-01.json,ch15-l01,6,15,These and Those People,CONCEPT,أُولٰئِكَ,"Far in place, or mentioned earlier","Two panels: left, a group of people far across a field; right, an open book with a ribbon marker pointing back to an earlier page"
ch15-guidance-path.png,chapter-15-lesson-01.json,ch15-l01,7,15,These and Those People,AYAH_PREVIEW,أُولَٰئِكَ عَلَىٰ هُدًى مِّن رَّبِّهِمْ,Al-Baqarah 2:5: Those are upon guidance from their Lord.,A road at night lit ahead by a row of lanterns (those upon guidance); no figures
ch15-successful-harvest.png,chapter-15-lesson-01.json,ch15-l01,8,15,These and Those People,AYAH_PREVIEW,وَأُولَٰئِكَ هُمُ الْمُفْلِحُونَ,Al-Baqarah 2:5: And it is those who are the successful.,A flourishing field ready for harvest at sunrise: success that grows
ch14-students-and-books.png,chapter-15-lesson-02.json,ch15-l02,1,15,People or Things? Choosing the Pointer,CONCEPT,طُلَّابٌ مُجْتَهِدُونَ / كُتُبٌ جَدِيدَةٌ,Chapter 14's question comes back,"Two panels: left, a group of students; right, a stack of books. People on one side, things on the other"
ch15-near-students-near-books.png,chapter-15-lesson-02.json,ch15-l02,2,15,People or Things? Choosing the Pointer,CONTRAST,هٰؤُلَاءِ طُلَّابٌ / هٰذِهِ كُتُبٌ,A near group: people or things,"Two panels, both close to the viewer: left, a group of students; right, a stack of books"
ch15-far-students-far-books.png,chapter-15-lesson-02.json,ch15-l02,3,15,People or Things? Choosing the Pointer,CONTRAST,أُولٰئِكَ طُلَّابٌ / تِلْكَ كُتُبٌ,A far group: people or things,"Two panels, both far from the viewer: left, a group of students; right, a stack of books on a distant shelf"
ch15-these-books-near.png,chapter-15-lesson-02.json,ch15-l02,4,15,People or Things? Choosing the Pointer,CONCEPT,هٰذِهِ كُتُبٌ جَدِيدَةٌ,Why هٰذِهِ for things?,A hand pointing at a stack of new books right in front of the viewer
ch15-those-houses-far.png,chapter-15-lesson-02.json,ch15-l02,5,15,People or Things? Choosing the Pointer,EXAMPLE,تِلْكَ بُيُوتٌ,Those are houses.,A learner pointing at a row of houses on a far hillside
ch15-near-girls-near-books.png,chapter-15-lesson-02.json,ch15-l02,6,15,People or Things? Choosing the Pointer,CONTRAST,هٰؤُلَاءِ طَالِبَاتٌ / هٰذِهِ كُتُبٌ,"Decide by meaning, not by the ending","Two panels, both close by: left, a group of girl students; right, a stack of books"
ch15-guests-doorway.png,chapter-15-lesson-02.json,ch15-l02,7,15,People or Things? Choosing the Pointer,AYAH_PREVIEW,قَالَ إِنَّ هَٰؤُلَاءِ ضَيْفِي,"Al-Hijr 15:68: He said, ""Indeed, these are my guests.""","A welcoming doorway at dusk with lantern light and a tray of hospitality. The guests were angels, so no figures"
ch15-four-pointers-grid.png,chapter-15-lesson-02.json,ch15-l02,8,15,People or Things? Choosing the Pointer,CONCEPT,هٰؤُلَاءِ، أُولٰئِكَ، هٰذِهِ، تِلْكَ,Two questions before you point,"A 2x2 grid: people near, people far, things near, things far (the same students and the same books in each)"
ch14-phrase-or-sentence.png,chapter-15-lesson-03.json,ch15-l03,1,15,Pointing Phrase or Complete Statement?,CONCEPT,الْكُتُبُ الْجَدِيدَةُ / الْكُتُبُ جَدِيدَةٌ,Recall: phrase or sentence,"Two panels of the same new books: left, the books carry a small ribbon tag (naming them); right, an empty speech bubble beside them (saying something about them)"
ch15-these-muslims.png,chapter-15-lesson-03.json,ch15-l03,2,15,Pointing Phrase or Complete Statement?,EXAMPLE,هٰؤُلَاءِ مُسْلِمُونَ,These are Muslims.,A near group of worshippers seen from behind in a mosque courtyard
ch15-these-muslims.png,chapter-15-lesson-03.json,ch15-l03,3,15,Pointing Phrase or Complete Statement?,EXAMPLE,هٰؤُلَاءِ الْمُسْلِمُونَ,these Muslims,A near group of worshippers seen from behind in a mosque courtyard
ch15-these-muslims.png,chapter-15-lesson-03.json,ch15-l03,4,15,Pointing Phrase or Complete Statement?,CONTRAST,هٰؤُلَاءِ مُسْلِمُونَ / هٰؤُلَاءِ الْمُسْلِمُونَ,One ال changes the reading,A near group of worshippers seen from behind in a mosque courtyard
ch14-hardworking-boys.png,chapter-15-lesson-03.json,ch15-l03,5,15,Pointing Phrase or Complete Statement?,EXAMPLE,هٰؤُلَاءِ الطُّلَّابُ مُجْتَهِدُونَ,These students are hardworking.,"A group of boys at a long table, heads down over open books and notebooks, clearly working hard"
ch15-far-group-girls.png,chapter-15-lesson-03.json,ch15-l03,6,15,Pointing Phrase or Complete Statement?,EXAMPLE,أُولٰئِكَ الطَّالِبَاتُ مُجْتَهِدَاتٌ,Those female students are hardworking.,A group of girl students far away across a school courtyard
ch15-these-muslims.png,chapter-15-lesson-03.json,ch15-l03,7,15,Pointing Phrase or Complete Statement?,WORD,هٰؤُلَاءِ هُمُ الْمُسْلِمُونَ,These are the Muslims.,A near group of worshippers seen from behind in a mosque courtyard
ch15-inheritors-garden.png,chapter-15-lesson-03.json,ch15-l03,8,15,Pointing Phrase or Complete Statement?,AYAH_PREVIEW,أُولَٰئِكَ هُمُ الْوَارِثُونَ,Al-Mu'minun 23:10: Those are the inheritors.,An open garden gate onto a lush garden with rivers (the inheritors of Firdaws); no figures
ch15-three-questions.png,chapter-15-lesson-04.json,ch15-l04,1,15,Quran Reading Lab: Who Are “Those”?,CONCEPT,هٰؤُلَاءِ / أُولٰئِكَ,Three questions for every pointer,"A magnifying glass over an open Mushaf on a wooden stand, with three small marker tabs on the page; no readable lettering"
ch15-kahf-cave.png,chapter-15-lesson-04.json,ch15-l04,2,15,Quran Reading Lab: Who Are “Those”?,AYAH_PREVIEW,هَٰؤُلَاءِ قَوْمُنَا,"Al-Kahf 18:15: These, our people…",A cave mouth in rocky mountains at dawn; no figures
ch15-guests-doorway.png,chapter-15-lesson-04.json,ch15-l04,3,15,Quran Reading Lab: Who Are “Those”?,AYAH_PREVIEW,قَالَ إِنَّ هَٰؤُلَاءِ ضَيْفِي,"Al-Hijr 15:68: He said, ""Indeed, these are my guests.""","A welcoming doorway at dusk with lantern light and a tray of hospitality. The guests were angels, so no figures"
ch15-guidance-path.png,chapter-15-lesson-04.json,ch15-l04,4,15,Quran Reading Lab: Who Are “Those”?,AYAH_PREVIEW,أُولَٰئِكَ عَلَىٰ هُدًى مِّن رَّبِّهِمْ,Al-Baqarah 2:5: Those are upon guidance from their Lord.,A road at night lit ahead by a row of lanterns (those upon guidance); no figures
ch15-inheritors-garden.png,chapter-15-lesson-04.json,ch15-l04,5,15,Quran Reading Lab: Who Are “Those”?,AYAH_PREVIEW,أُولَٰئِكَ هُمُ الْوَارِثُونَ,Al-Mu'minun 23:10: Those are the inheritors.,An open garden gate onto a lush garden with rivers (the inheritors of Firdaws); no figures
ch15-quran-or-practice.png,chapter-15-lesson-04.json,ch15-l04,6,15,Quran Reading Lab: Who Are “Those”?,CONCEPT,هٰؤُلَاءِ طُلَّابٌ,Quran quotation or practice sentence?,"Two panels: left, an open Mushaf on a rahl; right, a student's practice notebook"
ch15-near-far-teachers.png,chapter-15-lesson-04.json,ch15-l04,7,15,Quran Reading Lab: Who Are “Those”?,CONTRAST,هٰؤُلَاءِ مُعَلِّمُونَ / أُولٰئِكَ مُعَلِّمُونَ,Transfer: a new group of people,"Two panels: left, a group of teachers close to the viewer; right, the same group far away"
ch15-four-pointers-grid.png,chapter-15-lesson-05-review.json,ch15-l05,1,15,Chapter 15 Review,CONCEPT,هٰذَا، هٰذِهِ، ذٰلِكَ، تِلْكَ، هٰؤُلَاءِ، أُولٰئِكَ,The whole pointing set,"A 2x2 grid: people near, people far, things near, things far (the same students and the same books in each)"
ch15-near-far-group.png,chapter-15-lesson-05-review.json,ch15-l05,2,15,Chapter 15 Review,CONTRAST,هٰؤُلَاءِ طُلَّابٌ / أُولٰئِكَ طُلَّابٌ,People: near and far,"Two panels: left, a learner pointing at a group of students right beside them; right, pointing at the same group far away"
ch15-near-far-books.png,chapter-15-lesson-05-review.json,ch15-l05,3,15,Chapter 15 Review,CONTRAST,هٰذِهِ كُتُبٌ / تِلْكَ كُتُبٌ,Things: near and far,"Two panels: left, a stack of books right in front; right, the same stack on a far shelf"
ch15-these-muslims.png,chapter-15-lesson-05-review.json,ch15-l05,4,15,Chapter 15 Review,CONTRAST,هٰؤُلَاءِ مُسْلِمُونَ / هٰؤُلَاءِ الْمُسْلِمُونَ,Statement or phrase,A near group of worshippers seen from behind in a mosque courtyard
ch15-guidance-path.png,chapter-15-lesson-05-review.json,ch15-l05,5,15,Chapter 15 Review,AYAH_PREVIEW,أُولَٰئِكَ عَلَىٰ هُدًى مِّن رَّبِّهِمْ,Al-Baqarah 2:5: Those are upon guidance from their Lord.,A road at night lit ahead by a row of lanterns (those upon guidance); no figures
ch15-guests-doorway.png,chapter-15-lesson-05-review.json,ch15-l05,6,15,Chapter 15 Review,AYAH_PREVIEW,قَالَ إِنَّ هَٰؤُلَاءِ ضَيْفِي,"Al-Hijr 15:68: He said, ""Indeed, these are my guests.""","A welcoming doorway at dusk with lantern light and a tray of hospitality. The guests were angels, so no figures"
ch15-four-pointers-grid.png,chapter-15-lesson-05-review.json,ch15-l05,7,15,Chapter 15 Review,CONCEPT,هٰؤُلَاءِ / أُولٰئِكَ / هٰذِهِ / تِلْكَ,Before you answer,"A 2x2 grid: people near, people far, things near, things far (the same students and the same books in each)"
ch16-known-school-things.png,chapter-16-lesson-01.json,ch16-l01,1,16,In the Learning Space,CONCEPT,مَدْرَسَةٌ، كِتَابٌ، قَلَمٌ,What you already know,A school building with a book and a pen in the foreground (the three words already known)
ch16-classroom.png,chapter-16-lesson-01.json,ch16-l01,2,16,In the Learning Space,WORD,فَصْلٌ,a classroom,"An empty, tidy classroom: desks in rows, a board at the front, a window with daylight"
ch16-book-on-desk.png,chapter-16-lesson-01.json,ch16-l01,5,16,In the Learning Space,EXAMPLE,الْكِتَابُ عَلَى الْمَكْتَبِ,The book is on the desk.,A book lying on a wooden desk
ch16-pen-on-notebook.png,chapter-16-lesson-01.json,ch16-l01,6,16,In the Learning Space,EXAMPLE,أَيْنَ الْقَلَمُ؟,Where is the pen?,A pen lying on a closed notebook on a desk
ch16-room-and-lesson.png,chapter-16-lesson-01.json,ch16-l01,7,16,In the Learning Space,CONTRAST,فَصْلٌ / دَرْسٌ,The room and what is taught in it,"Two panels: left, the empty classroom (the room); right, a board with simple diagram shapes and an open book (what is taught)"
ch16-one-many-students.png,chapter-16-lesson-02.json,ch16-l02,2,16,"Teacher, Student, and Lesson",CONTRAST,طَالِبٌ / طُلَّابٌ,"One student, several students","Two panels: left, one student with a school bag; right, several students together"
ch16-teacher-in-classroom.png,chapter-16-lesson-02.json,ch16-l02,4,16,"Teacher, Student, and Lesson",EXAMPLE,الْأُسْتَاذُ فِي الْفَصْلِ,The teacher is in the classroom.,A teacher standing at the front of the classroom beside the board
ch16-students-at-school.png,chapter-16-lesson-02.json,ch16-l02,5,16,"Teacher, Student, and Lesson",EXAMPLE,الطُّلَّابُ فِي الْمَدْرَسَةِ,The students are in the school.,Students walking through the gate of a school building
ch16-new-lesson.png,chapter-16-lesson-02.json,ch16-l02,6,16,"Teacher, Student, and Lesson",EXAMPLE,الدَّرْسُ جَدِيدٌ,The lesson is new.,A notebook opened to a fresh page beside a book opened at a new chapter
ch16-teacher-and-students.png,chapter-16-lesson-02.json,ch16-l02,7,16,"Teacher, Student, and Lesson",EXAMPLE,الْأُسْتَاذُ وَالطُّلَّابُ فِي الْفَصْلِ,The teacher and the students are in the classroom.,"A teacher at the front and students at their desks, all in one classroom"
ch16-learning-light.png,chapter-16-lesson-02.json,ch16-l02,8,16,"Teacher, Student, and Lesson",AYAH_PREVIEW,عَلَّمَ الْإِنسَانَ مَا لَمْ يَعْلَمْ,Al-Alaq 96:5: He taught humankind what it did not know.,An open book with soft light rising from its pages (knowledge given); no figures
ch16-yesterday-tomorrow.png,chapter-16-lesson-03.json,ch16-l03,4,16,"Yesterday, Today, Tomorrow",CONTRAST,أَمْسِ / غَدًا,"Urdu has one کل, Arabic has two","Two panels: left, a calendar page turned back under a setting sun (yesterday); right, the next page under a rising sun (tomorrow)"
ch16-went-to-school-yesterday.png,chapter-16-lesson-03.json,ch16-l03,5,16,"Yesterday, Today, Tomorrow",EXAMPLE,ذَهَبَ الطَّالِبُ إِلَى الْمَدْرَسَةِ أَمْسِ,The student went to the school yesterday.,"A student walking to school, with a torn-off calendar page drifting behind to mark the past"
ch16-lesson-today.png,chapter-16-lesson-03.json,ch16-l03,6,16,"Yesterday, Today, Tomorrow",EXAMPLE,الدَّرْسُ الْيَوْمَ,The lesson is today.,The classroom in full daylight with today's calendar square highlighted on the wall
ch16-lesson-tomorrow.png,chapter-16-lesson-03.json,ch16-l03,7,16,"Yesterday, Today, Tomorrow",EXAMPLE,الدَّرْسُ غَدًا,The lesson is tomorrow.,"A school bag and books packed by the door at night, sunrise just showing in the window"
ch16-tomorrow-plans.png,chapter-16-lesson-03.json,ch16-l03,8,16,"Yesterday, Today, Tomorrow",AYAH_PREVIEW,وَلَا تَقُولَنَّ لِشَيْءٍ إِنِّي فَاعِلٌ ذَٰلِكَ غَدًا,"Al-Kahf 18:23: And never say of anything, ""I will surely do that tomorrow,""","An open planner at night turned to tomorrow's page, the first light of dawn on the horizon"
ch16-four-instructions.png,chapter-16-lesson-04.json,ch16-l04,1,16,Listen and Respond in Class,CONCEPT,اِفْتَحْ، اِقْرَأْ، اُكْتُبْ، اُنْظُرْ,Instructions to one learner,"Four panels: opening a book, reading, writing in a notebook, looking up at the teacher"
ch16-open-the-book.png,chapter-16-lesson-04.json,ch16-l04,2,16,Listen and Respond in Class,WORD,اِفْتَحِ الْكِتَابَ,Open the book.,A student's hands opening a book
ch16-read.png,chapter-16-lesson-04.json,ch16-l04,3,16,Listen and Respond in Class,WORD,اِقْرَأْ,Read.,A student reading an open book aloud
ch16-write-in-notebook.png,chapter-16-lesson-04.json,ch16-l04,4,16,Listen and Respond in Class,WORD,اُكْتُبْ فِي الدَّفْتَرِ,Write in the notebook.,A student's hand writing in a notebook
ch16-look-at-teacher.png,chapter-16-lesson-04.json,ch16-l04,5,16,Listen and Respond in Class,WORD,اُنْظُرْ إِلَى الْأُسْتَاذِ,Look at the teacher.,A student looking up from the desk toward the teacher at the board
ch16-open-vs-write.png,chapter-16-lesson-04.json,ch16-l04,7,16,Listen and Respond in Class,CONTRAST,اِفْتَحْ / اُكْتُبْ,The first vowel belongs to the word,"Two panels: left, hands opening a book; right, a hand writing in a notebook"
ch16-yes-teacher.png,chapter-16-lesson-04.json,ch16-l04,8,16,Listen and Respond in Class,EXAMPLE,نَعَمْ يَا أُسْتَاذُ,"Yes, teacher.",A student raising a hand and answering the teacher
ch16-iqra-cave-light.png,chapter-16-lesson-04.json,ch16-l04,9,16,Listen and Respond in Class,AYAH_PREVIEW,اقْرَأْ بِاسْمِ رَبِّكَ الَّذِي خَلَقَ,Al-Alaq 96:1: Read in the name of your Lord who created.,A cave high on a mountain at night with gentle light at its mouth (Hira); no figures
ch16-classroom.png,chapter-16-lesson-05-review.json,ch16-l05,1,16,Chapter 16 Review,CONCEPT,فَصْلٌ، مَكْتَبٌ، دَفْتَرٌ,The classroom,"An empty, tidy classroom: desks in rows, a board at the front, a window with daylight"
ch16-teacher-and-students.png,chapter-16-lesson-05-review.json,ch16-l05,2,16,Chapter 16 Review,CONCEPT,أُسْتَاذٌ، طَالِبٌ، دَرْسٌ,The people and the lesson,"A teacher at the front and students at their desks, all in one classroom"
ch16-teacher-and-students.png,chapter-16-lesson-05-review.json,ch16-l05,3,16,Chapter 16 Review,EXAMPLE,الْأُسْتَاذُ وَالطُّلَّابُ فِي الْفَصْلِ,The teacher and the students are in the classroom.,"A teacher at the front and students at their desks, all in one classroom"
ch16-three-days.png,chapter-16-lesson-05-review.json,ch16-l05,4,16,Chapter 16 Review,CONCEPT,أَمْسِ، الْيَوْمَ، غَدًا,When,"Three panels in a row: sunset (yesterday), midday sun (today), sunrise (tomorrow)"
ch16-four-instructions.png,chapter-16-lesson-05-review.json,ch16-l05,5,16,Chapter 16 Review,CONCEPT,اِفْتَحْ، اِقْرَأْ، اُكْتُبْ، اُنْظُرْ,Instructions,"Four panels: opening a book, reading, writing in a notebook, looking up at the teacher"
ch17-boy-ate-bread.png,chapter-17-lesson-01.json,ch17-l01,3,17,Eating and Drinking,EXAMPLE,أَكَلَ الْوَلَدُ الْخُبْزَ,The boy ate the bread.,A boy eating a round flatbread at a table
ch17-boy-drank-water.png,chapter-17-lesson-01.json,ch17-l01,5,17,Eating and Drinking,EXAMPLE,شَرِبَ الْوَلَدُ الْمَاءَ,The boy drank the water.,A boy drinking a glass of water
ch17-girl-drank-water.png,chapter-17-lesson-01.json,ch17-l01,6,17,Eating and Drinking,EXAMPLE,شَرِبَتِ الْبِنْتُ الْمَاءَ,The girl drank the water.,A girl drinking a glass of water
ch17-wolf-and-shirt.png,chapter-17-lesson-01.json,ch17-l01,7,17,Eating and Drinking,AYAH_PREVIEW,فَأَكَلَهُ الذِّئْبُ,Yusuf 12:17: …and a wolf ate him.,"A wolf in the distance near a desert well at dusk, a torn shirt on the ground. No people (the story is of a prophet)"
ch17-river-test.png,chapter-17-lesson-01.json,ch17-l01,8,17,Eating and Drinking,AYAH_PREVIEW,فَمَن شَرِبَ مِنْهُ فَلَيْسَ مِنِّي,Al-Baqarah 2:249: So whoever drinks from it is not of me.,A clear river crossing a dry plain; no people
ch17-student-read-book.png,chapter-17-lesson-02.json,ch17-l02,2,17,Reading and Writing,EXAMPLE,قَرَأَ الطَّالِبُ الْكِتَابَ,The student read the book.,A student closing a book they have just finished reading
ch17-instruction-or-report.png,chapter-17-lesson-02.json,ch17-l02,3,17,Reading and Writing,CONTRAST,اِقْرَأْ / قَرَأَ,An instruction or a report?,"Two panels: left, a teacher's open hand gesturing toward a book (an instruction); right, a student closing a finished book (a report of what happened)"
ch17-student-wrote-lesson.png,chapter-17-lesson-02.json,ch17-l02,5,17,Reading and Writing,EXAMPLE,كَتَبَ الطَّالِبُ الدَّرْسَ,The student wrote the lesson.,"A student with a notebook full of neat writing, pen set down"
ch17-girl-wrote-lesson.png,chapter-17-lesson-02.json,ch17-l02,6,17,Reading and Writing,EXAMPLE,كَتَبَتِ الطَّالِبَةُ الدَّرْسَ,The female student wrote the lesson.,"A girl student with a notebook full of neat writing, pen set down"
ch17-decreed-scroll.png,chapter-17-lesson-02.json,ch17-l02,7,17,Reading and Writing,AYAH_PREVIEW,كَتَبَ اللَّهُ لَأَغْلِبَنَّ أَنَا وَرُسُلِي,"Al-Mujadilah 58:21: Allah has decreed: ""I will surely prevail, I and My messengers.""",A sealed scroll with a ribbon under soft light; no figures
ch17-student-stood-up.png,chapter-17-lesson-03.json,ch17-l03,2,17,"Standing, and an Action Sentence",EXAMPLE,قَامَ الطَّالِبُ,The student stood up.,A student standing up from a desk in class
ch17-stood-vs-read.png,chapter-17-lesson-03.json,ch17-l03,3,17,"Standing, and an Action Sentence",CONTRAST,قَامَ الطَّالِبُ / قَرَأَ الطَّالِبُ الْكِتَابَ,"With an object, without one","Two panels: left, a student standing up (no object); right, a student reading a book (with an object)"
ch17-girl-stood-up.png,chapter-17-lesson-03.json,ch17-l03,4,17,"Standing, and an Action Sentence",EXAMPLE,قَامَتِ الطَّالِبَةُ,The female student stood up.,A girl student standing up from her desk in class
ch17-boy-stood-went-mosque.png,chapter-17-lesson-03.json,ch17-l03,6,17,"Standing, and an Action Sentence",EXAMPLE,قَامَ الْوَلَدُ وَذَهَبَ إِلَى الْمَسْجِدِ,The boy stood up and went to the mosque.,"Two steps in one scene: a boy rising from a floor cushion, then the same boy walking toward a mosque"
ch17-standing-in-prayer-night.png,chapter-17-lesson-03.json,ch17-l03,7,17,"Standing, and an Action Sentence",AYAH_PREVIEW,وَأَنَّهُ لَمَّا قَامَ عَبْدُ اللَّهِ يَدْعُوهُ,"Al-Jinn 72:19: And when the servant of Allah stood up, calling upon Him,","A prayer mat at night under stars with a small lamp's glow. The ayah is about the Prophet (peace be upon him), so no figure"
ch17-man-prayed-mosque.png,chapter-17-lesson-04.json,ch17-l04,2,17,Prayer and Movement,EXAMPLE,صَلَّى الرَّجُلُ فِي الْمَسْجِدِ,The man prayed in the mosque.,"A man praying in a mosque, seen from behind"
ch17-he-she-prayed.png,chapter-17-lesson-04.json,ch17-l04,3,17,Prayer and Movement,CONTRAST,صَلَّى / صَلَّتْ,Learn the pair,"Two panels: left, a man praying; right, a woman in modest dress praying. Both seen from behind"
ch17-girl-prayed.png,chapter-17-lesson-04.json,ch17-l04,4,17,Prayer and Movement,EXAMPLE,صَلَّتِ الْبِنْتُ,The girl prayed.,"A girl in modest dress praying on a prayer mat, seen from behind"
ch17-man-went-vs-to-mosque.png,chapter-17-lesson-04.json,ch17-l04,5,17,Prayer and Movement,CONTRAST,ذَهَبَ الرَّجُلُ / ذَهَبَ الرَّجُلُ إِلَى الْمَسْجِدِ,Where to is optional,"Two panels: left, a man walking along a road (no destination shown); right, the same man walking up to a mosque"
ch17-empty-prayer-mat.png,chapter-17-lesson-04.json,ch17-l04,6,17,Prayer and Movement,AYAH_PREVIEW,فَلَا صَدَّقَ وَلَا صَلَّىٰ,Al-Qiyamah 75:31: He neither believed nor prayed.,A rolled prayer mat left unused in a dusty corner
ch17-went-to-family.png,chapter-17-lesson-04.json,ch17-l04,7,17,Prayer and Movement,AYAH_PREVIEW,ثُمَّ ذَهَبَ إِلَىٰ أَهْلِهِ يَتَمَطَّىٰ,"Al-Qiyamah 75:33: Then he went to his family, swaggering.",A path leading to a house with lit windows at dusk; no figures
ch17-student-heard-teacher.png,chapter-17-lesson-05.json,ch17-l05,2,17,"Hearing, and Who Did What",EXAMPLE,سَمِعَ الطَّالِبُ الْأُسْتَاذَ,The student heard the teacher.,"A student listening closely while the teacher speaks at the front, small sound-wave lines from teacher to student"
ch17-student-heard-teacher.png,chapter-17-lesson-05.json,ch17-l05,3,17,"Hearing, and Who Did What",CONCEPT,سَمِعَ الطَّالِبُ الْأُسْتَاذَ,"Action, doer, object","A student listening closely while the teacher speaks at the front, small sound-wave lines from teacher to student"
ch17-girl-heard-teacher.png,chapter-17-lesson-05.json,ch17-l05,4,17,"Hearing, and Who Did What",EXAMPLE,سَمِعَتِ الْبِنْتُ الْأُسْتَاذَ,The girl heard the teacher.,"A girl student listening closely while the teacher speaks, small sound-wave lines from teacher to her"
ch17-what-did-he-do.png,chapter-17-lesson-05.json,ch17-l05,6,17,"Hearing, and Who Did What",EXAMPLE,مَاذَا فَعَلَ الطَّالِبُ؟,What did the student do?,"A student beside a just-closed book, an empty question bubble above"
ch17-heard-plea.png,chapter-17-lesson-05.json,ch17-l05,7,17,"Hearing, and Who Did What",AYAH_PREVIEW,قَدْ سَمِعَ اللَّهُ قَوْلَ الَّتِي تُجَادِلُكَ فِي زَوْجِهَا,Al-Mujadilah 58:1: Allah has heard the words of the woman who pleads with you about her husband.,A quiet courtyard doorway with soft sound-wave lines rising upward to the sky; no figures
ch17-seven-actions.png,chapter-17-lesson-06-review.json,ch17-l06,1,17,Chapter 17 Review,CONCEPT,أَكَلَ، شَرِبَ، قَرَأَ، كَتَبَ، قَامَ، صَلَّى، سَمِعَ,Seven past actions,"Seven small icons in a grid: eating, drinking, reading, writing, standing, praying, hearing"
ch17-student-heard-teacher.png,chapter-17-lesson-06-review.json,ch17-l06,2,17,Chapter 17 Review,CONCEPT,سَمِعَ الطَّالِبُ الْأُسْتَاذَ,Three questions,"A student listening closely while the teacher speaks at the front, small sound-wave lines from teacher to student"
ch17-object-or-destination.png,chapter-17-lesson-06-review.json,ch17-l06,3,17,Chapter 17 Review,CONTRAST,قَرَأَ الطَّالِبُ الْكِتَابَ / ذَهَبَ الرَّجُلُ إِلَى الْمَسْجِدِ,An object or a destination,"Two panels: left, a student reading a book (an object); right, a man walking to a mosque (a destination)"
ch17-she-drank-she-prayed.png,chapter-17-lesson-06-review.json,ch17-l06,4,17,Chapter 17 Review,CONTRAST,شَرِبَتْ / صَلَّتْ,"The ـتْ clue, read with care","Two panels: left, a girl drinking water; right, a girl praying"
ch17-context-meanings.png,chapter-17-lesson-06-review.json,ch17-l06,5,17,Chapter 17 Review,CONCEPT,كَتَبَ / شَرِبَ / صَلَّى,Meaning in context,"Three panels: writing in a notebook, drinking water, praying"
ch17-balance-scale.png,chapter-17-lesson-06-review.json,ch17-l06,6,17,Chapter 17 Review,AYAH_PREVIEW,لَهَا مَا كَسَبَتْ وَعَلَيْهَا مَا اكْتَسَبَتْ,"Al-Baqarah 2:286: It will have the good it has earned, and it will bear the evil it has earned.",A simple balance scale in soft light
ch18-whisper-shadow.png,chapter-18-lesson-01.json,ch18-l01,2,18,Who Does الَّذِي Describe?,AYAH_PREVIEW,مِن شَرِّ الْوَسْوَاسِ الْخَنَّاسِ,"An-Nas 114:4: from the evil of the whisperer who withdraws,",A dark wisp of smoke-like shadow slipping back from the light of a lamp. Never draw a devil or creature
ch18-whisper-hearts.png,chapter-18-lesson-01.json,ch18-l01,6,18,Who Does الَّذِي Describe?,AYAH_PREVIEW,الَّذِي يُوَسْوِسُ فِي صُدُورِ النَّاسِ,"An-Nas 114:5: who whispers into the chests of mankind,",A lamp-lit room at night with faint drifting wisps; no figures and no creature
ch18-four-jobs.png,chapter-18-lesson-01.json,ch18-l01,8,18,Who Does الَّذِي Describe?,CONCEPT,اسْمٌ، صِفَةٌ، اسْمٌ مَوْصُولٌ، فِعْلٌ,Four jobs across two ayat,"Four tiles: an object (a name), a colour swatch (a describing word), a chain link (a connector), a motion arrow (an action)"
ch18-the-man-who-went.png,chapter-18-lesson-02.json,ch18-l02,1,18,The Noun or a Noun?,EXAMPLE,الرَّجُلُ الَّذِي ذَهَبَ إِلَى الْمَسْجِدِ,the man who went to the mosque,"Among several men standing in a street, one specific man is highlighted by a soft glow as he walks into a mosque"
ch18-a-man-who-went.png,chapter-18-lesson-02.json,ch18-l02,2,18,The Noun or a Noun?,EXAMPLE,رَجُلٌ ذَهَبَ إِلَى الْمَسْجِدِ,a man who went to the mosque,"A plain, unhighlighted man walking into a mosque (any man)"
ch18-the-vs-a-man.png,chapter-18-lesson-02.json,ch18-l02,3,18,The Noun or a Noun?,CONTRAST,الرَّجُلُ الَّذِي ذَهَبَ / رَجُلٌ ذَهَبَ,The man who… / A man who…,"Two panels: left, the highlighted man walking into the mosque (the man who went); right, the plain man (a man who went)"
ch18-the-girl-who-read.png,chapter-18-lesson-02.json,ch18-l02,4,18,The Noun or a Noun?,EXAMPLE,الْبِنْتُ الَّتِي قَرَأَتِ الْكِتَابَ,the girl who read the book,"Among several girls, one specific girl is highlighted, holding a book she has finished"
ch18-a-girl-who-read.png,chapter-18-lesson-02.json,ch18-l02,5,18,The Noun or a Noun?,EXAMPLE,بِنْتٌ قَرَأَتِ الْكِتَابَ,a girl who read the book,"A plain, unhighlighted girl holding a book she has finished"
ch18-a-man-who-went.png,chapter-18-lesson-02.json,ch18-l02,6,18,The Noun or a Noun?,EXAMPLE,هٰذَا رَجُلٌ ذَهَبَ إِلَى الْمَسْجِدِ,This is a man who went to the mosque.,"A plain, unhighlighted man walking into a mosque (any man)"
ch18-whisper-shadow.png,chapter-18-lesson-02.json,ch18-l02,7,18,The Noun or a Noun?,AYAH_PREVIEW,مِن شَرِّ الْوَسْوَاسِ الْخَنَّاسِ,"An-Nas 114:4: from the evil of the whisperer who withdraws,",A dark wisp of smoke-like shadow slipping back from the light of a lamp. Never draw a devil or creature
ch18-big-mosque.png,chapter-18-lesson-03.json,ch18-l03,1,18,Adjective or Clause?,EXAMPLE,الْمَسْجِدُ الْكَبِيرُ,the big mosque,One big mosque with a large dome and a tall minaret
ch18-mosque-in-village.png,chapter-18-lesson-03.json,ch18-l03,2,18,Adjective or Clause?,EXAMPLE,الْمَسْجِدُ الَّذِي فِي الْقَرْيَةِ,the mosque that is in the village,A small mosque set inside a village among houses and trees
ch18-big-vs-village-mosque.png,chapter-18-lesson-03.json,ch18-l03,3,18,Adjective or Clause?,CONTRAST,الْمَسْجِدُ الْكَبِيرُ / الْمَسْجِدُ الَّذِي فِي الْقَرْيَةِ,One word or a description,"Two panels: left, the big mosque; right, the mosque in the village"
ch18-action-or-place.png,chapter-18-lesson-03.json,ch18-l03,4,18,Adjective or Clause?,CONCEPT,الَّذِي ذَهَبَ / الَّذِي فِي الْقَرْيَةِ,After الَّذِي: an action or a place,"Two panels: left, a man walking away down a road (an action); right, a mosque inside a village (a place)"
ch18-new-book-vs-book-on-desk.png,chapter-18-lesson-03.json,ch18-l03,5,18,Adjective or Clause?,CONTRAST,الْكِتَابُ الْجَدِيدُ / الْكِتَابُ الَّذِي عَلَى الْمَكْتَبِ,The book: adjective or description,"Two panels: left, a brand-new book; right, an ordinary book lying on a desk"
ch18-big-mosque.png,chapter-18-lesson-03.json,ch18-l03,6,18,Adjective or Clause?,CONTRAST,الْمَسْجِدُ الْكَبِيرُ / الْمَسْجِدُ كَبِيرٌ,A description or a sentence,One big mosque with a large dome and a tall minaret
ch18-whisper-shadow.png,chapter-18-lesson-03.json,ch18-l03,7,18,Adjective or Clause?,AYAH_PREVIEW,مِن شَرِّ الْوَسْوَاسِ الْخَنَّاسِ,"An-Nas 114:4: from the evil of the whisperer who withdraws,",A dark wisp of smoke-like shadow slipping back from the light of a lamp. Never draw a devil or creature
ch18-whisper-hearts.png,chapter-18-lesson-03.json,ch18-l03,8,18,Adjective or Clause?,AYAH_PREVIEW,الَّذِي يُوَسْوِسُ فِي صُدُورِ النَّاسِ,"An-Nas 114:5: who whispers into the chests of mankind,",A lamp-lit room at night with faint drifting wisps; no figures and no creature
ch18-evil-of-creation.png,chapter-18-lesson-03.json,ch18-l03,9,18,Adjective or Clause?,AYAH_PREVIEW,مِن شَرِّ مَا خَلَقَ,"Al-Falaq 113:2: from the evil of what He created,",A lantern glowing at the edge of a dark forest at night (refuge from harm); no creatures
ch18-the-girl-who-read.png,chapter-18-lesson-04.json,ch18-l04,1,18,The Feminine Relative in Context,CONCEPT,الْبِنْتُ الَّتِي قَرَأَتِ الْكِتَابَ,Recall: الَّتِي for a feminine noun,"Among several girls, one specific girl is highlighted, holding a book she has finished"
ch18-school-in-village.png,chapter-18-lesson-04.json,ch18-l04,2,18,The Feminine Relative in Context,EXAMPLE,الْمَدْرَسَةُ الَّتِي فِي الْقَرْيَةِ,the school that is in the village,A school building inside a village among houses and trees
ch18-mosque-and-school-village.png,chapter-18-lesson-04.json,ch18-l04,3,18,The Feminine Relative in Context,CONTRAST,الْمَسْجِدُ الَّذِي / الْمَدْرَسَةُ الَّتِي,The noun decides,"Two panels: left, the mosque in the village; right, the school in the village"
ch18-he-who-she-who-went.png,chapter-18-lesson-04.json,ch18-l04,4,18,The Feminine Relative in Context,CONTRAST,الَّذِي ذَهَبَ / الَّتِي ذَهَبَتْ,Standing on its own,"Two panels: left, a man walking out through a door; right, a woman in modest dress walking out through a door"
ch17-heard-plea.png,chapter-18-lesson-04.json,ch18-l04,5,18,The Feminine Relative in Context,AYAH_PREVIEW,قَدْ سَمِعَ اللَّهُ قَوْلَ الَّتِي تُجَادِلُكَ فِي زَوْجِهَا,Al-Mujadilah 58:1: Allah has heard the words of the woman who pleads with you about her husband.,A quiet courtyard doorway with soft sound-wave lines rising upward to the sky; no figures
ch18-girl-stood-hardworking.png,chapter-18-lesson-04.json,ch18-l04,6,18,The Feminine Relative in Context,EXAMPLE,الطَّالِبَةُ الَّتِي قَامَتْ مُجْتَهِدَةٌ,The female student who stood up is hardworking.,"In a class of girls, one stands up holding a notebook full of work"
ch18-knots-rope.png,chapter-18-lesson-04.json,ch18-l04,7,18,The Feminine Relative in Context,AYAH_PREVIEW,وَمِن شَرِّ النَّفَّاثَاتِ فِي الْعُقَدِ,"Al-Falaq 113:4: and from the evil of those who blow on knots,",A rope with several tight knots tied along it; no people
ch18-knots-rope.png,chapter-18-lesson-04.json,ch18-l04,8,18,The Feminine Relative in Context,WORD,الْعُقَدُ,knots,A rope with several tight knots tied along it; no people
ch18-book-on-desk-new.png,chapter-18-lesson-05.json,ch18-l05,1,18,Read the Whole Sentence,CONTRAST,الْكِتَابُ جَدِيدٌ / الْكِتَابُ الَّذِي عَلَى الْمَكْتَبِ جَدِيدٌ,"Same statement, with and without a description","A brand-new book lying on a desk, older books nearby"
ch18-book-on-desk-new.png,chapter-18-lesson-05.json,ch18-l05,2,18,Read the Whole Sentence,CONCEPT,الْكِتَابُ الَّذِي عَلَى الْمَكْتَبِ جَدِيدٌ,Three parts,"A brand-new book lying on a desk, older books nearby"
ch18-man-stood-teacher.png,chapter-18-lesson-05.json,ch18-l05,3,18,Read the Whole Sentence,EXAMPLE,الرَّجُلُ الَّذِي قَامَ أُسْتَاذٌ,The man who stood up is a teacher.,"In a room of seated people, one man stands up; he is the teacher, with a book in hand"
ch18-girl-went-school-student.png,chapter-18-lesson-05.json,ch18-l05,4,18,Read the Whole Sentence,EXAMPLE,الْبِنْتُ الَّتِي ذَهَبَتْ إِلَى الْمَدْرَسَةِ طَالِبَةٌ,The girl who went to the school is a student.,A girl with a school bag walking through a school gate
ch18-man-stood-teacher.png,chapter-18-lesson-05.json,ch18-l05,5,18,Read the Whole Sentence,EXAMPLE,الرَّجُلُ الَّذِي قَامَ,the man who stood up,"In a room of seated people, one man stands up; he is the teacher, with a book in hand"
ch18-who-stood-question.png,chapter-18-lesson-05.json,ch18-l05,6,18,Read the Whole Sentence,EXAMPLE,مَنِ الرَّجُلُ الَّذِي قَامَ؟,Who is the man who stood up?,"A seated class with one man standing, an empty question bubble above the room"
ch18-whisper-hearts.png,chapter-18-lesson-05.json,ch18-l05,7,18,Read the Whole Sentence,AYAH_PREVIEW,الَّذِي يُوَسْوِسُ فِي صُدُورِ النَّاسِ,"An-Nas 114:5: who whispers into the chests of mankind,",A lamp-lit room at night with faint drifting wisps; no figures and no creature
ch18-refuge-shelter.png,chapter-18-lesson-06-review.json,ch18-l06,1,18,An-Nas and Chapter 18 Review,AYAH_PREVIEW,قُلْ أَعُوذُ بِرَبِّ النَّاسِ,"An-Nas 114:1: Say, ""I seek refuge in the Lord of mankind,","A sturdy, lit stone shelter at night amid strong wind and blowing leaves; no figures"
ch18-king-of-mankind.png,chapter-18-lesson-06-review.json,ch18-l06,4,18,An-Nas and Chapter 18 Review,AYAH_PREVIEW,مَلِكِ النَّاسِ,"An-Nas 114:2: the King of mankind,","A vast, diverse crowd of people seen from behind under a wide dawn sky. Nothing that pictures Allah"
ch18-whisper-hearts.png,chapter-18-lesson-06-review.json,ch18-l06,5,18,An-Nas and Chapter 18 Review,AYAH_PREVIEW,الَّذِي يُوَسْوِسُ فِي صُدُورِ النَّاسِ,"An-Nas 114:5: who whispers into the chests of mankind,",A lamp-lit room at night with faint drifting wisps; no figures and no creature
ch18-jinn-and-mankind.png,chapter-18-lesson-06-review.json,ch18-l06,6,18,An-Nas and Chapter 18 Review,AYAH_PREVIEW,مِنَ الْجِنَّةِ وَالنَّاسِ,"An-Nas 114:6: from among the jinn and mankind.""",A flame of smokeless fire on one side and a crowd of people seen from behind on the other; no creature drawn in the flame
ch18-four-lines-summary.png,chapter-18-lesson-06-review.json,ch18-l06,8,18,An-Nas and Chapter 18 Review,CONCEPT,الرَّجُلُ الَّذِي / رَجُلٌ / الَّتِي / الْكَبِيرُ,The chapter in four lines,"Four stacked strips: the highlighted man who went, a plain man, the highlighted girl who went, the big mosque"
ch19-lord-of-worlds.png,chapter-19-lesson-01.json,ch19-l01,2,19,Kasra or “My”?,AYAH_PREVIEW,الْحَمْدُ لِلَّهِ رَبِّ الْعَالَمِينَ,"Al-Fatiha 1:2: All praise is for Allah, Lord of the worlds.","Earth, planets and stars under a vast sky; no figures"
ch19-daybreak.png,chapter-19-lesson-01.json,ch19-l01,3,19,Kasra or “My”?,AYAH_PREVIEW,قُلْ أَعُوذُ بِرَبِّ الْفَلَقِ,"Al-Falaq 113:1: Say, ""I seek refuge in the Lord of daybreak,",Dawn light splitting the night over dark hills
ch19-subtle-kindness.png,chapter-19-lesson-01.json,ch19-l01,5,19,Kasra or “My”?,AYAH_PREVIEW,إِنَّ رَبِّي لَطِيفٌ لِّمَا يَشَاءُ,"Yusuf 12:100: Indeed, my Lord is subtle in what He wills.","A small green seedling growing through a crack in stone, touched by gentle light"
ch19-two-checks.png,chapter-19-lesson-01.json,ch19-l01,6,19,Kasra or “My”?,CONCEPT,رَبِّ … / رَبِّي,Two checks before you say my,"A magnifying glass over two cards side by side, one with a small highlighted mark at its end"
ch19-teachers-house-my-house.png,chapter-19-lesson-01.json,ch19-l01,7,19,Kasra or “My”?,CONTRAST,بَيْتُ الْأُسْتَاذِ / بَيْتِي,The same test on your own nouns,"Two panels: left, a teacher standing at the door of his house; right, a learner at the door of their own house, hand on chest (mine)"
ch19-after-him.png,chapter-19-lesson-02.json,ch19-l02,2,19,"Same Shape, Different Attachment",WORD,بَعْدَهُ,after him,"Two sets of footprints along a sandy path, the second set following the first"
ch19-messengers-succession.png,chapter-19-lesson-02.json,ch19-l02,3,19,"Same Shape, Different Attachment",AYAH_PREVIEW,وَقَفَّيْنَا مِن بَعْدِهِ بِالرُّسُلِ,"Al-Baqarah 2:87: and We sent messengers after him, one after another,",A long road with lanterns lit one after another into the distance. No figures (the ayah is about prophets)
ch19-supported-light.png,chapter-19-lesson-02.json,ch19-l02,4,19,"Same Shape, Different Attachment",AYAH_PREVIEW,وَأَيَّدْنَاهُ بِرُوحِ الْقُدُسِ,"Al-Baqarah 2:87: and We supported him with the Pure Spirit,",A beam of soft light descending from above onto an open book; no figures
ch19-his-book-heard-him.png,chapter-19-lesson-02.json,ch19-l02,5,19,"Same Shape, Different Attachment",CONTRAST,كِتَابُهُ / سَمِعَهُ,"His on a noun, him on an action","Two panels: left, a man holding his book; right, a student listening to that man speak"
ch17-student-heard-teacher.png,chapter-19-lesson-02.json,ch19-l02,6,19,"Same Shape, Different Attachment",EXAMPLE,سَمِعَهُ الطَّالِبُ,The student heard him.,"A student listening closely while the teacher speaks at the front, small sound-wave lines from teacher to student"
ch19-attached-to.png,chapter-19-lesson-02.json,ch19-l02,7,19,"Same Shape, Different Attachment",CONCEPT,بَعْدِهِ / أَيَّدْنَاهُ,Ask: what is it attached to?,"Two panels: left, a small tag clipped onto a book (attached to a thing); right, the same tag clipped onto a motion arrow (attached to an action)"
ch19-darkness-settles.png,chapter-19-lesson-02.json,ch19-l02,8,19,"Same Shape, Different Attachment",AYAH_PREVIEW,وَمِن شَرِّ غَاسِقٍ إِذَا وَقَبَ,"Al-Falaq 113:3: and from the evil of darkness when it settles,","Night darkness spreading over a quiet village, the last light fading"
ch19-my-your-his-school.png,chapter-19-lesson-03.json,ch19-l03,2,19,A Familiar Change in a New Word,CONCEPT,مَدْرَسَتِي، مَدْرَسَتُكَ، مَدْرَسَتُهُ,The ة opens into ت,Three people each standing proudly at the gate of their own school
ch19-his-village.png,chapter-19-lesson-03.json,ch19-l03,3,19,A Familiar Change in a New Word,CONTRAST,قَرْيَةٌ / قَرْيَتُهُ,A new noun: village,"A man standing at the gate of his village, looking in"
ch19-woman-his-wife.png,chapter-19-lesson-03.json,ch19-l03,4,19,A Familiar Change in a New Word,CONTRAST,امْرَأَةٌ / امْرَأَتُهُ,"Woman, and his wife","Two panels: left, a woman in modest dress; right, a husband and wife side by side in modest dress"
ch19-her-village-big.png,chapter-19-lesson-03.json,ch19-l03,5,19,A Familiar Change in a New Word,EXAMPLE,قَرْيَتُهَا كَبِيرَةٌ,Her village is big.,A woman in modest dress on a hill overlooking a large village
ch19-tent-doorway.png,chapter-19-lesson-03.json,ch19-l03,6,19,A Familiar Change in a New Word,AYAH_PREVIEW,وَامْرَأَتُهُ قَائِمَةٌ,Hud 11:71: And his wife was standing there.,"A tent doorway in the desert at dusk. The ayah is about Ibrahim's household, so no figures"
ch19-envy-wind.png,chapter-19-lesson-03.json,ch19-l03,7,19,A Familiar Change in a New Word,AYAH_PREVIEW,وَمِن شَرِّ حَاسِدٍ إِذَا حَسَدَ,"Al-Falaq 113:5: and from the evil of an envier when he envies.""",A lamp shielded from a dark gust of wind (refuge from envy); no figures
ch19-my-book-her-book.png,chapter-19-lesson-04.json,ch19-l04,1,19,Who Owns What in a Sentence?,CONCEPT,كِتَابِي / كِتَابُهَا,From the table to the sentence,"Two panels: left, a learner holding their own book, hand on chest; right, a girl holding her book"
ch19-my-her-book-on-desk.png,chapter-19-lesson-04.json,ch19-l04,2,19,Who Owns What in a Sentence?,CONTRAST,كِتَابِي عَلَى الْمَكْتَبِ / كِتَابُهَا عَلَى الْمَكْتَبِ,"My book, her book","A desk with two books side by side, one belonging to the learner and one to a girl beside it"
ch19-fatimah-new-book.png,chapter-19-lesson-04.json,ch19-l04,3,19,Who Owns What in a Sentence?,EXAMPLE,فَاطِمَةُ طَالِبَةٌ، كِتَابُهَا جَدِيدٌ,Fatimah is a student; her book is new.,A girl student (Fatimah) proudly holding a brand-new book
ch19-fatimah-pen-on-desk.png,chapter-19-lesson-04.json,ch19-l04,4,19,Who Owns What in a Sentence?,EXAMPLE,أَيْنَ قَلَمُكِ يَا فَاطِمَةُ؟,"Where is your pen, Fatimah?",A teacher asking; a girl student pointing to her pen lying on the desk
ch19-maryam-east-place.png,chapter-19-lesson-04.json,ch19-l04,6,19,Who Owns What in a Sentence?,AYAH_PREVIEW,وَاذْكُرْ فِي الْكِتَابِ مَرْيَمَ إِذِ انتَبَذَتْ مِنْ أَهْلِهَا,"Maryam 19:16: And mention in the Book Maryam, when she withdrew from her family,","A quiet palm grove to the east at dawn. The ayah is about Maryam, so no figures"
ch19-i-have-vs-my.png,chapter-19-lesson-05.json,ch19-l05,1,19,Possession in Quranic Context,CONTRAST,لِي كِتَابٌ / كِتَابِي,"I have, or my","Two panels: left, a book being handed to the learner (I have); right, the book held close with a blank name label (my book)"
ch19-my-religion.png,chapter-19-lesson-05.json,ch19-l05,2,19,Possession in Quranic Context,WORD,دِينِي,my religion,"A prayer mat, an open Mushaf and a tasbih arranged together"
ch19-two-paths.png,chapter-19-lesson-05.json,ch19-l05,3,19,Possession in Quranic Context,AYAH_PREVIEW,لَكُمْ دِينُكُمْ وَلِيَ دِينِ,"Al-Kafirun 109:6: For you is your religion, and for me is my religion.",Two separate paths leading in different directions from one point
ch19-my-religion.png,chapter-19-lesson-05.json,ch19-l05,4,19,Possession in Quranic Context,CONCEPT,دِينِي / دِينِ,"Special, not a new rule","A prayer mat, an open Mushaf and a tasbih arranged together"
ch19-two-paths.png,chapter-19-lesson-05.json,ch19-l05,5,19,Possession in Quranic Context,CONCEPT,لَكُمْ / دِينُكُمْ,The first half: a preview,Two separate paths leading in different directions from one point
ch19-you-have-vs-your.png,chapter-19-lesson-05.json,ch19-l05,6,19,Possession in Quranic Context,CONTRAST,لَكَ كِتَابٌ / كِتَابُكَ,"You have, or your","Two panels: left, a book being handed to a boy (you have); right, the boy holding it with a blank name label (your book)"
ch19-two-checks.png,chapter-19-lesson-06-review.json,ch19-l06,1,19,Chapter 19 Review,CONCEPT,رَبِّ / رَبِّي / أَيَّدْنَاهُ,Three questions for an ending,"A magnifying glass over two cards side by side, one with a small highlighted mark at its end"
ch19-his-book-heard-him.png,chapter-19-lesson-06-review.json,ch19-l06,2,19,Chapter 19 Review,CONTRAST,كِتَابُهُ / سَمِعَهُ,His or him,"Two panels: left, a man holding his book; right, a student listening to that man speak"
ch19-his-village.png,chapter-19-lesson-06-review.json,ch19-l06,3,19,Chapter 19 Review,CONTRAST,قَرْيَةٌ / قَرْيَتُهُ,The ة opens,"A man standing at the gate of his village, looking in"
ch19-daybreak.png,chapter-19-lesson-06-review.json,ch19-l06,4,19,Chapter 19 Review,AYAH_PREVIEW,قُلْ أَعُوذُ بِرَبِّ الْفَلَقِ,"Al-Falaq 113:1: Say, ""I seek refuge in the Lord of daybreak,",Dawn light splitting the night over dark hills
ch19-falaq-five.png,chapter-19-lesson-06-review.json,ch19-l06,5,19,Chapter 19 Review,CONCEPT,سُورَةُ الْفَلَقِ,"Al-Falaq, all five ayat","Five-panel strip for Al-Falaq: daybreak, a dark forest (what He created), darkness settling, a knotted rope, a lamp shielded from wind"
ch20-we-our-group.png,chapter-20-lesson-01.json,ch20-l01,1,20,"Chapter 20",CONCEPT,"نَحْنُ / ـنَا","From we to our","A small group of students standing together, one of them gesturing to the whole group while holding up a shared book: we, and something that is ours"
ch20-my-book-our-book.png,chapter-20-lesson-01.json,ch20-l01,2,20,"Chapter 20",CONTRAST,"كِتَابِي / كِتَابُنَا","One speaker, a group speaking","Two panels: left, one learner holding a book to their chest (my book); right, the same book held up together by a group of three learners (our book)"
ch20-our-house.png,chapter-20-lesson-01.json,ch20-l01,3,20,"Chapter 20",WORD,"بَيْتُنَا","our house","A family of four standing together in front of their own house, the father's hand on the gate"
ch20-our-big-school.png,chapter-20-lesson-01.json,ch20-l01,4,20,"Chapter 20",EXAMPLE,"مَدْرَسَتُنَا كَبِيرَةٌ","Our school is big.","A class of students in front of a large school building, pointing to it proudly: our school"
ch20-forgiveness-dua.png,chapter-20-lesson-01.json,ch20-l01,5,20,"Chapter 20",AYAH_PREVIEW,"رَبَّنَا فَاغْفِرْ لَنَا ذُنُوبَنَا","Ali 'Imran 3:193: Our Lord, so forgive us our sins","Several pairs of open hands raised together in supplication under a soft dawn sky; no faces"
ch20-owner-tag.png,chapter-20-lesson-01.json,ch20-l01,6,20,"Chapter 20",CONCEPT,"رَبَّنَا / ذُنُوبَنَا / كِتَابُنَا","The ending names the owner, not the vowel","A book with a small hanging name tag reading nothing, a magnifying glass over the tag rather than over the book's cover"
ch20-noun-or-action-na.png,chapter-20-lesson-01.json,ch20-l01,7,20,"Chapter 20",CONTRAST,"رَبَّنَا / سَمِعْنَا","Our on a noun, we on an action","Two panels: left, a group standing around a shared object with a small owner tag (our); right, the same group with a sound wave next to their ears (we heard)"
ch20-group-listeners.png,chapter-20-lesson-02.json,ch20-l02,2,20,"Chapter 20",CONCEPT,"كِتَابُكُمْ","Speaking to a group: ـكُمْ","A teacher speaking to a whole seated class of boys and girls, one open book held up towards the group"
ch20-your-houses.png,chapter-20-lesson-02.json,ch20-l02,3,20,"Chapter 20",WORD,"بُيُوتُكُمْ","your houses (to a group)","A row of family houses on a street, a speaker at the front addressing the families standing in their doorways"
ch20-mankind-lord.png,chapter-20-lesson-02.json,ch20-l02,4,20,"Chapter 20",AYAH_PREVIEW,"يَا أَيُّهَا النَّاسُ اتَّقُوا رَبَّكُمُ","An-Nisa 4:1: O mankind, fear your Lord","A vast, diverse crowd of people seen from behind under a wide sky at dawn; nothing that pictures Allah"
ch20-created-you.png,chapter-20-lesson-02.json,ch20-l02,5,20,"Chapter 20",CONTRAST,"رَبَّكُمُ / خَلَقَكُم","Your Lord, who created you","Two panels: left, a crowd seen from behind under the sky (your Lord); right, a seed growing into a small tree beside the crowd (who created you)"
ch20-your-school-group.png,chapter-20-lesson-02.json,ch20-l02,6,20,"Chapter 20",EXAMPLE,"مَدْرَسَتُكُمْ كَبِيرَةٌ","Your school is big. (to a group)","A teacher at a school gate speaking to a class gathered in front of the building"
ch20-speaking-to-group.png,chapter-20-lesson-02.json,ch20-l02,7,20,"Chapter 20",CONCEPT,"أَنْتُمْ / ـكُمْ","ـكُمْ points to the listeners","A speaker facing a group directly, speech lines pointing towards the whole group"
ch20-they-their-book.png,chapter-20-lesson-03.json,ch20-l03,1,20,"Chapter 20",CONTRAST,"هُمْ / كِتَابُهُمْ","From they to their","Two panels: left, a group of boys seen at a distance (they); right, the same group sharing one book (their book)"
ch20-their-house.png,chapter-20-lesson-03.json,ch20-l03,2,20,"Chapter 20",WORD,"بَيْتُهُمْ","their house (a male or mixed group)","A viewer pointing out a house across the street where a group of men lives"
ch20-your-vs-their-group.png,chapter-20-lesson-03.json,ch20-l03,3,20,"Chapter 20",CONTRAST,"كِتَابُكُمْ / كِتَابُهُمْ","Your group or their group?","Two panels: left, a speaker facing a group and handing them a book (your book); right, the speaker pointing at a distant group holding a book (their book)"
ch20-sound-after-kasra.png,chapter-20-lesson-03.json,ch20-l03,4,20,"Chapter 20",CONCEPT,"رَبُّهُمْ / رَبِّهِمْ","ـهُمْ after a kasra: ـهِمْ","Two matching tiles with a small curved arrow between them, the second tile marked with a tiny dot below: the same ending, softened"
ch20-reward-believers.png,chapter-20-lesson-03.json,ch20-l03,5,20,"Chapter 20",AYAH_PREVIEW,"لَهُمْ أَجْرُهُمْ عِندَ رَبِّهِمْ","Al-Baqarah 2:277: they will have their reward with their Lord","A group of worshippers seen from behind in rows at prayer, a warm light ahead of them; symbolic reward, no angels or faces"
ch20-who-are-they.png,chapter-20-lesson-03.json,ch20-l03,6,20,"Chapter 20",CONCEPT,"أَجْرُهُمْ","Who are they?","A list of good deeds (prayer mat, charity box, open Quran) on the left, with an arrow pointing to a group seen from behind on the right"
ch20-owners-not-thing.png,chapter-20-lesson-03.json,ch20-l03,7,20,"Chapter 20",CONTRAST,"كِتَابُهُمْ / مَدْرَسَتُهُمْ","The owners, not the thing","A book and a school building, both with the same small group-of-people tag hanging from them"
ch20-students-books-desk.png,chapter-20-lesson-03.json,ch20-l03,8,20,"Chapter 20",EXAMPLE,"الطُّلَّابُ فِي الْفَصْلِ، وَكُتُبُهُمْ عَلَى الْمَكْتَبِ","The students are in the classroom, and their books are on the desk.","Boys sitting in a classroom, their books piled together on the teacher's desk at the front"
ch20-your-book-women.png,chapter-20-lesson-04.json,ch20-l04,2,20,"Chapter 20",CONCEPT,"كِتَابُكُنَّ","ـكُنَّ: your, to a group of women","A female teacher handing one book to a group of women students"
ch20-houses-two-groups.png,chapter-20-lesson-04.json,ch20-l04,3,20,"Chapter 20",CONTRAST,"بُيُوتُكُمْ / بُيُوتُكُنَّ","Same houses, different listeners","Two panels: the same row of houses; left, a speaker addressing a mixed group; right, addressing a group of women"
ch20-recitation-home.png,chapter-20-lesson-04.json,ch20-l04,4,20,"Chapter 20",AYAH_PREVIEW,"وَاذْكُرْنَ مَا يُتْلَىٰ فِي بُيُوتِكُنَّ","Al-Ahzab 33:34: And remember what is recited in your houses","An open Mushaf on a stand in a quiet family home, soft light through a window; no figures"
ch20-listeners-decide.png,chapter-20-lesson-04.json,ch20-l04,5,20,"Chapter 20",CONCEPT,"بُيُوتُكُنَّ","The listeners decide, not the house","A house with two speech bubbles in front of it, one directed at a mixed group and one at a group of women"
ch20-women-students-books.png,chapter-20-lesson-04.json,ch20-l04,6,20,"Chapter 20",EXAMPLE,"يَا طَالِبَاتُ، أَيْنَ كُتُبُكُنَّ؟","Students (all women), where are your books?","A female teacher asking a group of women students where their books are; the students pointing at a shelf"
ch20-one-woman-group-women.png,chapter-20-lesson-04.json,ch20-l04,7,20,"Chapter 20",CONTRAST,"كِتَابُكِ / كِتَابُكُنَّ","One woman or a group of women","Two panels: left, a teacher handing a book to one woman; right, handing a book to a group of women"
ch20-their-book-women.png,chapter-20-lesson-05.json,ch20-l05,2,20,"Chapter 20",CONCEPT,"كِتَابُهُنَّ","ـهُنَّ: their, a group of women","A group of women students seen from a distance, sharing one book"
ch20-book-owners-change.png,chapter-20-lesson-05.json,ch20-l05,3,20,"Chapter 20",CONTRAST,"كِتَابُهُمْ / كِتَابُهُنَّ","The owners change, not the book","Two panels: the same book held by a group of boys (left) and by a group of women (right)"
ch20-mothers-provision.png,chapter-20-lesson-05.json,ch20-l05,4,20,"Chapter 20",AYAH_PREVIEW,"وَعَلَى الْمَوْلُودِ لَهُ رِزْقُهُنَّ وَكِسْوَتُهُنَّ بِالْمَعْرُوفِ","Al-Baqarah 2:233: Upon the father is their provision and their clothing, in a fair way","A mother nursing a baby wrapped in a blanket beside a basket of food and folded clothes; modest, warm, face turned away"
ch20-mothers-first.png,chapter-20-lesson-05.json,ch20-l05,5,20,"Chapter 20",CONCEPT,"وَالْوَالِدَاتُ … رِزْقُهُنَّ","Find the women first","Three mothers holding babies in modest dress, an arrow pointing from them to a basket of food and folded clothes"
ch20-their-houses-women.png,chapter-20-lesson-05.json,ch20-l05,6,20,"Chapter 20",CONCEPT,"بُيُوتُهُنَّ / فِي بُيُوتِهِنَّ","ـهُنَّ after a kasra: ـهِنَّ","A row of houses with women in modest dress standing at their doors"
ch20-women-students-new-books.png,chapter-20-lesson-05.json,ch20-l05,7,20,"Chapter 20",EXAMPLE,"الطَّالِبَاتُ فِي الْمَدْرَسَةِ، وَكُتُبُهُنَّ جَدِيدَةٌ","The female students are at school, and their books are new.","Girls in modest dress in a school courtyard holding brand-new books"
ch20-four-groups-grid.png,chapter-20-lesson-05.json,ch20-l05,8,20,"Chapter 20",CONTRAST,"كُتُبُكُمْ / كُتُبُكُنَّ / كُتُبُهُمْ / كُتُبُهُنَّ","The four group endings","A 2×2 grid of groups: a mixed group facing the viewer, a women's group facing the viewer, a mixed group far away, a women's group far away, each with a book"
ch20-three-questions.png,chapter-20-lesson-06.json,ch20-l06,1,20,"Chapter 20",CONCEPT,"بَيْتُهُمْ","Three questions","Three small tiles in a row: a house (the noun), a group (the owner), a speech arrow pointing toward or away from the group"
ch20-students-their-teacher.png,chapter-20-lesson-06.json,ch20-l06,2,20,"Chapter 20",EXAMPLE,"هٰؤُلَاءِ طُلَّابٌ، وَهٰذَا أُسْتَاذُهُمْ","These are students, and this is their teacher.","A teacher standing with his class of boys, the viewer pointing at them from a distance"
ch20-students-your-teacher.png,chapter-20-lesson-06.json,ch20-l06,3,20,"Chapter 20",EXAMPLE,"يَا طُلَّابُ، هٰذَا أُسْتَاذُكُمْ","Students, this is your teacher.","A headmaster introducing a teacher to a class, gesturing from the teacher to the students"
ch20-where-your-book-group.png,chapter-20-lesson-06.json,ch20-l06,4,20,"Chapter 20",EXAMPLE,"أَيْنَ كِتَابُكُمْ؟ — كِتَابُنَا عَلَى الْمَكْتَبِ","Where is your book? — Our book is on the desk.","A teacher asking a small group of students; one of the group points to a book on the desk"
ch20-straight-path.png,chapter-20-lesson-06.json,ch20-l06,5,20,"Chapter 20",AYAH_PREVIEW,"اهْدِنَا الصِّرَاطَ الْمُسْتَقِيمَ","Al-Fatiha 1:6: Guide us to the straight path.","A straight bright path running through open land toward the horizon at dawn; no figures"
ch20-our-lord-guide-us.png,chapter-20-lesson-06.json,ch20-l06,6,20,"Chapter 20",CONTRAST,"رَبَّنَا / اهْدِنَا","Our on a noun, us on an action","Two panels: left, raised hands in supplication (our Lord); right, the same hands with a straight path ahead (guide us)"
ch20-created-you.png,chapter-20-lesson-06.json,ch20-l06,7,20,"Chapter 20",AYAH_PREVIEW,"اتَّقُوا رَبَّكُمُ الَّذِي خَلَقَكُم","An-Nisa 4:1: fear your Lord, who created you","Two panels: left, a crowd seen from behind under the sky (your Lord); right, a seed growing into a small tree beside the crowd (who created you)"
ch20-reward-believers.png,chapter-20-lesson-06.json,ch20-l06,8,20,"Chapter 20",AYAH_PREVIEW,"لَهُمْ أَجْرُهُمْ عِندَ رَبِّهِمْ","Al-Baqarah 2:277: they will have their reward with their Lord","A group of worshippers seen from behind in rows at prayer, a warm light ahead of them; symbolic reward, no angels or faces"
ch20-my-book-our-book.png,chapter-20-lesson-07-review.json,ch20-l07,1,20,"Chapter 20",CONTRAST,"كِتَابِي / كِتَابُنَا","My and our","Two panels: left, one learner holding a book to their chest (my book); right, the same book held up together by a group of three learners (our book)"
ch20-review-speaking-to.png,chapter-20-lesson-07-review.json,ch20-l07,2,20,"Chapter 20",CONTRAST,"كِتَابُكَ / كِتَابُكِ / كِتَابُكُمْ / كِتَابُكُنَّ","Speaking to someone","Four small panels: speaking to one man, one woman, a mixed group, a group of women, a book handed to each"
ch20-review-speaking-about.png,chapter-20-lesson-07-review.json,ch20-l07,3,20,"Chapter 20",CONTRAST,"كِتَابُهُ / كِتَابُهَا / كِتَابُهُمْ / كِتَابُهُنَّ","Speaking about someone","Four small panels: pointing at one man, one woman, a mixed group, a group of women in the distance, each with a book"
ch20-sound-after-kasra.png,chapter-20-lesson-07-review.json,ch20-l07,4,20,"Chapter 20",CONCEPT,"رَبِّهِمْ / بُيُوتِهِنَّ","After a kasra","Two matching tiles with a small curved arrow between them, the second tile marked with a tiny dot below: the same ending, softened"
ch20-noun-or-action-na.png,chapter-20-lesson-07-review.json,ch20-l07,5,20,"Chapter 20",CONTRAST,"رَبَّنَا / سَمِعْنَا","Where is it attached?","Two panels: left, a group standing around a shared object with a small owner tag (our); right, the same group with a sound wave next to their ears (we heard)"
ch20-owners-not-thing.png,chapter-20-lesson-07-review.json,ch20-l07,6,20,"Chapter 20",CONCEPT,"مَدْرَسَتُهُمْ / بُيُوتُكُنَّ","The owners, not the thing","A book and a school building, both with the same small group-of-people tag hanging from them"
ch21-journey-start-end.png,chapter-21-lesson-01.json,ch21-l01,1,21,"Chapter 21",CONCEPT,"مِنْ … إِلَى …","The two ends of a journey","A path drawn from a house on the left to a mosque on the right, a flag at the start and a flag at the end"
ch21-kharaja-leaving.png,chapter-21-lesson-01.json,ch21-l01,2,21,"Chapter 21",WORD,"خَرَجَ","he went out, he left","A boy stepping out of the front door of a house onto the street"
ch21-ahmad-leaves-home.png,chapter-21-lesson-01.json,ch21-l01,3,21,"Chapter 21",EXAMPLE,"خَرَجَ أَحْمَدُ مِنَ الْبَيْتِ","Ahmad left the house.","Ahmad, a boy with a school bag, stepping out of his house door"
ch21-house-to-mosque.png,chapter-21-lesson-01.json,ch21-l01,4,21,"Chapter 21",EXAMPLE,"خَرَجَ أَحْمَدُ مِنَ الْبَيْتِ وَذَهَبَ إِلَى الْمَسْجِدِ","Ahmad left the house and went to the mosque.","A boy walking along a street from his house toward a mosque, footprints behind him"
ch21-from-where.png,chapter-21-lesson-01.json,ch21-l01,5,21,"Chapter 21",CONCEPT,"مِنْ أَيْنَ خَرَجَ أَحْمَدُ؟","Ask about the start: مِنْ أَيْنَ؟","A question mark hovering over the house at the start of a footpath"
ch21-to-where.png,chapter-21-lesson-01.json,ch21-l01,6,21,"Chapter 21",CONCEPT,"إِلَى أَيْنَ ذَهَبَ؟","Ask about the end: إِلَى أَيْنَ؟","A question mark hovering over the mosque at the end of a footpath"
ch21-night-journey.png,chapter-21-lesson-01.json,ch21-l01,7,21,"Chapter 21",AYAH_PREVIEW,"مِّنَ الْمَسْجِدِ الْحَرَامِ إِلَى الْمَسْجِدِ الْأَقْصَى","Al-Isra 17:1: from al-Masjid al-Haram to al-Masjid al-Aqsa","Two mosques far apart under a starry night sky — the Kaaba's mosque on one side, the Dome of the Rock on the other — joined by a soft arc of light; no figures"
ch21-fatimah-school-home.png,chapter-21-lesson-01.json,ch21-l01,8,21,"Chapter 21",EXAMPLE,"خَرَجَتْ فَاطِمَةُ مِنَ الْمَدْرَسَةِ وَذَهَبَتْ إِلَى الْبَيْتِ","Fatimah left the school and went to the house.","A girl in modest dress walking out of a school gate toward her house"
ch21-four-movements.png,chapter-21-lesson-02.json,ch21-l02,1,21,"Chapter 21",CONCEPT,"ذَهَبَ، خَرَجَ، دَخَلَ، رَجَعَ","Four movements","Four panels with the same boy: walking away, stepping out of a door, stepping into a door, walking back home"
ch21-in-or-out.png,chapter-21-lesson-02.json,ch21-l02,2,21,"Chapter 21",CONTRAST,"دَخَلَ الْمَسْجِدَ / خَرَجَ مِنَ الْمَسْجِدِ","In or out","Two panels at the same mosque door: left, a man entering; right, the man leaving"
ch21-went-or-returned.png,chapter-21-lesson-02.json,ch21-l02,3,21,"Chapter 21",CONTRAST,"ذَهَبَ إِلَى الْمَدْرَسَةِ / رَجَعَ إِلَى الْبَيْتِ","Went or returned","Two panels: left, a boy walking toward a school; right, the boy walking back into his own house"
ch21-destination-optional.png,chapter-21-lesson-02.json,ch21-l02,4,21,"Chapter 21",CONCEPT,"ذَهَبَ أَحْمَدُ / ذَهَبَ أَحْمَدُ إِلَى الْمَسْجِدِ","The destination is optional","Two panels: left, a boy walking off along a road; right, the same boy walking along the road to a mosque at its end"
ch21-three-movement-story.png,chapter-21-lesson-02.json,ch21-l02,5,21,"Chapter 21",EXAMPLE,"خَرَجَ أَحْمَدُ مِنَ الْبَيْتِ وَدَخَلَ الْمَسْجِدَ وَرَجَعَ إِلَى الْبَيْتِ","Ahmad left the house, entered the mosque and returned to the house.","A three-step strip: boy leaves his house, enters a mosque, walks back home"
ch21-return-to-people.png,chapter-21-lesson-02.json,ch21-l02,6,21,"Chapter 21",AYAH_PREVIEW,"فَرَجَعَ مُوسَىٰ إِلَىٰ قَوْمِهِ","Ta-Ha 20:86: So Musa returned to his people","A mountain path leading down to a distant tent encampment at dusk; no figures"
ch21-verb-then-place.png,chapter-21-lesson-02.json,ch21-l02,7,21,"Chapter 21",CONCEPT,"مِنْ؟ إِلَى؟","Read the verb, then the place word","Three small tiles: an arrow leaving a box, an arrow entering a box, an arrow arriving at a box (no lettering)"
ch21-front-behind.png,chapter-21-lesson-03.json,ch21-l03,1,21,"Chapter 21",CONTRAST,"أَمَامَ / خَلْفَ","Recall: in front of, behind","Two panels: a mosque in front of a school; the same mosque behind the school"
ch21-between.png,chapter-21-lesson-03.json,ch21-l03,2,21,"Chapter 21",WORD,"بَيْنَ","between","A mosque standing between a school on its left and a market on its right, seen from the street"
ch21-between.png,chapter-21-lesson-03.json,ch21-l03,3,21,"Chapter 21",CONCEPT,"بَيْنَ الْمَدْرَسَةِ وَالسُّوقِ","بَيْنَ … وَ …","A mosque standing between a school on its left and a market on its right, seen from the street"
ch21-between.png,chapter-21-lesson-03.json,ch21-l03,4,21,"Chapter 21",EXAMPLE,"الْمَسْجِدُ بَيْنَ الْمَدْرَسَةِ وَالسُّوقِ","The mosque is between the school and the market.","A mosque standing between a school on its left and a market on its right, seen from the street"
ch21-between.png,chapter-21-lesson-03.json,ch21-l03,5,21,"Chapter 21",CONCEPT,"أَيْنَ الْمَسْجِدُ؟","Answer أَيْنَ؟ with a landmark","A mosque standing between a school on its left and a market on its right, seen from the street"
ch21-clouds-between.png,chapter-21-lesson-03.json,ch21-l03,6,21,"Chapter 21",AYAH_PREVIEW,"وَالسَّحَابِ الْمُسَخَّرِ بَيْنَ السَّمَاءِ وَالْأَرْضِ","Al-Baqarah 2:164: and the clouds held in service between the sky and the earth","Clouds floating between a wide sky above and green earth below"
ch21-in-or-between.png,chapter-21-lesson-03.json,ch21-l03,7,21,"Chapter 21",CONTRAST,"فِي الْحَقِيبَةِ / بَيْنَ الْقَلَمِ وَالدَّفْتَرِ","In it, or between two things?","Two panels on a desk: a book inside a school bag; a book lying between a pen and a notebook"
ch21-city-story.png,chapter-21-lesson-04.json,ch21-l04,1,21,"Chapter 21",CONCEPT,"دَخَلَ … خَرَجَ …","Read a story by its movements","An ancient walled city gate in the morning; one path leading in and another leading out; no figures"
ch21-city.png,chapter-21-lesson-04.json,ch21-l04,2,21,"Chapter 21",WORD,"الْمَدِينَةُ","the city","An old city with walls, houses and a busy gate, seen from a hill"
ch21-entered-city.png,chapter-21-lesson-04.json,ch21-l04,3,21,"Chapter 21",AYAH_PREVIEW,"وَدَخَلَ الْمَدِينَةَ عَلَىٰ حِينِ غَفْلَةٍ مِّنْ أَهْلِهَا","Al-Qasas 28:15: And he entered the city at a time when its people were unaware","The open gate of an ancient city at midday, a quiet street beyond; no figures"
ch21-left-city.png,chapter-21-lesson-04.json,ch21-l04,4,21,"Chapter 21",AYAH_PREVIEW,"فَخَرَجَ مِنْهَا خَائِفًا يَتَرَقَّبُ","Al-Qasas 28:21: So he left it, fearful and watchful","A lone road leading away from an ancient city at dawn, the gate behind; no figures"
ch21-left-city.png,chapter-21-lesson-04.json,ch21-l04,5,21,"Chapter 21",CONCEPT,"مِنْهَا / الْمَدِينَةِ","Who is ـهَا in مِنْهَا?","A lone road leading away from an ancient city at dawn, the gate behind; no figures"
ch21-in-out-city.png,chapter-21-lesson-04.json,ch21-l04,6,21,"Chapter 21",CONTRAST,"دَخَلَ الْمَدِينَةَ / خَرَجَ مِنْهَا","Entered it, left it","Two panels at the same city gate: arrow going in, arrow going out"
ch21-return-to-people.png,chapter-21-lesson-04.json,ch21-l04,7,21,"Chapter 21",AYAH_PREVIEW,"فَرَجَعَ مُوسَىٰ إِلَىٰ قَوْمِهِ","Ta-Ha 20:86: So Musa returned to his people","A mountain path leading down to a distant tent encampment at dusk; no figures"
ch21-quran-or-practice.png,chapter-21-lesson-04.json,ch21-l04,8,21,"Chapter 21",CONCEPT,"فَخَرَجَ مِنْهَا / خَرَجَ أَحْمَدُ مِنَ الْبَيْتِ","Quran or practice sentence?","Two panels: left, an open Mushaf with a verse marker; right, a school notebook with a practice sentence written in it"
ch21-journey-start-end.png,chapter-21-lesson-06-review.json,ch21-l05,1,21,"Chapter 21",CONCEPT,"مِنْ … إِلَى …","A journey: start and end","A path drawn from a house on the left to a mosque on the right, a flag at the start and a flag at the end"
ch21-four-movements.png,chapter-21-lesson-06-review.json,ch21-l05,2,21,"Chapter 21",CONCEPT,"ذَهَبَ، خَرَجَ، دَخَلَ، رَجَعَ","Four movements","Four panels with the same boy: walking away, stepping out of a door, stepping into a door, walking back home"
ch21-in-or-out.png,chapter-21-lesson-06-review.json,ch21-l05,3,21,"Chapter 21",CONTRAST,"دَخَلَ الْمَسْجِدَ / خَرَجَ مِنَ الْمَسْجِدِ","Entered, left","Two panels at the same mosque door: left, a man entering; right, the man leaving"
ch21-market-between.png,chapter-21-lesson-06-review.json,ch21-l05,4,21,"Chapter 21",EXAMPLE,"السُّوقُ بَيْنَ الْمَسْجِدِ وَالْمَدْرَسَةِ","The market is between the mosque and the school.","A market with stalls standing between a mosque and a school"
ch21-fatimah-house-market.png,chapter-21-lesson-06-review.json,ch21-l05,5,21,"Chapter 21",EXAMPLE,"خَرَجَتْ فَاطِمَةُ مِنَ الْبَيْتِ وَذَهَبَتْ إِلَى السُّوقِ","Fatimah left the house and went to the market.","A girl in modest dress walking from her house toward a busy market"
ch21-quran-or-practice.png,chapter-21-lesson-06-review.json,ch21-l05,6,21,"Chapter 21",CONCEPT,"فَخَرَجَ مِنْهَا / خَرَجَتْ فَاطِمَةُ","Quran or practice sentence?","Two panels: left, an open Mushaf with a verse marker; right, a school notebook with a practice sentence written in it"
ch22-he-she-said.png,chapter-22-lesson-01.json,ch22-l01,1,22,"Chapter 22",CONTRAST,"قَالَ / قَالَتْ","Recall: he said, she said","Two panels: a man speaking with a speech bubble; a woman in modest dress speaking with a speech bubble"
ch22-teacher-said.png,chapter-22-lesson-01.json,ch22-l01,2,22,"Chapter 22",CONCEPT,"قَالَ الْأُسْتَاذُ: الْكِتَابُ جَدِيدٌ","Three parts of a reported line","A teacher holding up a new book and speaking to the class"
ch22-fatimah-student.png,chapter-22-lesson-01.json,ch22-l01,3,22,"Chapter 22",EXAMPLE,"قَالَتْ فَاطِمَةُ: أَنَا طَالِبَةٌ","Fatimah said, “I am a student.”","A girl in modest dress introducing herself in a classroom, hand on her chest"
ch22-speaker-first.png,chapter-22-lesson-01.json,ch22-l01,4,22,"Chapter 22",CONCEPT,"قَالَ الطَّالِبُ","Find the speaker after قَالَ","A speech bubble with an arrow pointing back to the student who is speaking"
ch22-prison-two-men.png,chapter-22-lesson-01.json,ch22-l01,5,22,"Chapter 22",AYAH_PREVIEW,"وَدَخَلَ مَعَهُ السِّجْنَ فَتَيَانِ قَالَ أَحَدُهُمَا","Yusuf 12:36: And two young men entered the prison with him. One of them said…","A stone prison corridor with two small lit windows; no figures"
ch22-narration-quote.png,chapter-22-lesson-01.json,ch22-l01,6,22,"Chapter 22",CONCEPT,"قَالَ أَحَدُهُمَا إِنِّي أَرَانِي","Narration, then the speaker's own words","An open book with a narrator's line on top and a speech bubble opening below it"
ch22-two-speakers.png,chapter-22-lesson-01.json,ch22-l01,7,22,"Chapter 22",CONTRAST,"قَالَ أَحَدُهُمَا / وَقَالَ الْآخَرُ","Two speakers","Two separate speech bubbles coming from two sides of a stone room; no figures"
ch22-ahmad-my-book.png,chapter-22-lesson-01.json,ch22-l01,8,22,"Chapter 22",EXAMPLE,"قَالَ أَحْمَدُ: كِتَابِي عَلَى الْمَكْتَبِ","Ahmad said, “My book is on the desk.”","A boy pointing at his own book on a desk while speaking"
ch22-asked.png,chapter-22-lesson-02.json,ch22-l02,1,22,"Chapter 22",WORD,"سَأَلَ","he asked","A student raising his hand to ask the teacher a question"
ch22-question-words.png,chapter-22-lesson-02.json,ch22-l02,2,22,"Chapter 22",CONCEPT,"هَلْ / أَيْنَ / مَا / مَنْ","Words that make a question","Four question-mark cards on a table: a yes/no card, a map pin (where), a box (what), a person silhouette (who)"
ch22-student-asks-where-book.png,chapter-22-lesson-02.json,ch22-l02,3,22,"Chapter 22",EXAMPLE,"سَأَلَ الطَّالِبُ: أَيْنَ الْكِتَابُ؟","The student asked, “Where is the book?”","A student looking around the classroom and asking where the book is"
ch22-girl-asks-what.png,chapter-22-lesson-02.json,ch22-l02,4,22,"Chapter 22",EXAMPLE,"سَأَلَتِ الطَّالِبَةُ: مَا هٰذَا؟","The female student asked, “What is this?”","A girl in modest dress holding up an object and asking what it is"
ch22-said-a-question.png,chapter-22-lesson-02.json,ch22-l02,5,22,"Chapter 22",CONTRAST,"قَالَ … أَيْنَ …؟","قَالَ can report a question too","A speech bubble that contains a large question mark"
ch22-provision-in-sanctuary.png,chapter-22-lesson-02.json,ch22-l02,6,22,"Chapter 22",AYAH_PREVIEW,"قَالَ يَا مَرْيَمُ أَنَّىٰ لَكِ هَٰذَا","Ali 'Imran 3:37: He said, “O Maryam, from where is this for you?”","A quiet prayer chamber with a small basket of fruit in soft light; no figures"
ch22-asking-about-allah.png,chapter-22-lesson-02.json,ch22-l02,7,22,"Chapter 22",AYAH_PREVIEW,"وَإِذَا سَأَلَكَ عِبَادِي عَنِّي","Al-Baqarah 2:186: And when My servants ask you concerning Me","Open hands raised under a clear night sky full of stars; no figures"
ch22-who-asked-what.png,chapter-22-lesson-02.json,ch22-l02,8,22,"Chapter 22",CONCEPT,"مَنْ سَأَلَ؟ مَاذَا سَأَلَ؟","Two questions about a question","Two small tiles: a person silhouette with a raised hand, and a question mark"
ch22-answered.png,chapter-22-lesson-03.json,ch22-l03,1,22,"Chapter 22",WORD,"أَجَابَ","he answered","A student standing to answer the teacher's question"
ch22-question-answer-book.png,chapter-22-lesson-03.json,ch22-l03,2,22,"Chapter 22",EXAMPLE,"سَأَلَ الْأُسْتَاذُ: أَيْنَ الْكِتَابُ؟ وَأَجَابَ أَحْمَدُ: الْكِتَابُ عَلَى الْمَكْتَبِ","The teacher asked, “Where is the book?” and Ahmad answered, “The book is on the desk.”","Two panels: a teacher asking; a student pointing to the book on the desk"
ch22-answer-fits.png,chapter-22-lesson-03.json,ch22-l03,3,22,"Chapter 22",CONCEPT,"أَيْنَ؟ مَا؟ مَنْ؟ هَلْ؟","Does the answer fit?","Four pairs of cards, each question card matched to the right answer: a map pin to a place, a box to an object, a silhouette to a person, a yes/no card to a tick"
ch22-yes-from-facts.png,chapter-22-lesson-03.json,ch22-l03,4,22,"Chapter 22",CONCEPT,"الْكِتَابُ جَدِيدٌ. هَلِ الْكِتَابُ جَدِيدٌ؟ نَعَمْ","Yes or no needs the facts","A new book on a table with a tick next to it"
ch22-maryam-answer.png,chapter-22-lesson-03.json,ch22-l03,5,22,"Chapter 22",AYAH_PREVIEW,"قَالَ يَا مَرْيَمُ أَنَّىٰ لَكِ هَٰذَا قَالَتْ هُوَ مِنْ عِندِ اللَّهِ","Ali 'Imran 3:37: He said, “O Maryam, from where is this for you?” She said, “It is from Allah.”","A quiet prayer chamber with a basket of fruit and a light falling on it from above; no figures"
ch22-did-you-understand.png,chapter-22-lesson-03.json,ch22-l03,6,22,"Chapter 22",EXAMPLE,"هَلْ فَهِمْتَ الدَّرْسَ؟","Did you understand the lesson?","A teacher kindly asking a student whether he understood"
ch22-yes-understood.png,chapter-22-lesson-03.json,ch22-l03,7,22,"Chapter 22",EXAMPLE,"نَعَمْ، فَهِمْتُ الدَّرْسَ","Yes, I understood the lesson.","A student nodding with a small light bulb above his head"
ch22-once-again-please.png,chapter-22-lesson-03.json,ch22-l03,8,22,"Chapter 22",EXAMPLE,"مَرَّةً أُخْرَى، لَوْ سَمَحْتَ","Once again, please.","A student politely raising a hand, the teacher pointing back at the board"
ch22-did-not-understand.png,chapter-22-lesson-03.json,ch22-l03,9,22,"Chapter 22",CONCEPT,"لَا، لَمْ أَفْهَمْ","If you did not understand","A student looking puzzled at the board, a small question mark above him"
ch22-four-questions.png,chapter-22-lesson-04.json,ch22-l04,1,22,"Chapter 22",CONCEPT,"مَنْ قَالَ؟ مَاذَا قَالَ؟","Four questions for any exchange","Four icons in a row: speaker, speech bubble, question mark, tick"
ch22-teacher-asks-ahmad-book.png,chapter-22-lesson-04.json,ch22-l04,2,22,"Chapter 22",EXAMPLE,"سَأَلَ الْأُسْتَاذُ: أَيْنَ كِتَابُكَ يَا أَحْمَدُ؟","The teacher asked, “Where is your book, Ahmad?”","A teacher asking Ahmad about his book; Ahmad's desk is empty"
ch22-ahmad-book-home.png,chapter-22-lesson-04.json,ch22-l04,3,22,"Chapter 22",EXAMPLE,"أَجَابَ أَحْمَدُ: كِتَابِي فِي الْبَيْتِ","Ahmad answered, “My book is at home.”","Ahmad answering, with a small thought bubble of his book on a table at home"
ch22-teacher-checks.png,chapter-22-lesson-04.json,ch22-l04,4,22,"Chapter 22",EXAMPLE,"قَالَ الْأُسْتَاذُ: هَلْ فَهِمْتَ الدَّرْسَ؟","The teacher said, “Did you understand the lesson?”","A teacher checking in with Ahmad at his desk"
ch22-ahmad-confirms.png,chapter-22-lesson-04.json,ch22-l04,5,22,"Chapter 22",EXAMPLE,"قَالَ أَحْمَدُ: نَعَمْ، فَهِمْتُ الدَّرْسَ","Ahmad said, “Yes, I understood the lesson.”","Ahmad smiling and nodding to the teacher"
ch22-answer-no-repeat.png,chapter-22-lesson-04.json,ch22-l04,6,22,"Chapter 22",CONCEPT,"لَا، لَمْ أَفْهَمْ — مَرَّةً أُخْرَى، لَوْ سَمَحْتَ","When the answer is no","Two panels: a puzzled student; the same student politely raising a hand"
ch22-brothers-recognise.png,chapter-22-lesson-04.json,ch22-l04,7,22,"Chapter 22",AYAH_PREVIEW,"قَالُوا أَإِنَّكَ لَأَنتَ يُوسُفُ قَالَ أَنَا يُوسُفُ وَهَٰذَا أَخِي","Yusuf 12:90: They said, “Are you indeed Yusuf?” He said, “I am Yusuf, and this is my brother.”","A palace hall with a long carpet leading to an open doorway full of light; no figures"
ch22-quran-or-practice.png,chapter-22-lesson-04.json,ch22-l04,8,22,"Chapter 22",CONCEPT,"قَالَ أَنَا يُوسُفُ / قَالَ أَحْمَدُ: نَعَمْ","Quran or practice?","Two panels: an open Mushaf; a classroom scene drawn in a notebook"
ch22-said-asked-answered.png,chapter-22-lesson-06-review.json,ch22-l05,1,22,"Chapter 22",CONTRAST,"قَالَ / سَأَلَ / أَجَابَ","Said, asked, answered","Three panels: a speech bubble, a question-mark bubble, a reply bubble"
ch22-speaker-first.png,chapter-22-lesson-06-review.json,ch22-l05,2,22,"Chapter 22",CONCEPT,"قَالَتْ فَاطِمَةُ: …","Speaker first, then the words","A speech bubble with an arrow pointing back to the student who is speaking"
ch22-said-a-question.png,chapter-22-lesson-06-review.json,ch22-l05,3,22,"Chapter 22",CONCEPT,"قَالَ يَا مَرْيَمُ أَنَّىٰ لَكِ هَٰذَا","The words decide","A speech bubble that contains a large question mark"
ch22-answer-fits.png,chapter-22-lesson-06-review.json,ch22-l05,4,22,"Chapter 22",CONCEPT,"أَيْنَ؟ مَكَانٌ","An answer that fits","Four pairs of cards, each question card matched to the right answer: a map pin to a place, a box to an object, a silhouette to a person, a yes/no card to a tick"
ch22-answer-no-repeat.png,chapter-22-lesson-06-review.json,ch22-l05,5,22,"Chapter 22",CONTRAST,"نَعَمْ، فَهِمْتُ الدَّرْسَ / مَرَّةً أُخْرَى، لَوْ سَمَحْتَ","Confirm or ask again","Two panels: a puzzled student; the same student politely raising a hand"
ch22-fatimah-asks-mosque.png,chapter-22-lesson-06-review.json,ch22-l05,6,22,"Chapter 22",EXAMPLE,"سَأَلَتْ فَاطِمَةُ: أَيْنَ الْمَسْجِدُ؟","Fatimah asked, “Where is the mosque?”","A girl in modest dress asking a boy on the street where the mosque is; the boy points"
ch23-phrase-or-sentence.png,chapter-23-lesson-01.json,ch23-l01,1,23,"Chapter 23",CONTRAST,"هٰذَا الْكِتَابُ / هٰذَا كِتَابُ الطَّالِبِ","Pointing phrase or sentence?","Two panels: a finger pointing at a book (this book); the same book with a name label showing whose it is (this is the student's book)"
ch23-student-book.png,chapter-23-lesson-01.json,ch23-l01,2,23,"Chapter 23",EXAMPLE,"هٰذَا كِتَابُ الطَّالِبِ","This is the student's book.","A student's book with the student standing beside it"
ch23-his-book.png,chapter-23-lesson-01.json,ch23-l01,3,23,"Chapter 23",EXAMPLE,"هٰذَا كِتَابُهُ","This is his book.","A man holding up his own book"
ch23-what-in-hand.png,chapter-23-lesson-01.json,ch23-l01,4,23,"Chapter 23",AYAH_PREVIEW,"وَمَا تِلْكَ بِيَمِينِكَ يَا مُوسَىٰ","Ta-Ha 20:17: And what is that in your right hand, O Musa?","A shepherd's wooden staff resting in the sand of a quiet valley, soft light from above; no figures"
ch23-staff.png,chapter-23-lesson-01.json,ch23-l01,5,23,"Chapter 23",AYAH_PREVIEW,"قَالَ هِيَ عَصَايَ أَتَوَكَّأُ عَلَيْهَا","Ta-Ha 20:18: He said, “It is my staff; I lean upon it.”","A wooden staff leaning against a rock beside a small flock of sheep; no figures"
ch23-separate-or-ending.png,chapter-23-lesson-01.json,ch23-l01,6,23,"Chapter 23",CONTRAST,"هِيَ / عَصَايَ","A separate word or an ending?","Two tiles: one standing alone; one clipped onto a word card"
ch23-whole-exchange.png,chapter-23-lesson-01.json,ch23-l01,7,23,"Chapter 23",CONCEPT,"مَا تِلْكَ؟ — هِيَ عَصَايَ","Read the whole exchange","A question card and an answer card joined by an arrow, a wooden staff drawn on the answer card"
ch23-two-links.png,chapter-23-lesson-02.json,ch23-l02,1,23,"Chapter 23",CONCEPT,"الَّذِي / ـهُ","Two links in one sentence","A sentence strip with two arrows: one from 'who' back to a person, one from a small tag to its owner"
ch23-brother-went-mosque.png,chapter-23-lesson-02.json,ch23-l02,2,23,"Chapter 23",EXAMPLE,"الطَّالِبُ الَّذِي ذَهَبَ إِلَى الْمَسْجِدِ أَخِي","The student who went to the mosque is my brother.","A boy walking into a mosque while his brother points at him from the street"
ch23-student-returned-new-book.png,chapter-23-lesson-02.json,ch23-l02,3,23,"Chapter 23",EXAMPLE,"هٰذِهِ الطَّالِبَةُ الَّتِي رَجَعَتْ. كِتَابُهَا جَدِيدٌ.","This is the student who returned. Her book is new.","A girl returning to class and showing a brand-new book"
ch23-worship-lord.png,chapter-23-lesson-02.json,ch23-l02,4,23,"Chapter 23",AYAH_PREVIEW,"يَا أَيُّهَا النَّاسُ اعْبُدُوا رَبَّكُمُ الَّذِي خَلَقَكُمْ","Al-Baqarah 2:21: O mankind, worship your Lord, who created you","A crowd seen from behind praying in rows under an open sky; nothing that pictures Allah"
ch23-he-his.png,chapter-23-lesson-02.json,ch23-l02,5,23,"Chapter 23",CONTRAST,"هُوَ طَالِبٌ / كِتَابُهُ","Separate pronoun or ending?","Two panels: a boy standing alone (he); the boy holding his book (his book)"
ch23-which-link.png,chapter-23-lesson-02.json,ch23-l02,6,23,"Chapter 23",CONCEPT,"مَنِ الْمَوْصُوفُ؟ لِمَنْ هٰذَا؟","Which link did you miss?","A magnifying glass over two separate arrows in a sentence strip"
ch23-scene-questions.png,chapter-23-lesson-03.json,ch23-l03,1,23,"Chapter 23",CONCEPT,"مَنْ؟ مِنْ أَيْنَ؟ إِلَى أَيْنَ؟","Questions for a scene","A comic strip frame with small icons around it: a person, a start flag, an end flag, a clock"
ch23-yesterday-school-mosque.png,chapter-23-lesson-03.json,ch23-l03,2,23,"Chapter 23",EXAMPLE,"أَمْسِ خَرَجَ أَحْمَدُ مِنَ الْمَدْرَسَةِ وَذَهَبَ إِلَى الْمَسْجِدِ","Yesterday Ahmad left the school and went to the mosque.","Yesterday's calendar page, and a boy walking from school to a mosque"
ch23-mosque-between.png,chapter-23-lesson-03.json,ch23-l03,3,23,"Chapter 23",EXAMPLE,"الْمَسْجِدُ بَيْنَ الْمَدْرَسَةِ وَالسُّوقِ","The mosque is between the school and the market.","A mosque between a school and a market, drawn as a small map"
ch23-teacher-asks-students.png,chapter-23-lesson-03.json,ch23-l03,4,23,"Chapter 23",EXAMPLE,"فِي الْمَسْجِدِ سَأَلَ الْأُسْتَاذُ الطُّلَّابَ: هَلْ فَهِمْتُمُ الدَّرْسَ؟","In the mosque the teacher asked the students, “Did you all understand the lesson?”","Inside a mosque, a teacher sitting with a circle of students, asking them a question"
ch23-ahmad-understood.png,chapter-23-lesson-03.json,ch23-l03,5,23,"Chapter 23",EXAMPLE,"قَالَ أَحْمَدُ: نَعَمْ، فَهِمْتُ الدَّرْسَ","Ahmad said, “Yes, I understood the lesson.”","Ahmad in the study circle nodding to the teacher"
ch23-after-prayer-home.png,chapter-23-lesson-03.json,ch23-l03,6,23,"Chapter 23",EXAMPLE,"وَبَعْدَ الصَّلَاةِ رَجَعَ أَحْمَدُ إِلَى بَيْتِهِ","And after the prayer Ahmad returned to his house.","After prayer, Ahmad walking home from the mosque at sunset"
ch23-left-then-said.png,chapter-23-lesson-03.json,ch23-l03,7,23,"Chapter 23",AYAH_PREVIEW,"فَخَرَجَ مِنْهَا خَائِفًا يَتَرَقَّبُ قَالَ رَبِّ نَجِّنِي","Al-Qasas 28:21: So he left it, fearful and watchful. He said, “My Lord, save me…”","An ancient city gate at dawn with a road leading away, a small light in the sky; no figures"
ch23-ayah-one-question.png,chapter-23-lesson-04.json,ch23-l04,1,23,"Chapter 23",CONCEPT,"آيَةٌ وَسُؤَالٌ","One or two questions per ayah","An open Mushaf with one small question card placed beside a single verse"
ch23-good-in-this-world.png,chapter-23-lesson-04.json,ch23-l04,2,23,"Chapter 23",AYAH_PREVIEW,"رَبَّنَا آتِنَا فِي الدُّنْيَا حَسَنَةً","Al-Baqarah 2:201: Our Lord, give us good in this world","Open hands in supplication in front of a green, fruitful landscape; no faces"
ch23-our-or-us.png,chapter-23-lesson-04.json,ch23-l04,3,23,"Chapter 23",CONTRAST,"رَبَّنَا / آتِنَا","Our or us?","Two panels: raised hands (our Lord); open hands receiving (give us)"
ch23-oneness.png,chapter-23-lesson-04.json,ch23-l04,5,23,"Chapter 23",AYAH_PREVIEW,"قُلْ هُوَ اللَّهُ أَحَدٌ","Al-Ikhlas 112:1: Say, “He is Allah, One.”","A single bright point of light in a vast, clear sky; no figures"
ch23-he-his.png,chapter-23-lesson-04.json,ch23-l04,6,23,"Chapter 23",CONTRAST,"هُوَ / ـهُ","Separate word or ending?","Two panels: a boy standing alone (he); the boy holding his book (his book)"
ch23-book2-page.png,chapter-23-lesson-05-review.json,ch23-l05,1,23,"Chapter 23",CONCEPT,"هٰذَا كِتَابُهُ · الَّذِي · مِنْ … إِلَى … · قَالَ","Book 2 in one page","A single page with four small icons: a pointing hand, a name tag, a path with two flags, a speech bubble"
ch23-our-school-mosque-front.png,chapter-23-lesson-05-review.json,ch23-l05,2,23,"Chapter 23",EXAMPLE,"هٰذِهِ مَدْرَسَتُنَا، وَالْمَسْجِدُ أَمَامَهَا","This is our school, and the mosque is in front of it.","A school building with a mosque standing in front of it"
ch23-fatimah-her-house-market.png,chapter-23-lesson-05-review.json,ch23-l05,3,23,"Chapter 23",EXAMPLE,"خَرَجَتْ فَاطِمَةُ مِنْ بَيْتِهَا وَذَهَبَتْ إِلَى السُّوقِ","Fatimah left her house and went to the market.","A girl in modest dress stepping out of her house toward a market"
ch23-where-my-book-sister.png,chapter-23-lesson-05-review.json,ch23-l05,4,23,"Chapter 23",EXAMPLE,"سَأَلَ أَحْمَدُ: أَيْنَ كِتَابِي؟ قَالَتْ أُخْتُهُ: كِتَابُكَ عَلَى الْمَكْتَبِ","Ahmad asked, “Where is my book?” His sister said, “Your book is on the desk.”","A boy searching for his book; his sister points to it on the desk"
ch23-he-his.png,chapter-23-lesson-05-review.json,ch23-l05,5,23,"Chapter 23",CONTRAST,"هُوَ / ـهُ","Common mix-up 1","Two panels: a boy standing alone (he); the boy holding his book (his book)"
ch23-our-or-us-review.png,chapter-23-lesson-05-review.json,ch23-l05,6,23,"Chapter 23",CONTRAST,"رَبَّنَا / آتِنَا","Common mix-up 2","Raised hands in supplication with two small tiles beside them: an owner tag and an arrow pointing to the hands"
ch24-house-big-emphasis.png,chapter-24-lesson-01.json,ch24-l01,1,24,"Chapter 24",CONTRAST,"الْبَيْتُ كَبِيرٌ / إِنَّ الْبَيْتَ كَبِيرٌ","A statement, then the same statement with emphasis","Two panels of the same large house: plain; then the same house with a bold underline and an exclamation mark"
ch24-emphasis-underline.png,chapter-24-lesson-01.json,ch24-l01,2,24,"Chapter 24",CONCEPT,"إِنَّ","إِنَّ adds emphasis, not a new claim","A single statement card with a bold underline beneath it, nothing else changed"
ch24-mosque-near.png,chapter-24-lesson-01.json,ch24-l01,3,24,"Chapter 24",EXAMPLE,"إِنَّ الْمَسْجِدَ قَرِيبٌ","Indeed, the mosque is near.","A mosque just across the road from a family home, a short path between them"
ch24-student-hardworking.png,chapter-24-lesson-01.json,ch24-l01,4,24,"Chapter 24",EXAMPLE,"إِنَّ الطَّالِبَ مُجْتَهِدٌ","Indeed, the student is hardworking.","A boy at his desk working hard on his lesson, books open"
ch24-forgiving-merciful.png,chapter-24-lesson-01.json,ch24-l01,5,24,"Chapter 24",AYAH_PREVIEW,"إِنَّ اللَّهَ غَفُورٌ رَحِيمٌ","Al-Baqarah 2:173 (its closing words): Indeed, Allah is Forgiving and Merciful.","An open Mushaf on a wooden stand in soft morning light beside a prayer mat; no figures"
ch24-inna-word-order.png,chapter-24-lesson-01.json,ch24-l01,6,24,"Chapter 24",CONCEPT,"إِنَّ + الْبَيْتَ + كَبِيرٌ","Where does إِنَّ go?","Three word cards in a row, the first highlighted, arrows showing the order"
ch24-house-big-emphasis.png,chapter-24-lesson-02.json,ch24-l02,1,24,"Chapter 24",CONTRAST,"الْبَيْتُ كَبِيرٌ / إِنَّ الْبَيْتَ كَبِيرٌ","What changes after إِنَّ?","Two panels of the same large house: plain; then the same house with a bold underline and an exclamation mark"
ch24-noun-fatha.png,chapter-24-lesson-02.json,ch24-l02,2,24,"Chapter 24",CONCEPT,"اسْمُ إِنَّ مَنْصُوبٌ","The noun of إِنَّ takes a fatḥa","A word card with a small fatḥa mark glowing above its last letter"
ch24-news-damma.png,chapter-24-lesson-02.json,ch24-l02,3,24,"Chapter 24",CONCEPT,"خَبَرُ إِنَّ مَرْفُوعٌ","Its news stays with a ḍamma","A word card with a small ḍamma mark on its last letter, unchanged, a check beside it"
ch24-teacher-hardworking.png,chapter-24-lesson-02.json,ch24-l02,4,24,"Chapter 24",EXAMPLE,"إِنَّ الْمُعَلِّمَ مُجْتَهِدٌ","Indeed, the teacher is hardworking.","A teacher busy marking notebooks at a desk after class"
ch24-forgiving-merciful.png,chapter-24-lesson-02.json,ch24-l02,5,24,"Chapter 24",AYAH_PREVIEW,"إِنَّ اللَّهَ غَفُورٌ رَحِيمٌ","Al-Baqarah 2:173 (its closing words)","An open Mushaf on a wooden stand in soft morning light beside a prayer mat; no figures"
ch24-rule-right-way.png,chapter-24-lesson-02.json,ch24-l02,6,24,"Chapter 24",CONCEPT,"إِنَّ + اسْمٌ مَنْصُوبٌ + خَبَرٌ مَرْفُوعٌ","Keep the rule the right way round","Two arrows on a board: one pointing to a fatḥa (noun), one to a ḍamma (news); a crossed-out reversed pair below"
ch24-inna-plus-na.png,chapter-24-lesson-03.json,ch24-l03,1,24,"Chapter 24",CONCEPT,"إِنَّ + نَا = إِنَّا","إِنَّ can carry an ending","Two puzzle pieces clicking together into one word tile"
ch24-na-three-hosts.png,chapter-24-lesson-03.json,ch24-l03,2,24,"Chapter 24",CONTRAST,"كِتَابُنَا / سَمِعْنَا / إِنَّا","One ending, three hosts","One small ending tile attached to three different cards: a book, an ear (hearing), and an emphasis mark"
ch24-arabic-quran.png,chapter-24-lesson-03.json,ch24-l03,3,24,"Chapter 24",AYAH_PREVIEW,"إِنَّا جَعَلْنَاهُ قُرْآنًا عَرَبِيًّا","Az-Zukhruf 43:3 (its opening words): Indeed, We have made it an Arabic Quran","An open Mushaf with Arabic script, soft light across the page; no figures"
ch24-who-is-we.png,chapter-24-lesson-03.json,ch24-l03,4,24,"Chapter 24",CONCEPT,"إِنَّا","Who is We?","A vast starry sky over quiet desert dunes; no figures"
ch24-we-have-heard.png,chapter-24-lesson-03.json,ch24-l03,5,24,"Chapter 24",AYAH_PREVIEW,"رَبَّنَا إِنَّنَا سَمِعْنَا","Ali 'Imran 3:193 (its opening words): Our Lord, indeed we have heard","A group of worshippers seen from behind, hands raised in dua under an open sky"
ch24-one-question.png,chapter-24-lesson-03.json,ch24-l03,6,24,"Chapter 24",CONCEPT,"إِنَّا أَمْ فِعْلٌ؟","Ask one question","A magnifying glass over a small ending tile, showing what it is attached to"
ch24-three-steps.png,chapter-24-lesson-04.json,ch24-l04,1,24,"Chapter 24",CONCEPT,"إِنَّ ← اسْمٌ ← خَبَرٌ","Three steps","Three numbered steps on a card: find, mark, read"
ch24-school-far.png,chapter-24-lesson-04.json,ch24-l04,2,24,"Chapter 24",EXAMPLE,"إِنَّ الْمَدْرَسَةَ بَعِيدَةٌ","Indeed, the school is far.","A school building far away on a hill, a long road leading to it"
ch24-girl-hardworking.png,chapter-24-lesson-04.json,ch24-l04,3,24,"Chapter 24",EXAMPLE,"إِنَّ الطَّالِبَةَ مُجْتَهِدَةٌ","Indeed, the student (a girl) is hardworking.","A girl in modest dress studying hard at her desk"
ch24-book-on-desk.png,chapter-24-lesson-04.json,ch24-l04,4,24,"Chapter 24",EXAMPLE,"إِنَّ الْكِتَابَ عَلَى الْمَكْتَبِ","Indeed, the book is on the desk.","A single book lying on a school desk"
ch24-mosque-beautiful.png,chapter-24-lesson-04.json,ch24-l04,5,24,"Chapter 24",CONTRAST,"الْمَسْجِدُ جَمِيلٌ / إِنَّ الْمَسْجِدَ جَمِيلٌ","Plain or emphasised?","A beautiful mosque with a dome and minaret; two panels, the second framed with a bold underline"
ch24-wrong-answer.png,chapter-24-lesson-04.json,ch24-l04,6,24,"Chapter 24",CONCEPT,"اسْمُ إِنَّ مَنْصُوبٌ، خَبَرُهَا مَرْفُوعٌ","Why is a wrong answer wrong?","An answer card with its marks swapped, a red cross beside it and the corrected card with a tick"
ch24-kawthar-mushaf.png,chapter-24-lesson-05.json,ch24-l05,1,24,"Chapter 24",AYAH_PREVIEW,"إِنَّا أَعْطَيْنَاكَ الْكَوْثَرَ","Al-Kawthar 108:1: Indeed, We have granted you al-Kawthar.","An open Mushaf at Surah Al-Kawthar, the short surah framed on the page; no figures"
ch24-inna-plus-na.png,chapter-24-lesson-05.json,ch24-l05,2,24,"Chapter 24",CONCEPT,"إِنَّا","إِنَّا — indeed We","Two puzzle pieces clicking together into one word tile"
ch24-given-you.png,chapter-24-lesson-05.json,ch24-l05,3,24,"Chapter 24",CONCEPT,"أَعْطَيْنَا + كَ","أَعْطَيْنَاكَ — We have granted you","A wrapped gift with a small label tag addressed to you; no figures"
ch24-na-two-hosts.png,chapter-24-lesson-05.json,ch24-l05,4,24,"Chapter 24",CONTRAST,"إِنَّا / أَعْطَيْنَا","The same ـنَا, two hosts","One ending tile shown twice: attached to an emphasis card and to an action card"
ch24-what-was-given.png,chapter-24-lesson-05.json,ch24-l05,5,24,"Chapter 24",CONCEPT,"الْكَوْثَرَ","الْكَوْثَرَ — what was given","A glowing gift parcel with an arrow pointing to it"
ch24-who-gives-receives.png,chapter-24-lesson-05.json,ch24-l05,6,24,"Chapter 24",CONCEPT,"مَنْ أَعْطَى؟ مَنْ أَخَذَ؟","Who gives, who receives?","Three labelled boxes linked by arrows: giver, receiver, gift"
ch24-pen-new.png,chapter-24-lesson-06-review.json,ch24-l06,1,24,"Chapter 24",CONTRAST,"الْقَلَمُ جَدِيدٌ / إِنَّ الْقَلَمَ جَدِيدٌ","What إِنَّ adds","A brand-new pen; two panels, the second with a bold underline"
ch24-rule-right-way.png,chapter-24-lesson-06-review.json,ch24-l06,2,24,"Chapter 24",CONCEPT,"اسْمُ إِنَّ مَنْصُوبٌ، خَبَرُهَا مَرْفُوعٌ","The rule","Two arrows on a board: one pointing to a fatḥa (noun), one to a ḍamma (news); a crossed-out reversed pair below"
ch24-pen-small.png,chapter-24-lesson-06-review.json,ch24-l06,3,24,"Chapter 24",EXAMPLE,"إِنَّ الْقَلَمَ صَغِيرٌ","Indeed, the pen is small.","A small pen beside a large ruler for scale"
ch24-forgiving-merciful.png,chapter-24-lesson-06-review.json,ch24-l06,4,24,"Chapter 24",AYAH_PREVIEW,"إِنَّ اللَّهَ غَفُورٌ رَحِيمٌ","Al-Baqarah 2:173 (its closing words)","An open Mushaf on a wooden stand in soft morning light beside a prayer mat; no figures"
ch24-arabic-quran.png,chapter-24-lesson-06-review.json,ch24-l06,5,24,"Chapter 24",AYAH_PREVIEW,"إِنَّا جَعَلْنَاهُ قُرْآنًا عَرَبِيًّا","Az-Zukhruf 43:3 (its opening words)","An open Mushaf with Arabic script, soft light across the page; no figures"
ch24-na-two-hosts.png,chapter-24-lesson-06-review.json,ch24-l06,6,24,"Chapter 24",CONTRAST,"إِنَّا / أَعْطَيْنَا","ـنَا on إِنَّ or on an action?","One ending tile shown twice: attached to an emphasis card and to an action card"
ch25-house-big-not-big.png,chapter-25-lesson-01.json,ch25-l01,1,25,Chapter 25,CONTRAST,الْبَيْتُ كَبِيرٌ / لَيْسَ الْبَيْتُ كَبِيرًا,"A statement, then the same statement made negative","Two panels of one street: left, a big family house; right, the same plot with a small, modest house and a faint outline where the big one stood"
ch25-yes-to-no.png,chapter-25-lesson-01.json,ch25-l01,2,25,Chapter 25,CONCEPT,لَيْسَ,لَيْسَ means 'is not',"A simple tick-mark card turning over to show a cross on its back: the same card, now saying no"
ch25-mosque-not-far.png,chapter-25-lesson-01.json,ch25-l01,3,25,Chapter 25,EXAMPLE,لَيْسَ الْمَسْجِدُ بَعِيدًا,The mosque is not far.,"A mosque just across a quiet street from a family home; a short, direct path between them"
ch25-book-not-new.png,chapter-25-lesson-01.json,ch25-l01,4,25,Chapter 25,EXAMPLE,لَيْسَ الْكِتَابُ جَدِيدًا,The book is not new.,"A well-used old book with worn corners and a faded cover, resting on a desk"
ch25-nothing-like-him.png,chapter-25-lesson-01.json,ch25-l01,5,25,Chapter 25,AYAH_PREVIEW,لَيْسَ كَمِثْلِهِ شَيْءٌ,Ash-Shura 42:11 (an excerpt): There is nothing like Him.,"A vast clear night sky over an empty desert horizon, with a single soft band of light; no figures, nothing that pictures Allah"
ch25-three-tiles-order.png,chapter-25-lesson-01.json,ch25-l01,6,25,Chapter 25,CONCEPT,لَيْسَ + الْبَيْتُ + كَبِيرًا,Where does لَيْسَ go?,"Three blank tiles in a row with arrows between them: a small red 'no' tile, then a house tile, then a size tile"
ch25-book-not-new.png,chapter-25-lesson-02.json,ch25-l02,1,25,Chapter 25,CONTRAST,الْكِتَابُ جَدِيدٌ / لَيْسَ الْكِتَابُ جَدِيدًا,"One word keeps its ending, one word changes",Same scene as ch25-l01 card 4
ch25-noun-tag.png,chapter-25-lesson-02.json,ch25-l02,2,25,Chapter 25,CONCEPT,اسْمُ لَيْسَ مَرْفُوعٌ,The noun of لَيْسَ keeps a ḍamma,"A book with a small ribbon tag on it, the tag marked with a single ḍamma-shaped curl; no letters"
ch25-news-bubble.png,chapter-25-lesson-02.json,ch25-l02,3,25,Chapter 25,CONCEPT,خَبَرُ لَيْسَ مَنْصُوبٌ,The news of لَيْسَ takes a fatḥa,"An empty speech bubble beside an old book, the bubble outlined with a slanted fatḥa-shaped stroke; no letters"
ch25-pen-not-small.png,chapter-25-lesson-02.json,ch25-l02,4,25,Chapter 25,EXAMPLE,لَيْسَ الْقَلَمُ صَغِيرًا,The pen is not small.,"A long, full-size pen lying beside a short pencil stub for scale"
ch25-two-orders.png,chapter-25-lesson-02.json,ch25-l02,5,25,Chapter 25,CONTRAST,لَيْسَ الْبَيْتُ كَبِيرًا / الْبَيْتُ لَيْسَ كَبِيرًا,"Two word orders, one meaning","Two rows of the same three blank tiles (a red 'no' tile, a house tile, a size tile): in the top row the 'no' tile is first, in the bottom row the house tile is first"
ch25-three-checks.png,chapter-25-lesson-02.json,ch25-l02,6,25,Chapter 25,CONCEPT,لَيْسَ ← اسْمٌ ← خَبَرٌ,Three checks,"Three small tiles in a row with a tick under each: a red 'no' tile, a tagged book, a speech bubble"
ch25-school-not-far.png,chapter-25-lesson-03.json,ch25-l03,1,25,Chapter 25,CONTRAST,الْمَدْرَسَةُ بَعِيدَةٌ / الْمَدْرَسَةُ لَيْسَتْ بَعِيدَةً,A feminine noun takes لَيْسَتْ,"A school building just a short walk from a family home, a child's backpack on the path between them"
ch25-feminine-tile.png,chapter-25-lesson-03.json,ch25-l03,2,25,Chapter 25,CONCEPT,لَيْسَ ← لَيْسَتْ,لَيْسَتْ: the feminine form,Two identical red 'no' tiles side by side; the second has one small extra bead attached to its end
ch25-school-not-far.png,chapter-25-lesson-03.json,ch25-l03,3,25,Chapter 25,CONCEPT,بَعِيدَةً,The news agrees too,Same scene as card 1
ch25-she-not-teacher.png,chapter-25-lesson-03.json,ch25-l03,4,25,Chapter 25,EXAMPLE,هِيَ لَيْسَتْ مُعَلِّمَةً,She is not a teacher.,"A young girl in modest dress sitting at a classroom desk as a pupil, while the teacher's desk at the front stands empty"
ch25-book-not-small.png,chapter-25-lesson-03.json,ch25-l03,5,25,Chapter 25,EXAMPLE,الْكِتَابُ لَيْسَ صَغِيرًا,The book is not small.,"A thick, large book standing upright, clearly not small"
ch25-joining-link.png,chapter-25-lesson-03.json,ch25-l03,6,25,Chapter 25,CONCEPT,لَيْسَتِ الْمَدْرَسَةُ بَعِيدَةً,When لَيْسَتْ comes first,"Two tiles joined by a small curved link, like two train carriages coupled together"
ch25-not-teachers.png,chapter-25-lesson-04.json,ch25-l04,1,25,Chapter 25,CONTRAST,هُمْ مُعَلِّمُونَ / هُمْ لَيْسُوا مُعَلِّمِينَ,"They are, then they are not","A group of boys in a classroom sitting at pupils' desks with notebooks, while the teacher's desk at the front stands empty"
ch25-group-tile.png,chapter-25-lesson-04.json,ch25-l04,2,25,Chapter 25,CONCEPT,لَيْسَ ← لَيْسُوا,لَيْسُوا: they are not,"Three identical red 'no' tiles: plain, with one small bead, and with a small cluster of beads at the end"
ch25-not-teachers.png,chapter-25-lesson-04.json,ch25-l04,3,25,Chapter 25,CONCEPT,مُعَلِّمُونَ ← مُعَلِّمِينَ,ـُونَ becomes ـِينَ,Same scene as card 1
ch25-not-students.png,chapter-25-lesson-04.json,ch25-l04,4,25,Chapter 25,EXAMPLE,هُمْ لَيْسُوا طُلَّابًا,They are not students.,"A group of men standing at the front of a classroom beside a board, facing empty pupils' desks"
ch25-not-all-alike.png,chapter-25-lesson-04.json,ch25-l04,5,25,Chapter 25,AYAH_PREVIEW,لَيْسُوا سَوَاءً,Aal Imran 3:113 (an excerpt): They are not all alike.,"A row of oil lamps on a stone ledge, each burning at a different brightness; no figures"
ch25-group-tile.png,chapter-25-lesson-04.json,ch25-l04,6,25,Chapter 25,CONCEPT,لَيْسَ · لَيْسَتْ · لَيْسُوا,Choose the form,Same scene as card 2
ch25-emphasis-or-negation.png,chapter-25-lesson-05.json,ch25-l05,1,25,Chapter 25,CONTRAST,إِنَّ الْبَيْتَ كَبِيرٌ / لَيْسَ الْبَيْتُ كَبِيرًا,Emphasis or negation?,"Two panels of one big house: left, underlined with a bold stroke; right, the same house behind a soft red 'no' circle"
ch25-mirror-endings.png,chapter-25-lesson-05.json,ch25-l05,2,25,Chapter 25,CONCEPT,الْبَيْتَ … كَبِيرٌ / الْبَيْتُ … كَبِيرًا,Opposite endings,Two rows of blank tiles facing each other across a mirror line: the marks on the second and third tiles swap places between the rows
ch25-group-tile.png,chapter-25-lesson-05.json,ch25-l05,3,25,Chapter 25,CONCEPT,لَيْسَ · لَيْسَتْ · لَيْسُوا / إِنَّ,"لَيْسَ changes, إِنَّ does not",Same scene as ch25-l04 card 2
ch25-mosque-not-far.png,chapter-25-lesson-05.json,ch25-l05,4,25,Chapter 25,EXAMPLE,لَيْسَ الْمَسْجِدُ بَعِيدًا، إِنَّ الْمَسْجِدَ قَرِيبٌ,"The mosque is not far; indeed, the mosque is near.",Same scene as ch25-l01 card 3
ch25-forgiving-dawn.png,chapter-25-lesson-05.json,ch25-l05,5,25,Chapter 25,AYAH_PREVIEW,إِنَّ اللَّهَ غَفُورٌ رَحِيمٌ,"Al-Baqarah 2:173 (its closing words): Indeed, Allah is Forgiving and Merciful.",Soft dawn light spreading over a calm landscape after rain; no figures
ch25-nothing-like-him.png,chapter-25-lesson-05.json,ch25-l05,6,25,Chapter 25,AYAH_PREVIEW,لَيْسَ كَمِثْلِهِ شَيْءٌ,Ash-Shura 42:11 (an excerpt): There is nothing like Him.,Same scene as ch25-l01 card 5
ch25-three-checks.png,chapter-25-lesson-06-review.json,ch25-l06,1,25,Chapter 25,CONCEPT,لَيْسَ · لَيْسَتْ · لَيْسُوا,Three checks,Same scene as ch25-l02 card 6
ch25-teacher-not-far.png,chapter-25-lesson-06-review.json,ch25-l06,2,25,Chapter 25,EXAMPLE,الْمُعَلِّمَةُ لَيْسَتْ بَعِيدَةً,The teacher is not far.,"A woman teacher in modest dress standing just beside a pupil's desk, close enough to help"
ch25-not-teachers.png,chapter-25-lesson-06-review.json,ch25-l06,3,25,Chapter 25,EXAMPLE,هُمْ لَيْسُوا مُعَلِّمِينَ,They are not teachers.,Same scene as ch25-l04 card 1
ch25-emphasis-or-negation.png,chapter-25-lesson-06-review.json,ch25-l06,4,25,Chapter 25,CONTRAST,إِنَّ الْبَيْتَ كَبِيرٌ / لَيْسَ الْبَيْتُ كَبِيرًا,إِنَّ or لَيْسَ?,Same scene as ch25-l05 card 1
ch25-nothing-like-him.png,chapter-25-lesson-06-review.json,ch25-l06,5,25,Chapter 25,AYAH_PREVIEW,لَيْسَ كَمِثْلِهِ شَيْءٌ,Ash-Shura 42:11 (an excerpt): There is nothing like Him.,Same scene as ch25-l01 card 5
ch25-not-all-alike.png,chapter-25-lesson-06-review.json,ch25-l06,6,25,Chapter 25,AYAH_PREVIEW,لَيْسُوا سَوَاءً,Aal Imran 3:113 (an excerpt): They are not all alike.,Same scene as ch25-l04 card 5
ch01-near-book-far-mosque.png,chapter-01-lesson-02.json,ch01-l02,2,1,First Encounter with ذَٰلِكَ,CONTRAST,هَذَا وَذَٰلِكَ,Near and far — هَذَا and ذَٰلِكَ,"Two panels from the learner's viewpoint: left, a book on the desk right in front of the viewer; right, a mosque small in the distance across open ground"
ch01-far-pen-far-path.png,chapter-01-lesson-02.json,ch01-l02,4,1,First Encounter with ذَٰلِكَ,CONCEPT,ذَٰلِكَ قَبْلَ الِاسْم,ذَٰلِكَ comes before the noun,"Seen from a doorway: a pen lying on a table at the far end of a long room, and through the far window a path winding away into the distance"
ch01-muslim-prayer.png,chapter-01-lesson-02.json,ch01-l02,7,1,First Encounter with ذَٰلِكَ,WORD,مُسْلِم,Muslim,"A man in modest dress standing on a prayer mat, hands raised to begin the prayer, seen from behind"
ch01-message-lamp-scroll.png,chapter-01-lesson-02.json,ch01-l02,8,1,First Encounter with ذَٰلِكَ,WORD,نَبِيّ,prophet,A sealed scroll resting beside a lit oil lamp in a quiet room: a message brought from afar. No figures
ch01-message-lamp-scroll.png,chapter-01-lesson-02.json,ch01-l02,11,1,First Encounter with ذَٰلِكَ,WORD,رَسُول,messenger,A sealed scroll resting beside a lit oil lamp in a quiet room: a message brought from afar. No figures
ch01-gender-book-tree.png,chapter-01-lesson-03.json,ch01-l03,1,1,First Encounter with هَذِهِ,CONCEPT,التَّذْكِير وَالتَّأْنِيث,Arabic has grammatical gender,"Two panels: a book with a small navy tag hanging from it; a tree with a small gold tag hanging from it. Two kinds of noun, marked only by the tag colour"
ch01-surah-heading.png,chapter-01-lesson-03.json,ch01-l03,7,1,First Encounter with هَذِهِ,WORD,سُورَة,surah / chapter (of Quran),"An open Mushaf on a wooden stand, a decorated surah heading band across the top of the page (ornament only, nothing readable)"
ch01-tree-near-far.png,chapter-01-lesson-04.json,ch01-l04,1,1,First Encounter with تِلْكَ,CONCEPT,تِلْكَ,Far feminine: تِلْكَ,Two panels of one landscape: a tree close to the viewer; the same kind of tree small and far away on a hill
ch01-three-feminine-nouns.png,chapter-01-lesson-04.json,ch01-l04,3,1,First Encounter with تِلْكَ,CONCEPT,التَّاء الْمَرْبُوطَة,ة marks feminine nouns,"Three things in a row, a tree, a walled garden and a school building, each with the same small gold tag hanging from it (the shared feminine sign)"
ch02-a-book-any.png,chapter-02-lesson-01.json,ch02-l01,1,2,Tanween — The Sound of 'A',CONCEPT,التَّنْوِين — عَلَامَة النَّكِرَة,Tanween (ٌ) = 'a',"A hand taking one ordinary book from a shelf of many similar books: a book, any one of them"
ch02-indefinite-definite.png,chapter-02-lesson-02.json,ch02-l02,1,2,ال — The Definite Article,CONCEPT,التَّعْرِيف بِالْ,ال removes tanween → definite,"Two panels: left, a row of similar houses, any one of them; right, one of those houses singled out and lit warmly, that particular house"
ch02-book-is-new.png,chapter-02-lesson-02.json,ch02-l02,2,2,ال — The Definite Article,CONCEPT,الْمُبْتَدَأُ وَالْخَبَرُ,الْكِتَابُ جَدِيدٌ — The book is new,"A single brand-new book with a crisp, bright cover, a faint shine on it"
ch02-indefinite-definite.png,chapter-02-lesson-02.json,ch02-l02,3,2,ال — The Definite Article,EXAMPLE,بَيْتٌ → الْبَيْتُ,a house → the house,"Two panels: left, a row of similar houses, any one of them; right, one of those houses singled out and lit warmly, that particular house"
ch02-where-book.png,chapter-02-lesson-03.json,ch02-l03,4,2,أَيْنَ — Where?,EXAMPLE,أَيْنَ الْكِتَابُ؟,Where is the book?,"A child in a room lifting a cushion and looking around, searching for a missing book"
ch02-book-is-new.png,chapter-02-lesson-04.json,ch02-l16,1,2,Nominal Sentences,CONCEPT,الْجُمْلَةُ الاسْمِيَّةُ,A simple nominal sentence,"A single brand-new book with a crisp, bright cover, a faint shine on it"
ch02-book-is-new.png,chapter-02-lesson-04.json,ch02-l16,2,2,Nominal Sentences,WORD,جَدِيدٌ,new,"A single brand-new book with a crisp, bright cover, a faint shine on it"
ch02-house-is-big.png,chapter-02-lesson-04.json,ch02-l16,3,2,Nominal Sentences,EXAMPLE,الْبَيْتُ كَبِيرٌ,The house is big.,"A big family house, with a small garden shed beside it for scale"
ch02-road-is-long.png,chapter-02-lesson-04.json,ch02-l16,4,2,Nominal Sentences,EXAMPLE,الطَّرِيقُ طَوِيلٌ,The road is long.,A long straight road stretching away to the horizon
ch02-in-the-house.png,chapter-02-lesson-05.json,ch02-l05,4,2,فِي — In,EXAMPLE,فِي الْبَيْتِ,in the house,"A family seated together inside a house, seen through a wide-open doorway"
ch02-on-the-house.png,chapter-02-lesson-06.json,ch02-l06,4,2,عَلَى — On,EXAMPLE,عَلَى الْبَيْتِ,on the house,A bird sitting on the roof of a house
ch02-from-the-house.png,chapter-02-lesson-07.json,ch02-l07,4,2,مِنْ — From,EXAMPLE,مِنْ الْبَيْتِ,from the house,A boy stepping out of a house's front door and walking away from it
ch02-to-the-house.png,chapter-02-lesson-08.json,ch02-l08,4,2,إِلَى — To,EXAMPLE,إِلَى الْبَيْتِ,to the house,A boy walking along a garden path toward a house's front door
ch02-in-front-of.png,chapter-02-lesson-09.json,ch02-l09,1,2,أَمَامَ — In Front Of,WORD,أَمَامَ,in front of,"A child standing directly in front of a closed wooden door, facing the viewer"
ch02-in-front-of.png,chapter-02-lesson-09.json,ch02-l09,2,2,أَمَامَ — In Front Of,CONCEPT,أَمَامَ,أَمَامَ — in front of,"A child standing directly in front of a closed wooden door, facing the viewer"
ch02-in-front-of.png,chapter-02-lesson-09.json,ch02-l09,3,2,أَمَامَ — In Front Of,CONCEPT,أَمَامَ,Short practice phrase,"A child standing directly in front of a closed wooden door, facing the viewer"
ch02-in-front-of-the-house.png,chapter-02-lesson-09.json,ch02-l09,4,2,أَمَامَ — In Front Of,EXAMPLE,أَمَامَ الْبَيْتِ,in front of the house,"A tree standing in front of a house, between the house and the viewer"
ch02-behind-the-house.png,chapter-02-lesson-10.json,ch02-l10,4,2,خَلْفَ — Behind,EXAMPLE,خَلْفَ الْبَيْتِ,behind the house,"A tall tree partly hidden behind a house, its crown showing above the roof"
ch02-above-the-house.png,chapter-02-lesson-11.json,ch02-l11,4,2,فَوْقَ — Above,EXAMPLE,فَوْقَ الْبَيْتِ,above the house,A crescent moon high above a house at night
ch02-under-the-house.png,chapter-02-lesson-12.json,ch02-l12,4,2,تَحْتَ — Under,EXAMPLE,تَحْتَ الْبَيْتِ,under the house,A cat curled up in the space under a raised wooden house
ch02-with-the-house.png,chapter-02-lesson-13.json,ch02-l13,4,2,مَعَ — With,EXAMPLE,مَعَ الْبَيْتِ,with the house,"A house together with its own garden, the two forming one home"
ch02-writing-with-pen.png,chapter-02-lesson-14.json,ch02-l14,1,2,بِـ — With / By,WORD,بِ,with / by,A hand writing in a notebook with a pen: done by means of the pen
ch02-writing-with-pen.png,chapter-02-lesson-14.json,ch02-l14,2,2,بِـ — With / By,CONCEPT,بِ,بِـ — with / by,A hand writing in a notebook with a pen: done by means of the pen
ch02-writing-with-pen.png,chapter-02-lesson-14.json,ch02-l14,3,2,بِـ — With / By,CONCEPT,بِ,Short practice phrase,A hand writing in a notebook with a pen: done by means of the pen
ch02-by-the-house.png,chapter-02-lesson-14.json,ch02-l14,4,2,بِـ — With / By,EXAMPLE,بِ الْبَيْتِ,with / by the house,A wooden bench standing right by the wall of a house
ch02-and-the-house.png,chapter-02-lesson-15.json,ch02-l15,4,2,وَ — And,EXAMPLE,وَ الْبَيْتِ,and the house,"A house and a tree side by side, the two things together"
ch02-indefinite-definite.png,chapter-02-lesson-16-review.json,ch02-l04,1,2,Chapter 2 Review,CONCEPT,النَّكِرَة وَالْمَعْرِفَة,The big picture — نَكِرَة vs مَعْرِفَة,"Two panels: left, a row of similar houses, any one of them; right, one of those houses singled out and lit warmly, that particular house"
ch02-three-descriptions.png,chapter-02-lesson-16-review.json,ch02-l04,2,2,Chapter 2 Review,CONCEPT,الْمُبْتَدَأُ وَالْخَبَرُ,Sentences — definite subject + indefinite predicate,"Three panels: a brand-new book, a big house, an old weathered mosque"
ch03-idafa-two-joined.png,chapter-03-lesson-01.json,ch03-l01,1,3,Idafa Foundations — Possession,CONCEPT,الإِضَافَة,Idafa: two nouns joined,"Two blank tiles snapping together like puzzle pieces: the first loses a small round knob as it joins, the second carries a small curl beneath it. Two nouns become one phrase"
ch03-students-book.png,chapter-03-lesson-01.json,ch03-l01,2,3,Idafa Foundations — Possession,WORD,كِتَابُ الطَّالِبِ,the student's book,"A student holding up his own book, a blank name label on its cover"
ch03-mans-house.png,chapter-03-lesson-01.json,ch03-l01,3,3,Idafa Foundations — Possession,WORD,بَيْتُ الرَّجُلِ,the man's house,"A man standing at the door of his own house, key in hand"
ch03-mosque-door.png,chapter-03-lesson-01.json,ch03-l01,4,3,Idafa Foundations — Possession,WORD,بَابُ الْمَسْجِدِ,the door of the mosque,"The large carved wooden door of a mosque, close up"
ch03-teachers-pen.png,chapter-03-lesson-01.json,ch03-l01,5,3,Idafa Foundations — Possession,WORD,قَلَمُ الأُسْتَاذِ,the teacher's pen,A teacher at his desk holding his pen over an open register
ch03-open-mushaf.png,chapter-03-lesson-01.json,ch03-l01,6,3,Idafa Foundations — Possession,WORD,كَلَامُ اللَّهِ,the speech of Allah,An open Mushaf on a wooden stand in soft light (nothing readable on the page)
ch03-kaaba.png,chapter-03-lesson-01.json,ch03-l01,9,3,Idafa Foundations — Possession,WORD,بَيْتُ اللَّهِ,the House of Allah,"The Kaaba in the courtyard of Masjid al-Haram, seen from a respectful distance"
ch03-idafa-two-joined.png,chapter-03-lesson-01.json,ch03-l01,10,3,Idafa Foundations — Possession,GRAMMAR_NOTE,قاعدة الإضافة,The Idafa Rule — Summary,"Two blank tiles snapping together like puzzle pieces: the first loses a small round knob as it joins, the second carries a small curl beneath it. Two nouns become one phrase"
ch03-idafa-two-joined.png,chapter-03-lesson-02.json,ch03-l06,1,3,Idafa in Useful and Quranic Phrases,CONCEPT,الإِضَافَة فِي العِبَارَات,Idafa in useful phrases,"Two blank tiles snapping together like puzzle pieces: the first loses a small round knob as it joins, the second carries a small curl beneath it. Two nouns become one phrase"
ch19-lord-of-worlds.png,chapter-03-lesson-02.json,ch03-l06,2,3,Idafa in Useful and Quranic Phrases,WORD,رَبُّ الْعَالَمِينَ,Lord of the worlds,Same scene as the ch19 card (already requested)
ch18-king-of-mankind.png,chapter-03-lesson-02.json,ch03-l06,3,3,Idafa in Useful and Quranic Phrases,WORD,مَلِكُ النَّاسِ,King of mankind,Same scene as the ch18 card (already requested)
ch03-light-of-sky.png,chapter-03-lesson-02.json,ch03-l06,4,3,Idafa in Useful and Quranic Phrases,WORD,نُورُ السَّمَاءِ,the light of the sky,Soft light streaming down through clouds across a wide sky
ch03-servant-prostration.png,chapter-03-lesson-02.json,ch03-l06,8,3,Idafa in Useful and Quranic Phrases,WORD,عَبْدُ اللَّهِ,servant/slave of Allah,"A man in sujood on a prayer mat, seen from behind in soft light"
ch03-kaaba.png,chapter-03-lesson-02.json,ch03-l06,10,3,Idafa in Useful and Quranic Phrases,WORD,بَيْتُ اللَّهِ,the House of Allah,"The Kaaba in the courtyard of Masjid al-Haram, seen from a respectful distance"
ch03-idafa-two-joined.png,chapter-03-lesson-02.json,ch03-l06,11,3,Idafa in Useful and Quranic Phrases,GRAMMAR_NOTE,قاعدة الإضافة,The Idafa Rule — Summary,"Two blank tiles snapping together like puzzle pieces: the first loses a small round knob as it joins, the second carries a small curl beneath it. Two nouns become one phrase"
ch03-whose-book.png,chapter-03-lesson-03.json,ch03-l02,1,3,Whose? — لِمَنْ,CONCEPT,لِمَنْ — للسؤال عن الملكية,لِمَنْ — Whose? / To Whom?,"A book lying alone on a table while two children look at it and at each other with open, questioning hands: whose is it?"
ch03-whose-book.png,chapter-03-lesson-03.json,ch03-l02,2,3,Whose? — لِمَنْ,WORD,لِمَنْ هٰذَا؟,Whose is this?,"A book lying alone on a table while two children look at it and at each other with open, questioning hands: whose is it?"
ch03-students-book.png,chapter-03-lesson-03.json,ch03-l02,3,3,Whose? — لِمَنْ,WORD,هٰذَا كِتَابُ الطَّالِبِ,This is the student's book.,"A student holding up his own book, a blank name label on its cover"
ch03-today-sun.png,chapter-03-lesson-03.json,ch03-l02,5,3,Whose? — لِمَنْ,WORD,الْيَوْمُ,the day / today,The sun high over a quiet town in the middle of the day
ch03-day-of-resurrection.png,chapter-03-lesson-03.json,ch03-l02,6,3,Whose? — لِمَنْ,WORD,يَوْمُ الْقِيَامَةِ,the Day of Resurrection,A vast empty plain under an overwhelming dawn light. No figures
ch20-mankind-lord.png,chapter-03-lesson-03.json,ch03-l02,9,3,Whose? — لِمَنْ,WORD,رَبِّ النَّاسِ,Lord of mankind,Same scene as the ch20 card (already requested)
ch18-king-of-mankind.png,chapter-03-lesson-03.json,ch03-l02,10,3,Whose? — لِمَنْ,WORD,مَلِكِ النَّاسِ,King of mankind,Same scene as the ch18 card (already requested)
ch20-mankind-lord.png,chapter-03-lesson-03.json,ch03-l02,11,3,Whose? — لِمَنْ,WORD,إِلٰهِ النَّاسِ,God of mankind,Same scene as the ch20 card (already requested)
ch03-calling-boy.png,chapter-03-lesson-04.json,ch03-l07,1,3,Calling Someone — يَا,CONCEPT,يَا — حرف النداء,يَا — O! (Vocative),A man calling out to a boy across a courtyard; the boy turns round
ch03-dua-hands.png,chapter-03-lesson-04.json,ch03-l07,2,3,Calling Someone — يَا,WORD,يَا رَبِّ,O my Lord!,"Two hands raised in dua against a soft dawn sky, seen from behind; no face"
ch03-calling-teacher.png,chapter-03-lesson-04.json,ch03-l07,3,3,Calling Someone — يَا,WORD,يَا أُسْتَاذُ,O Teacher!,A pupil raising a hand and calling to the teacher at the front of the classroom
ch03-calling-boy.png,chapter-03-lesson-04.json,ch03-l07,4,3,Calling Someone — يَا,WORD,يَا وَلَدُ,O boy! / O child!,A man calling out to a boy across a courtyard; the boy turns round
ch03-calling-father.png,chapter-03-lesson-04.json,ch03-l07,5,3,Calling Someone — يَا,WORD,يَا أَبِي,O my father!,"A child running toward his father, one arm raised, calling to him"
ch03-calling-mother.png,chapter-03-lesson-04.json,ch03-l07,6,3,Calling Someone — يَا,WORD,يَا أُمِّي,O my mother!,A girl in modest dress calling to her mother across the kitchen doorway
ch03-calling-teacher.png,chapter-03-lesson-04.json,ch03-l07,7,3,Calling Someone — يَا,CONTRAST,قَبْلَ يَا وَبَعْدَهَا,Before and after يَا,A pupil raising a hand and calling to the teacher at the front of the classroom
ch03-calling-teacher.png,chapter-03-lesson-04.json,ch03-l07,8,3,Calling Someone — يَا,GRAMMAR_NOTE,قَاعِدَةٌ مُبَسَّطَةٌ,A beginner rule,A pupil raising a hand and calling to the teacher at the front of the classroom
ch03-bismillah-start.png,chapter-03-lesson-05-spoken-phrases.json,ch03-l03,1,3,Basmalah Unlocked — بِسْمِ اللَّهِ,CONCEPT,بِسْمِ — ثلاثة طبقات نحوية,بِسْمِ — Three Layers in One Word,"Hands opening a Mushaf at its first page, gentle light rising from it: beginning in the name of Allah (nothing readable)"
ch03-bismillah-start.png,chapter-03-lesson-05-spoken-phrases.json,ch03-l03,3,3,Basmalah Unlocked — بِسْمِ اللَّهِ,WORD,اللَّهُ,Allah,"Hands opening a Mushaf at its first page, gentle light rising from it: beginning in the name of Allah (nothing readable)"
ch03-praise-dawn.png,chapter-03-lesson-05-spoken-phrases.json,ch03-l03,6,3,Basmalah Unlocked — بِسْمِ اللَّهِ,WORD,بِحَمْدِهِ,with His praise,"Birds in flight over trees at dawn, the whole landscape glowing. No figures"
ch03-servant-prostration.png,chapter-03-lesson-05-spoken-phrases.json,ch03-l03,10,3,Basmalah Unlocked — بِسْمِ اللَّهِ,WORD,عَبْدُ اللَّهِ,servant/slave of Allah,"A man in sujood on a prayer mat, seen from behind in soft light"
ch03-bismillah-start.png,chapter-03-lesson-05-spoken-phrases.json,ch03-l03,11,3,Basmalah Unlocked — بِسْمِ اللَّهِ,WORD,بِاسْمِ اللَّهِ,in the name of Allah,"Hands opening a Mushaf at its first page, gentle light rising from it: beginning in the name of Allah (nothing readable)"
ch03-idafa-two-joined.png,chapter-03-lesson-07-ya.json,ch03-l04,1,3,Chapter 3 Review,CONCEPT,الفصل الثالث — القواعد الأساسية,Chapter 3 — Key Rules,"Two blank tiles snapping together like puzzle pieces: the first loses a small round knob as it joins, the second carries a small curl beneath it. Two nouns become one phrase"
ch03-idafa-two-joined.png,chapter-03-lesson-07-ya.json,ch03-l04,2,3,Chapter 3 Review,GRAMMAR_NOTE,الإضافة — مرجع سريع,Idafa Quick Reference,"Two blank tiles snapping together like puzzle pieces: the first loses a small round knob as it joins, the second carries a small curl beneath it. Two nouns become one phrase"
ch02-book-is-new.png,chapter-04-lesson-01.json,ch04-l01,3,4,Adjective Follows Noun,WORD,كِتَابٌ جَدِيدٌ,a new book,"A single brand-new book with a crisp, bright cover, a faint shine on it"
ch02-house-is-big.png,chapter-04-lesson-01.json,ch04-l01,4,4,Adjective Follows Noun,WORD,بَيْتٌ كَبِيرٌ,a big house,"A big family house, with a small garden shed beside it for scale"
ch04-righteous-boy.png,chapter-04-lesson-01.json,ch04-l01,5,4,Adjective Follows Noun,WORD,وَلَدٌ صَالِحٌ,a righteous boy,A boy helping an elderly man carry his bag across a street
ch24-pen-small.png,chapter-04-lesson-01.json,ch04-l01,7,4,Adjective Follows Noun,WORD,قَلَمٌ صَغِيرٌ,a small pen,Same scene as the ch24 card (already requested)
ch25-mosque-not-far.png,chapter-04-lesson-01.json,ch04-l01,8,4,Adjective Follows Noun,WORD,مَسْجِدٌ قَرِيبٌ,a nearby mosque,Same scene as the ch25 card (already requested)
ch01-message-lamp-scroll.png,chapter-04-lesson-01.json,ch04-l01,9,4,Adjective Follows Noun,WORD,نَبِيٌّ عَظِيمٌ,a great prophet,A sealed scroll resting beside a lit oil lamp in a quiet room: a message brought from afar. No figures
ch19-my-religion.png,chapter-04-lesson-01.json,ch04-l01,10,4,Adjective Follows Noun,WORD,دِينٌ حَقٌّ,a true religion,Same scene as the ch19 card (already requested)
ch04-kind-words.png,chapter-04-lesson-01.json,ch04-l01,12,4,Adjective Follows Noun,WORD,كَلَامٌ حَسَنٌ,beautiful speech,"Two men talking warmly, one speaking kindly to the other with an open hand"
ch02-house-is-big.png,chapter-04-lesson-02.json,ch04-l02,2,4,Definite Agreement — الْبَيْتُ الْكَبِيرُ,WORD,الْبَيْتُ الْكَبِيرُ,the big house,"A big family house, with a small garden shed beside it for scale"
ch02-book-is-new.png,chapter-04-lesson-02.json,ch04-l02,4,4,Definite Agreement — الْبَيْتُ الْكَبِيرُ,WORD,الْكِتَابُ الْجَدِيدُ,the new book,"A single brand-new book with a crisp, bright cover, a faint shine on it"
ch04-righteous-boy.png,chapter-04-lesson-02.json,ch04-l02,6,4,Definite Agreement — الْبَيْتُ الْكَبِيرُ,WORD,الْوَلَدُ الصَّالِحُ,the righteous boy,A boy helping an elderly man carry his bag across a street
ch19-my-religion.png,chapter-04-lesson-02.json,ch04-l02,7,4,Definite Agreement — الْبَيْتُ الْكَبِيرُ,WORD,الدِّينُ الْحَقُّ,the true religion,Same scene as the ch19 card (already requested)
ch04-kind-words.png,chapter-04-lesson-02.json,ch04-l02,9,4,Definite Agreement — الْبَيْتُ الْكَبِيرُ,WORD,الْقَوْلُ الْكَرِيمُ,the noble word / speech,"Two men talking warmly, one speaking kindly to the other with an open hand"
ch04-righteous-deed.png,chapter-04-lesson-02.json,ch04-l02,10,4,Definite Agreement — الْبَيْتُ الْكَبِيرُ,WORD,الْعَمَلُ الصَّالِحُ,the righteous deed,A young man carrying a jug of water to an elderly neighbour's doorstep
ch14-phrase-or-sentence.png,chapter-04-lesson-02.json,ch04-l02,12,4,Definite Agreement — الْبَيْتُ الْكَبِيرُ,GRAMMAR_NOTE,فَرْقٌ بَيْن الاسم الْمُرَكَّب وَالْجُمْلَة,Phrase vs Sentence — Critical Distinction,Same scene as the ch14 card (already requested)
ch14-phrase-or-sentence.png,chapter-04-lesson-03.json,ch04-l05,1,4,Adjective Phrase or Complete Sentence?,CONCEPT,تَرْكِيبٌ أَمْ جُمْلَةٌ؟,Phrase or complete sentence?,Same scene as the ch14 card (already requested)
ch02-house-is-big.png,chapter-04-lesson-03.json,ch04-l05,2,4,Adjective Phrase or Complete Sentence?,CONTRAST,الْبَيْتُ الْكَبِيرُ / الْبَيْتُ كَبِيرٌ,The big house / The house is big,"A big family house, with a small garden shed beside it for scale"
ch02-book-is-new.png,chapter-04-lesson-03.json,ch04-l05,3,4,Adjective Phrase or Complete Sentence?,CONTRAST,الْكِتَابُ الْجَدِيدُ / الْكِتَابُ جَدِيدٌ,The new book / The book is new,"A single brand-new book with a crisp, bright cover, a faint shine on it"
ch25-mosque-not-far.png,chapter-04-lesson-03.json,ch04-l05,5,4,Adjective Phrase or Complete Sentence?,GRAMMAR_NOTE,اِخْتِبَارٌ سَرِيعٌ,A quick reading test,Same scene as the ch25 card (already requested)
ch01-surah-heading.png,chapter-04-lesson-04.json,ch04-l03,10,4,Feminine Agreement — كَلِمَةٌ طَيِّبَةٌ,WORD,سُورَةٌ كَرِيمَةٌ,a noble surah,"An open Mushaf on a wooden stand, a decorated surah heading band across the top of the page (ornament only, nothing readable)"
ch04-three-checks.png,chapter-04-lesson-05-phrase-vs-sentence.json,ch04-l06,1,4,Adjectives in Quranic Phrases,CONCEPT,ثَلَاثَةُ مَفَاتِيحَ,Three reading checks,"Three small tiles in a row with a tick under each: an arrow from a noun block to an adjective block (order), two matching highlighted tags (definiteness), two matching gold beads (gender)"
ch04-righteous-deed.png,chapter-04-lesson-05-phrase-vs-sentence.json,ch04-l06,4,4,Adjectives in Quranic Phrases,WORD,الْعَمَلُ الصَّالِحُ,the righteous deed,A young man carrying a jug of water to an elderly neighbour's doorstep
ch01-message-lamp-scroll.png,chapter-04-lesson-05-phrase-vs-sentence.json,ch04-l06,6,4,Adjectives in Quranic Phrases,WORD,نَبِيٌّ عَظِيمٌ,a great prophet,A sealed scroll resting beside a lit oil lamp in a quiet room: a message brought from afar. No figures
ch19-my-religion.png,chapter-04-lesson-05-phrase-vs-sentence.json,ch04-l06,7,4,Adjectives in Quranic Phrases,WORD,دِينٌ حَقٌّ,a true religion,Same scene as the ch19 card (already requested)
ch01-three-feminine-nouns.png,chapter-05-lesson-01.json,ch05-l01,3,5,‎هَٰذِهِ with Description and Idafa,CONCEPT,,A feminine noun may show ة,"Three things in a row, a tree, a walled garden and a school building, each with the same small gold tag hanging from it (the shared feminine sign)"
ch01-tree-near-far.png,chapter-05-lesson-02.json,ch05-l02,1,5,‎تِلْكَ in Useful Quranic Phrases,CONCEPT,تِلْكَ,Recall the pointer,Two panels of one landscape: a tree close to the viewer; the same kind of tree small and far away on a hill
ch05-school-near-far.png,chapter-05-lesson-02.json,ch05-l02,9,5,‎تِلْكَ in Useful Quranic Phrases,CONTRAST,هَٰذِهِ / تِلْكَ,Near versus far check,Two panels: a school right in front of the viewer; the same school small in the distance
ch05-school-near-far.png,chapter-05-lesson-02.json,ch05-l02,10,5,‎تِلْكَ in Useful Quranic Phrases,CONCEPT,تِلْكَ,Checkpoint,Two panels: a school right in front of the viewer; the same school small in the distance
ch05-idafa-vs-has.png,chapter-05-lesson-03.json,ch05-l03,9,5,لِي، لَكَ، لَكِ,CONTRAST,كِتَابُ الطَّالِبِ / لِلطَّالِبِ كِتَابٌ,Do not confuse two possession tools,"Two panels: left, a student's own book with a blank name label on the cover; right, the same student holding a book out to show he has one"
ch05-left-in-anger.png,chapter-05-lesson-05.json,ch05-l04,9,5,‎ذَهَبَ — First Past-Tense Verb,CONCEPT,,Quran recognition,A lone path leading away from a town toward the sea at dusk. No figures
ch05-one-went-group-went.png,chapter-05-lesson-06.json,ch05-l07,9,5,"Action, Doer, and Destination",CONTRAST,ذَهَبَ / ذَهَبُوا,Root-family preview,Two panels: one man walking away down a road; a group of men walking away down the same road
ch05-four-pointers.png,chapter-05-lesson-08-review.json,ch05-l05,1,5,R1 Cumulative Review,CONCEPT,هَٰذَا، ذَٰلِكَ، هَٰذِهِ، تِلْكَ,Demonstrative table,"Four-panel grid from the learner's viewpoint: a book near, a book far, a tree near, a tree far"
ch05-school-near-far.png,chapter-05-lesson-08-review.json,ch05-l05,2,5,R1 Cumulative Review,CONCEPT,,Near/far and masculine/feminine decision,Two panels: a school right in front of the viewer; the same school small in the distance
ch03-students-book.png,chapter-05-lesson-08-review.json,ch05-l05,3,5,R1 Cumulative Review,WORD,كِتَابُ الطَّالِبِ,the student's book,"A student holding up his own book, a blank name label on its cover"
ch02-house-is-big.png,chapter-05-lesson-08-review.json,ch05-l05,4,5,R1 Cumulative Review,WORD,بَيْتٌ كَبِيرٌ,a big house,"A big family house, with a small garden shed beside it for scale"
ch06-three-connectors.png,chapter-06-lesson-02.json,ch06-l02,7,6,"‎الَّذِي — Who, That, Which",CONTRAST,الَّذِي / الَّتِي / الَّذِينَ,Masculine singular scope,"Three panels, each with a small pointing arrow: one man, one woman, a group of men"
ch06-went-read.png,chapter-06-lesson-02.json,ch06-l02,8,6,"‎الَّذِي — Who, That, Which",CONTRAST,ذَهَبَ / قَرَأَ,The clause can contain a known past verb,Two panels: a boy walking out through a door; the same boy sitting and reading a book
ch06-measured-guided.png,chapter-06-lesson-04.json,ch06-l04,5,6,‎الَّذِي in a Quranic Action Chain,WORD,وَالَّذِي قَدَّرَ فَهَدَىٰ,"And Who measured, then guided","A seed, then a sapling growing up along a guiding trellis toward the light: measured, then guided. No figures"
ch06-measured-guided.png,chapter-06-lesson-04.json,ch06-l04,6,6,‎الَّذِي in a Quranic Action Chain,CONTRAST,وَ + الَّذِي,وَالَّذِي,"A seed, then a sapling growing up along a guiding trellis toward the light: measured, then guided. No figures"
ch06-measured-guided.png,chapter-06-lesson-04.json,ch06-l04,7,6,‎الَّذِي in a Quranic Action Chain,CONTRAST,فَ + هَدَىٰ,فَهَدَىٰ,"A seed, then a sapling growing up along a guiding trellis toward the light: measured, then guided. No figures"
ch06-three-connectors.png,chapter-06-lesson-04.json,ch06-l04,9,6,‎الَّذِي in a Quranic Action Chain,CONTRAST,الَّذِي / الَّتِي / الَّذِينَ,Do not confuse the forms,"Three panels, each with a small pointing arrow: one man, one woman, a group of men"
ch06-measured-guided.png,chapter-06-lesson-04.json,ch06-l04,10,6,‎الَّذِي in a Quranic Action Chain,CONCEPT,,Checkpoint,"A seed, then a sapling growing up along a guiding trellis toward the light: measured, then guided. No figures"
ch06-three-connectors.png,chapter-06-lesson-05.json,ch06-l05,8,6,Chapter 6 Review,CONTRAST,الَّذِي / الَّتِي / الَّذِينَ,Scope boundary,"Three panels, each with a small pointing arrow: one man, one woman, a group of men"
ch03-dua-hands.png,chapter-07-lesson-01.json,ch07-l01,4,7,My — attached ي,WORD,رَبِّي,my Lord,"Two hands raised in dua against a soft dawn sky, seen from behind; no face"
ch19-my-religion.png,chapter-07-lesson-01.json,ch07-l01,5,7,My — attached ي,WORD,دِينِي,my religion,Same scene as the ch19 card (already requested)
ch03-servant-prostration.png,chapter-07-lesson-01.json,ch07-l01,9,7,My — attached ي,AYAH_PREVIEW,يَا عِبَادِيَ,Quran checkpoint,"A man in sujood on a prayer mat, seen from behind in soft light"
ch03-dua-hands.png,chapter-07-lesson-02.json,ch07-l02,6,7,Your — attached كَ and كِ,WORD,رَبُّكَ,your Lord (male addressee),"Two hands raised in dua against a soft dawn sky, seen from behind; no face"
ch16-iqra-cave-light.png,chapter-07-lesson-02.json,ch07-l02,9,7,Your — attached كَ and كِ,AYAH_PREVIEW,بِاسْمِ رَبِّكَ,Quran checkpoint,Same scene as the ch16 card (already requested)
ch19-two-paths.png,chapter-07-lesson-03.json,ch07-l03,8,7,His and Her — attached هُ and هَا,AYAH_PREVIEW,فُجُورَهَا وَتَقْوَاهَا,"One هَا, two jobs (recognition only)",Same scene as the ch19 card (already requested)
ch07-asking-him-pen.png,chapter-07-lesson-04.json,ch07-l04,7,7,Possession with عِنْدَ,CONCEPT,أَعِنْدَكَ قَلَمٌ؟,Asking a man: أَعِنْدَكَ؟,"One boy asking another boy with an open hand; the other boy holds up a pen: yes, I have one"
ch07-asking-her-pen.png,chapter-07-lesson-04.json,ch07-l04,8,7,Possession with عِنْدَ,CONCEPT,أَعِنْدَكِ قَلَمٌ؟,Asking a woman: أَعِنْدَكِ؟,One girl in modest dress asking another girl with an open hand; the other girl holds up a pen
ch07-five-owners-books.png,chapter-07-lesson-06-review.json,ch07-l06,1,7,Chapter 7 Review,CONCEPT,الضَّمَائِرُ الْمُتَّصِلَةُ الْمُفْرَدَة,The four owner endings,"Five identical books, each held by a different owner: the viewer's own hands, a boy facing us, a girl facing us, a boy seen from the side, a girl seen from the side"
ch19-i-have-vs-my.png,chapter-07-lesson-06-review.json,ch07-l06,6,7,Chapter 7 Review,CONTRAST,لِي كِتَابٌ,لِي كِتَابٌ vs كِتَابِي,Same scene as the ch19 card (already requested)
ch08-he-said-she-said.png,chapter-08-lesson-01.json,ch08-l01,5,8,She Went — ذَهَبَتْ,CONTRAST,قَالَ / قَالَتْ,He said / she said,Two panels: a man speaking with an open hand; a woman in modest dress speaking with the same gesture
ch11-invitation-well.png,chapter-08-lesson-01.json,ch08-l01,9,8,She Went — ذَهَبَتْ,AYAH_PREVIEW,قَالَتْ,Quran checkpoint,A desert well beside a path that leads toward a distant tent. No figures
ch08-come-out-door.png,chapter-08-lesson-02.json,ch08-l02,7,8,The Same Marker Across Verbs,CONTRAST,قَالَتِ اخْرُجْ,Connected pronunciation,An inner doorway with a curtain drawn aside and light spilling from the room beyond. No figures
ch08-come-out-door.png,chapter-08-lesson-02.json,ch08-l02,8,8,The Same Marker Across Verbs,AYAH_PREVIEW,وَقَالَتِ,Quran checkpoint,An inner doorway with a curtain drawn aside and light spilling from the room beyond. No figures
ch18-he-who-she-who-went.png,chapter-08-lesson-03.json,ch08-l03,2,8,الَّتِي — Feminine Relative,CONTRAST,الَّذِي / الَّتِي,Recall the masculine connector,Same scene as the ch18 card (already requested)
ch18-he-who-she-who-went.png,chapter-08-lesson-03.json,ch08-l03,7,8,الَّتِي — Feminine Relative,CONCEPT,المُطَابَقَة,Agreement,Same scene as the ch18 card (already requested)
ch08-ancient-city-pillars.png,chapter-08-lesson-03.json,ch08-l03,9,8,الَّتِي — Feminine Relative,AYAH_PREVIEW,الَّتِي,Quran context,Ruins of a great ancient city of tall stone pillars in the desert. No figures
ch08-truthful-lamp.png,chapter-08-lesson-04.json,ch08-l04,4,8,My Mother — Feminine Integration,AYAH_PREVIEW,أُمُّهُ صِدِّيقَةٌ,The Quranic description,A single lamp burning steadily in a quiet prayer niche. No figures
ch08-he-said-she-said.png,chapter-08-lesson-05-review.json,ch08-l05,2,8,Chapter 8 Review,CONTRAST,قَالَ / قَالَتْ,He said / she said,Two panels: a man speaking with an open hand; a woman in modest dress speaking with the same gesture
ch08-come-out-door.png,chapter-08-lesson-05-review.json,ch08-l05,4,8,Chapter 8 Review,CONTRAST,قَالَتْ / قَالَتِ,Connected reading,An inner doorway with a curtain drawn aside and light spilling from the room beyond. No figures
ch18-he-who-she-who-went.png,chapter-08-lesson-05-review.json,ch08-l05,5,8,Chapter 8 Review,CONTRAST,الَّذِي / الَّتِي,Masculine and feminine 'who',Same scene as the ch18 card (already requested)
ch09-teacher-teachers.png,chapter-09-lesson-01.json,ch09-l01,4,9,Sound Masculine Plural — ـُونَ,CONTRAST,مُعَلِّمٌ / مُعَلِّمُونَ,Teacher and teachers,Two panels: one male teacher at a board; a group of male teachers standing together
ch14-people-or-things-sort.png,chapter-09-lesson-01.json,ch09-l01,6,9,Sound Masculine Plural — ـُونَ,CONCEPT,لِلْعَاقِلِ الْمُذَكَّر,Human scope,Same scene as the ch14 card (already requested)
ch09-mixed-group.png,chapter-09-lesson-01.json,ch09-l01,7,9,Sound Masculine Plural — ـُونَ,CONCEPT,جَمَاعَةٌ مِنْ رِجَالٍ وَنِسَاء,Mixed groups,"A congregation of men and women (separate groups, modest dress) walking out of a mosque together"
ch09-men-women-groups.png,chapter-09-lesson-02.json,ch09-l02,7,9,Sound Feminine Plural — ـَات,CONTRAST,مُؤْمِنُونَ / مُؤْمِنَاتٌ,Masculine and feminine,Two panels: a group of men walking to the mosque; a group of women in modest dress walking to the mosque
ch14-people-or-things-sort.png,chapter-09-lesson-03.json,ch09-l03,6,9,Common Broken Plurals,CONTRAST,مُسْلِمُونَ / كُتُبٌ,Sound versus broken,Same scene as the ch14 card (already requested)
ch09-who-are-these.png,chapter-09-lesson-04.json,ch09-l04,7,9,Nearby People — هٰؤُلَاءِ,WORD,مَنْ هٰؤُلَاءِ؟,Who are these people?,A child tugging a parent's sleeve and looking at a group of visitors standing at the door
ch09-three-plurals.png,chapter-09-lesson-06-review.json,ch09-l05,1,9,Chapter 9 Review,CONCEPT,أَنْوَاعُ الْجَمْعِ الثَّلَاثَة,The three plural families,"Three panels: a group of men, a group of women, a stack of books"
ch09-believers-believe.png,chapter-09-lesson-06-review.json,ch09-l05,8,9,Chapter 9 Review,CONTRAST,مُؤْمِنُونَ / يُؤْمِنُونَ,Noun or verb,Two panels: a group of men standing calmly (who they are); the same group raising their hands in dua (what they do)
ch10-upon-them.png,chapter-10-lesson-01.json,ch10-l01,6,10,They — هُمْ and هُنَّ,CONTRAST,هُمْ / ـهِمْ,Standalone or attached,"Soft light falling from above onto a small group seen from behind, walking a straight path"
ch10-unaware.png,chapter-10-lesson-01.json,ch10-l01,8,10,They — هُمْ and هُنَّ,AYAH_PREVIEW,وَهُمْ لَا يَشْعُرُونَ,Quran checkpoint,A group walking on at dusk with their backs to a bright lamp they do not notice
ch10-congregation-rows.png,chapter-10-lesson-02.json,ch10-l02,5,10,We — نَحْنُ,CONCEPT,نَعْبُدُ,The community voice,"Rows of worshippers standing shoulder to shoulder in prayer, seen from behind"
ch10-congregation-rows.png,chapter-10-lesson-02.json,ch10-l02,6,10,We — نَحْنُ,CONTRAST,نَعْبُدُ / نَسْتَعِينُ,Recognising the 'we' verbs,"Rows of worshippers standing shoulder to shoulder in prayer, seen from behind"
ch10-congregation-rows.png,chapter-10-lesson-02.json,ch10-l02,9,10,We — نَحْنُ,AYAH_PREVIEW,إِيَّاكَ نَعْبُدُ,Quran checkpoint,"Rows of worshippers standing shoulder to shoulder in prayer, seen from behind"
ch10-you-all-women.png,chapter-10-lesson-03.json,ch10-l05,2,10,You All — أَنْتُمْ and أَنْتُنَّ,CONCEPT,أَنْتُنَّ,You all: a female-only group,A woman teacher in modest dress facing a group of women students and speaking to them
ch10-you-all-women.png,chapter-10-lesson-03.json,ch10-l05,4,10,You All — أَنْتُمْ and أَنْتُنَّ,WORD,أَنْتُنَّ طَالِبَاتٌ,You are female students.,A woman teacher in modest dress facing a group of women students and speaking to them
ch19-two-paths.png,chapter-10-lesson-03.json,ch10-l05,8,10,You All — أَنْتُمْ and أَنْتُنَّ,AYAH_PREVIEW,وَلَا أَنْتُمْ عَابِدُونَ,Quran checkpoint,Same scene as the ch19 card (already requested)
ch10-you-all-two-groups.png,chapter-10-lesson-03.json,ch10-l05,9,10,You All — أَنْتُمْ and أَنْتُنَّ,CONCEPT,أَنْتُمْ / أَنْتُنَّ,Summary and boundary,Two panels: a speaker facing a group of men; a speaker facing a group of women
ch20-our-lord-guide-us.png,chapter-10-lesson-05.json,ch10-l04,8,10,After — بَعْدَ,AYAH_PREVIEW,بَعْدَ إِذْ هَدَيْتَنَا,Quran checkpoint,Same scene as the ch20 card (already requested)
ch10-five-pronouns.png,chapter-10-lesson-07-review.json,ch10-l06,1,10,Chapter 10 Review,CONCEPT,هُمْ، هُنَّ، نَحْنُ، أَنْتُمْ، أَنْتُنَّ,Five standalone pronouns,"Five small panels: a group of men, a group of women, a group that includes the viewer, a speaker facing men, a speaker facing women"
ch10-you-all-two-groups.png,chapter-10-lesson-07-review.json,ch10-l06,3,10,Chapter 10 Review,CONTRAST,أَنْتُمْ / أَنْتُنَّ,You all: which group?,Two panels: a speaker facing a group of men; a speaker facing a group of women
ch10-upon-them.png,chapter-10-lesson-07-review.json,ch10-l06,6,10,Chapter 10 Review,CONTRAST,هُمْ / عَلَيْهِمْ,Standalone or attached,"Soft light falling from above onto a small group seen from behind, walking a straight path"
ch11-my-father-my-mother.png,chapter-11-lesson-01.json,ch11-l01,3,11,My Father and My Mother — أَبِي and أُمِّي,CONTRAST,يَاءُ الْمُتَكَلِّمِ,The attached ي means my,"A child standing between father and mother, holding both their hands"
ch11-invitation-well.png,chapter-11-lesson-01.json,ch11-l01,8,11,My Father and My Mother — أَبِي and أُمِّي,AYAH_PREVIEW,إِنَّ أَبِي يَدْعُوكَ,Quran checkpoint,A desert well beside a path that leads toward a distant tent. No figures
ch11-brother-sister.png,chapter-11-lesson-02.json,ch11-l02,6,11,Family Vocabulary,CONTRAST,أَخِي / أُخْتِي,"My brother, my sister",A boy and his sister in modest dress standing side by side
ch11-brothers-believers.png,chapter-11-lesson-02.json,ch11-l02,8,11,Family Vocabulary,AYAH_PREVIEW,إِنَّمَا الْمُؤْمِنُونَ إِخْوَةٌ,Quran checkpoint,Men of different ages greeting each other warmly outside a mosque
ch11-pen-in-drawer.png,chapter-11-lesson-03.json,ch11-l03,2,11,"In It, Masculine — فِيهِ",WORD,فِيهِ,in it (masculine),An open desk drawer with a pen lying inside it
ch11-pen-in-drawer.png,chapter-11-lesson-03.json,ch11-l03,5,11,"In It, Masculine — فِيهِ",EXAMPLE,هُوَ فِيهِ,It (the pen) is in it (the drawer).,An open desk drawer with a pen lying inside it
ch11-pen-in-drawer.png,chapter-11-lesson-03.json,ch11-l03,6,11,"In It, Masculine — فِيهِ",CONTRAST,فِي الدُّرْجِ / فِيهِ,"The noun, or the pronoun in its place",An open desk drawer with a pen lying inside it
ch03-open-mushaf.png,chapter-11-lesson-03.json,ch11-l03,7,11,"In It, Masculine — فِيهِ",AYAH_PREVIEW,ذَٰلِكَ الْكِتَابُ لَا رَيْبَ فِيهِ,Quran checkpoint,An open Mushaf on a wooden stand in soft light (nothing readable on the page)
ch11-pen-in-drawer.png,chapter-11-lesson-03.json,ch11-l03,8,11,"In It, Masculine — فِيهِ",CONCEPT,فِيهِ,Summary and boundary,An open desk drawer with a pen lying inside it
ch11-book-in-bag.png,chapter-11-lesson-04.json,ch11-l04,2,11,"In It, Feminine — فِيهَا",WORD,فِيهَا,in it (feminine),An open school bag with a book inside it
ch11-book-in-bag.png,chapter-11-lesson-04.json,ch11-l04,4,11,"In It, Feminine — فِيهَا",EXAMPLE,هُوَ فِيهَا,It (the book) is in it (the bag).,An open school bag with a book inside it
ch11-drawer-and-bag.png,chapter-11-lesson-04.json,ch11-l04,5,11,"In It, Feminine — فِيهَا",CONTRAST,فِيهِ / فِيهَا,Which 'in it'? Look at the noun,Two panels: a pen in an open desk drawer; a book in an open school bag
ch11-drawer-and-bag.png,chapter-11-lesson-04.json,ch11-l04,8,11,"In It, Feminine — فِيهَا",CONCEPT,فِيهِ / فِيهَا,Summary and boundary,Two panels: a pen in an open desk drawer; a book in an open school bag
ch14-large-houses.png,chapter-11-lesson-05.json,ch11-l05,2,11,Home in the Quran — بُيُوتِكُمْ,WORD,بُيُوتٌ,houses (broken plural),Same scene as the ch14 card (already requested)
ch11-your-homes.png,chapter-11-lesson-05.json,ch11-l05,4,11,Home in the Quran — بُيُوتِكُمْ,WORD,بُيُوتِكُمْ,your homes,"A quiet street of family homes at evening, lamps lit in every window"
ch11-your-homes.png,chapter-11-lesson-05.json,ch11-l05,5,11,Home in the Quran — بُيُوتِكُمْ,EXAMPLE,فِي بُيُوتِكُمْ,in your homes,"A quiet street of family homes at evening, lamps lit in every window"
ch14-large-houses.png,chapter-11-lesson-05.json,ch11-l05,6,11,Home in the Quran — بُيُوتِكُمْ,CONTRAST,بَيْتٌ / بُيُوتٌ / بُيُوتِكُمْ,Building the word step by step,Same scene as the ch14 card (already requested)
ch11-drawer-and-bag.png,chapter-11-lesson-05.json,ch11-l05,7,11,Home in the Quran — بُيُوتِكُمْ,CONCEPT,ـهِ، ـهَا، ـكُمْ,"Attached pronouns, all at the end",Two panels: a pen in an open desk drawer; a book in an open school bag
ch11-your-homes.png,chapter-11-lesson-05.json,ch11-l05,8,11,Home in the Quran — بُيُوتِكُمْ,AYAH_PREVIEW,وَاللَّهُ جَعَلَ لَكُم مِّن بُيُوتِكُمْ سَكَنًا,Quran checkpoint,"A quiet street of family homes at evening, lamps lit in every window"
ch11-drawer-and-bag.png,chapter-11-lesson-07-review.json,ch11-l06,5,11,Chapter 11 Review,CONTRAST,الدُّرْجِ / الْحَقِيبَةِ,The noun decides,Two panels: a pen in an open desk drawer; a book in an open school bag
ch11-invitation-well.png,chapter-11-lesson-07-review.json,ch11-l06,8,11,Chapter 11 Review,AYAH_PREVIEW,إِنَّ أَبِي يَدْعُوكَ,Quran checkpoint,A desert well beside a path that leads toward a distant tent. No figures
ch26-three-chain-links.png,chapter-26-lesson-01.json,ch26-l01,1,26,Unpack a Three-Noun Chain,CONCEPT,كِتَابُ الطَّالِبِ,"Recall: two nouns, one owner","Three large metal chain links in a row, the middle one lit from both sides; plain parchment background"
ch26-teachers-room.png,chapter-26-lesson-01.json,ch26-l01,2,26,Unpack a Three-Noun Chain,EXAMPLE,غُرْفَةُ الْأُسْتَاذِ,the teacher's room,"A tidy teacher's room: desk, bookshelf, a framed certificate; empty chair; no figures"
ch26-door-of-teachers-room.png,chapter-26-lesson-01.json,ch26-l01,3,26,Unpack a Three-Noun Chain,CONCEPT,بَابُ غُرْفَةِ الْأُسْتَاذِ,Add one more link,"A school corridor: a teacher's room with its wooden door, a small sign-plate on the room and a matching plate on the door, linked by a thin dotted line; no figures"
ch26-three-chain-links.png,chapter-26-lesson-01.json,ch26-l01,4,26,Unpack a Three-Noun Chain,CONCEPT,غُرْفَةِ,The middle noun has two jobs,"Three large metal chain links in a row, the middle one lit from both sides; plain parchment background"
ch26-door-of-imams-house.png,chapter-26-lesson-01.json,ch26-l01,5,26,Unpack a Three-Noun Chain,EXAMPLE,بَابُ بَيْتِ الْإِمَامِ,the door of the imam's house,"A modest house beside a mosque: the house's front door highlighted, a faceless imam figure in white walking towards it, seen from behind"
ch26-school-teacher-name.png,chapter-26-lesson-01.json,ch26-l01,6,26,Unpack a Three-Noun Chain,CONCEPT,اسْمُ مُدَرِّسِ الْمَدْرَسَةِ,Only the last noun carries الـ,"A school noticeboard with a teacher's name card pinned to it (blank lines, no letters), school building behind"
ch26-pointing-at-door.png,chapter-26-lesson-02.json,ch26-l02,1,26,Point at the Whole Chain,CONCEPT,هَذَا + بَابُ غُرْفَةِ الْأُسْتَاذِ,A pointer before a whole chain,"A hand pointing (index finger only, no face) at a classroom door at the end of a corridor"
ch26-pointing-at-door.png,chapter-26-lesson-02.json,ch26-l02,2,26,Point at the Whole Chain,CONCEPT,هَذَا بَابُ … / هَذِهِ غُرْفَةُ …,The pointer matches the first noun,"A hand pointing (index finger only, no face) at a classroom door at the end of a corridor"
ch26-imam-house-far.png,chapter-26-lesson-02.json,ch26-l02,3,26,Point at the Whole Chain,EXAMPLE,ذَلِكَ بَيْتُ إِمَامِ الْمَسْجِدِ,That is the house of the mosque's imam.,"Far view across a street: a house next to a mosque minaret, an arrow-like path pointing to the house"
ch26-teachers-car-far.png,chapter-26-lesson-02.json,ch26-l02,4,26,Point at the Whole Chain,EXAMPLE,تِلْكَ سَيَّارَةُ مُدَرِّسِ الْمَدْرَسَةِ,That is the car of the school's teacher.,"A small car parked far away in a school car park, school building behind"
ch26-open-mushaf-verses.png,chapter-26-lesson-02.json,ch26-l02,5,26,Point at the Whole Chain,AYAH_PREVIEW,تِلْكَ آيَاتُ الْكِتَابِ الْحَكِيمِ,Luqman 31:2: Those are the verses of the wise Book.,"An open Mushaf on a wooden stand, a row of softly glowing verse markers across the page; no figures"
ch26-door-open.png,chapter-26-lesson-02.json,ch26-l02,6,26,Point at the Whole Chain,CONCEPT,بَابُ غُرْفَةِ الْأُسْتَاذِ | مَفْتُوحٌ,Where the chain ends,"The teacher's room door standing open, light coming through; no figures"
ch26-matching-tags.png,chapter-26-lesson-03.json,ch26-l03,1,26,Which Noun Does the Adjective Describe?,CONCEPT,كِتَابُ الطَّالِبِ + الْجَدِيدُ,An adjective waits until the chain ends,"Two cards with identical coloured corner tags lying side by side, a thin line joining the matching tags"
ch26-matching-tags.png,chapter-26-lesson-03.json,ch26-l03,2,26,Which Noun Does the Adjective Describe?,CONCEPT,الصِّفَةُ تَتْبَعُ مَوْصُوفَهَا,The adjective copies its noun,"Two cards with identical coloured corner tags lying side by side, a thin line joining the matching tags"
ch26-new-book-or-new-student.png,chapter-26-lesson-03.json,ch26-l03,3,26,Which Noun Does the Adjective Describe?,CONTRAST,الْجَدِيدُ / الْجَدِيدِ,One ending changes who is new,"Split panel: left, a shiny brand-new book in the hands of a student seen from behind; right, a new student just arriving at the classroom door, from behind, holding an old book"
ch26-big-door-or-big-room.png,chapter-26-lesson-03.json,ch26-l03,4,26,Which Noun Does the Adjective Describe?,CONTRAST,الْكَبِيرُ / الْكَبِيرَةِ,Gender can tell you too,"Split panel: left, a small room with an oversized grand door; right, a vast hall with an ordinary small door"
ch26-imams-beautiful-house.png,chapter-26-lesson-03.json,ch26-l03,5,26,Which Noun Does the Adjective Describe?,EXAMPLE,بَيْتُ الْإِمَامِ الْجَمِيلُ,the imam's beautiful house,"A beautiful small house with a garden and arched windows, a mosque dome behind it"
ch26-open-mushaf-verses.png,chapter-26-lesson-03.json,ch26-l03,6,26,Which Noun Does the Adjective Describe?,AYAH_PREVIEW,تِلْكَ آيَاتُ الْكِتَابِ الْمُبِينِ,Yusuf 12:1: Those are the verses of the clear Book.,"An open Mushaf on a wooden stand, a row of softly glowing verse markers across the page; no figures"
ch26-day-of-judgement-symbolic.png,chapter-26-lesson-04.json,ch26-l04,1,26,A Three-Noun Chain in Al-Fatihah,AYAH_PREVIEW,مَالِكِ يَوْمِ الدِّينِ,Al-Fatihah 1:4: Master of the Day of Judgement.,"Symbolic: a vast horizon at dawn with a balanced scale silhouetted against the light; no figures, nothing depicting Allah"
ch26-three-chain-links.png,chapter-26-lesson-04.json,ch26-l04,2,26,A Three-Noun Chain in Al-Fatihah,CONCEPT,يَوْمِ,The middle link: يَوْمِ,"Three large metal chain links in a row, the middle one lit from both sides; plain parchment background"
ch26-three-chain-links.png,chapter-26-lesson-04.json,ch26-l04,3,26,A Three-Noun Chain in Al-Fatihah,CONCEPT,الدِّينِ,The last link carries الـ,"Three large metal chain links in a row, the middle one lit from both sides; plain parchment background"
ch26-fatiha-opening-page.png,chapter-26-lesson-04.json,ch26-l04,4,26,A Three-Noun Chain in Al-Fatihah,CONCEPT,لِلَّهِ … مَالِكِ,Why does مَالِكِ end in a kasra?,"The opening page of a Mushaf with its ornamented frame, closed lines of text as soft blurred bands; no figures"
ch26-three-chain-links.png,chapter-26-lesson-04.json,ch26-l04,5,26,A Three-Noun Chain in Al-Fatihah,CONTRAST,رَبِّ الْعَالَمِينَ / مَالِكِ يَوْمِ الدِّينِ,"Two chains you know, one new","Three large metal chain links in a row, the middle one lit from both sides; plain parchment background"
ch26-book-of-school-teacher.png,chapter-26-lesson-04.json,ch26-l04,6,26,A Three-Noun Chain in Al-Fatihah,EXAMPLE,كِتَابُ أُسْتَاذِ الْمَدْرَسَةِ,the book of the school's teacher,A teacher's book lying on a desk in front of a school whiteboard; no figures
ch26-three-chain-links.png,chapter-26-lesson-05-review.json,ch26-l06,1,26,Chapter 26 Review,CONCEPT,بَابُ غُرْفَةِ الْأُسْتَاذِ,Read a chain link by link,"Three large metal chain links in a row, the middle one lit from both sides; plain parchment background"
ch26-new-book-or-new-student.png,chapter-26-lesson-05-review.json,ch26-l06,2,26,Chapter 26 Review,CONCEPT,الْجَدِيدُ / الْجَدِيدِ,An adjective copies its noun,"Split panel: left, a shiny brand-new book in the hands of a student seen from behind; right, a new student just arriving at the classroom door, from behind, holding an old book"
ch26-pointing-at-door.png,chapter-26-lesson-05-review.json,ch26-l06,3,26,Chapter 26 Review,CONCEPT,هَذِهِ غُرْفَةُ الْأُسْتَاذِ,A pointer covers the whole chain,"A hand pointing (index finger only, no face) at a classroom door at the end of a corridor"
ch27-four-prepositions.png,chapter-27-lesson-01.json,ch27-l01,1,27,"Where, From Where, To Where?",CONCEPT,فِي · عَلَى · مِنْ · إِلَى,Four prepositions you know,"Four small panels: a ball in a box, a ball on a box, a ball rolling away from a box, a ball rolling towards a box"
ch27-book-in-bag-on-desk.png,chapter-27-lesson-01.json,ch27-l01,2,27,"Where, From Where, To Where?",CONTRAST,فِي / عَلَى,In or on?,Split panel: a book inside an open school bag; the same book on top of a desk
ch27-out-of-and-to-mosque.png,chapter-27-lesson-01.json,ch27-l01,3,27,"Where, From Where, To Where?",CONTRAST,مِنَ / إِلَى,From or to?,"Split panel: a faceless figure, seen from behind, walking out of a mosque door; the same figure walking towards a mosque"
ch27-house-kasra.png,chapter-27-lesson-01.json,ch27-l01,4,27,"Where, From Where, To Where?",CONCEPT,فِي الْبَيْتِ · فِي بَيْتٍ,The noun after a preposition takes a kasra,"A small house with a tiny ribbon hanging below its doorstep, the ribbon curled like a kasra; no letters"
ch26-door-of-imams-house.png,chapter-27-lesson-01.json,ch27-l01,5,27,"Where, From Where, To Where?",CONCEPT,فِي بَيْتِ الْإِمَامِ,"Two kasras, two reasons","A modest house beside a mosque: the house's front door highlighted, a faceless imam figure in white walking towards it, seen from behind"
ch27-isra-two-mosques.png,chapter-27-lesson-01.json,ch27-l01,6,27,"Where, From Where, To Where?",AYAH_PREVIEW,مِنَ الْمَسْجِدِ الْحَرَامِ إِلَى الْمَسْجِدِ الْأَقْصَى,Al-Isra 17:1 (excerpt): from al-Masjid al-Haram to al-Masjid al-Aqsa.,Symbolic night journey: a starry night sky with a line of light arching from the Kaaba's silhouette to the Dome of the Rock's silhouette; no figures
ch27-one-letter-joins.png,chapter-27-lesson-02.json,ch27-l02,1,27,Joined Prepositions: بِـ and لِـ,CONCEPT,بِـ · لِـ · كَـ,Some prepositions are one letter,"Three single letter-tiles each snapping onto a longer word-tile like puzzle pieces; no actual letters, plain shapes"
ch27-writing-with-pen.png,chapter-27-lesson-02.json,ch27-l02,2,27,Joined Prepositions: بِـ and لِـ,CONCEPT,بِالْقَلَمِ,بِـ keeps the alif of الـ,A hand writing with a pen in a notebook; no face
ch27-gift-for-student.png,chapter-27-lesson-02.json,ch27-l02,3,27,Joined Prepositions: بِـ and لِـ,CONCEPT,لِلطَّالِبِ · لِلَّهِ,لِـ drops the alif of الـ,A wrapped book with a gift tag on a student's desk; no figures
ch27-for-student-vs-students-book.png,chapter-27-lesson-02.json,ch27-l02,4,27,Joined Prepositions: بِـ and لِـ,CONTRAST,الْكِتَابُ لِلطَّالِبِ / كِتَابُ الطَّالِبِ,لِـ or a chain?,Split panel: a book with a gift tag being handed over; the same book already on its owner's desk
ch27-praise-symbolic.png,chapter-27-lesson-02.json,ch27-l02,5,27,Joined Prepositions: بِـ and لِـ,AYAH_PREVIEW,الْحَمْدُ لِلَّهِ رَبِّ الْعَالَمِينَ,"Al-Fatihah 1:2: All praise is for Allah, Lord of the worlds.","Symbolic: an open Mushaf at the first page under soft light, prayer beads beside it; no figures"
ch27-teacher-by-car.png,chapter-27-lesson-02.json,ch27-l02,6,27,Joined Prepositions: بِـ and لِـ,EXAMPLE,ذَهَبَ الْأُسْتَاذُ بِالسَّيَّارَةِ,The teacher went by car.,"A small car driving along a road towards a school, seen from behind"
ch27-asking-about-lesson.png,chapter-27-lesson-03.json,ch27-l03,1,27,عَنْ and كَـ,CONCEPT,سَأَلَ عَنِ الدَّرْسِ,عَنْ: about,"A raised hand in a classroom, seen from behind the student, the whiteboard full of lesson notes"
ch27-girl-asking-about-mosque.png,chapter-27-lesson-03.json,ch27-l03,2,27,عَنْ and كَـ,EXAMPLE,سَأَلَتِ الْبِنْتُ عَنِ الْمَسْجِدِ,The girl asked about the mosque.,A girl in hijab seen from behind pointing towards a mosque in the distance
ch27-brave-like-lion.png,chapter-27-lesson-03.json,ch27-l03,3,27,عَنْ and كَـ,CONCEPT,كَالْأَسَدِ,"كَـ: like, joined","A young boy seen from behind standing tall on a hill, his shadow on the ground shaped like a lion"
ch27-separate-vs-joined-tiles.png,chapter-27-lesson-03.json,ch27-l03,4,27,عَنْ and كَـ,CONTRAST,عَنِ الدَّرْسِ / كَالدَّرْسِ,Separate or joined?,"Two word-tiles with a gap between them, beside two tiles fused into one"
ch27-scattered-moths.png,chapter-27-lesson-03.json,ch27-l03,5,27,عَنْ and كَـ,AYAH_PREVIEW,يَوْمَ يَكُونُ النَّاسُ كَالْفَرَاشِ الْمَبْثُوثِ,Al-Qari'ah 101:4: the Day when people will be like scattered moths.,Symbolic: countless small moths scattered across a dim evening sky; no human figures
ch27-fluffed-wool-mountains.png,chapter-27-lesson-03.json,ch27-l03,6,27,عَنْ and كَـ,AYAH_PREVIEW,وَتَكُونُ الْجِبَالُ كَالْعِهْنِ الْمَنْفُوشِ,Al-Qari'ah 101:5: and the mountains will be like fluffed-up wool.,Symbolic: mountain peaks dissolving into soft tufts of coloured wool drifting in the air
ch27-in-it-box.png,chapter-27-lesson-04.json,ch27-l04,1,27,A Pronoun After a Preposition,CONCEPT,لَهُ · فِيهِ,You already know two,An open wooden box with a pen inside it
ch27-his-book-from-him.png,chapter-27-lesson-04.json,ch27-l04,2,27,A Pronoun After a Preposition,CONTRAST,كِتَابُهُ / مِنْهُ,ـهُ on a noun or after a preposition,Split panel: a book resting by its owner's hand (no face); the same book being handed from that hand to another
ch27-five-directions.png,chapter-27-lesson-04.json,ch27-l04,3,27,A Pronoun After a Preposition,CONCEPT,بِهِ · مِنْهُ · إِلَيْهِ · عَلَيْهِ · عَنْهُ,Five more forms,"A small cube with five arrows: one pointing into it, one away, one towards, one resting on top, one curving around it"
ch27-student-goes-to-teacher.png,chapter-27-lesson-04.json,ch27-l04,4,27,A Pronoun After a Preposition,EXAMPLE,هَذَا الْأُسْتَاذُ، وَذَهَبَ الطَّالِبُ إِلَيْهِ,"This is the teacher, and the student went to him.","A student seen from behind walking towards a teacher standing at the front of a classroom, both faceless"
ch26-open-mushaf-verses.png,chapter-27-lesson-04.json,ch27-l04,5,27,A Pronoun After a Preposition,AYAH_PREVIEW,ذَلِكَ الْكِتَابُ لَا رَيْبَ فِيهِ هُدًى لِلْمُتَّقِينَ,"Al-Baqarah 2:2: That is the Book: there is no doubt in it, a guidance for those mindful of Allah.","An open Mushaf on a wooden stand, a row of softly glowing verse markers across the page; no figures"
ch27-hands-held-back-symbolic.png,chapter-27-lesson-04.json,ch27-l04,6,27,A Pronoun After a Preposition,AYAH_PREVIEW,فَكَفَّ أَيْدِيَهُمْ عَنْكُمْ,Al-Ma'idah 5:11 (excerpt): but He held back their hands from you.,Symbolic: a protective dome of light over a small tent camp in a desert at dusk; no figures
ch27-separate-vs-joined-tiles.png,chapter-27-lesson-05-review.json,ch27-l05,1,27,Chapter 27 Review,CONCEPT,فِي · عَلَى · مِنْ · إِلَى · عَنْ / بِـ · لِـ · كَـ,Separate and joined,"Two word-tiles with a gap between them, beside two tiles fused into one"
ch27-house-kasra.png,chapter-27-lesson-05-review.json,ch27-l05,2,27,Chapter 27 Review,CONCEPT,فِي الْبَيْتِ · كَالْأَسَدِ,"After every preposition, a kasra","A small house with a tiny ribbon hanging below its doorstep, the ribbon curled like a kasra; no letters"
ch28-knew-the-news.png,chapter-28-lesson-01.json,ch28-l01,1,28,Knew and Understood,CONCEPT,عَلِمَ,عَلِمَ: knew,A father seen from behind reading a letter by a window
ch28-understood-lesson.png,chapter-28-lesson-01.json,ch28-l01,2,28,Knew and Understood,CONCEPT,فَهِمَ,فَهِمَ: understood,"A student seen from behind at a desk, a lit light-bulb icon floating over the open notebook"
ch28-knew-vs-understood.png,chapter-28-lesson-01.json,ch28-l01,3,28,Knew and Understood,CONTRAST,عَلِمَ / فَهِمَ,Knew or understood?,"Split panel: a rule written on a card pinned to a board; the same card with its gears visible, turning"
ch28-verb-doer-object.png,chapter-28-lesson-01.json,ch28-l01,4,28,Knew and Understood,CONCEPT,فَهِمَ + الطَّالِبُ + الدَّرْسَ,"Verb, doer, object","Three blank tiles in a row: an action arrow tile, a person-silhouette tile, a book tile"
ch28-girl-understood.png,chapter-28-lesson-01.json,ch28-l01,5,28,Knew and Understood,CONTRAST,عَلِمَتْ · فَهِمَتْ,When a woman is the doer,A girl in hijab seen from behind raising her hand happily at a whiteboard
ch28-twelve-springs-symbolic.png,chapter-28-lesson-01.json,ch28-l01,6,28,Knew and Understood,AYAH_PREVIEW,قَدْ عَلِمَ كُلُّ أُنَاسٍ مَشْرَبَهُمْ,Al-Baqarah 2:60 (excerpt): each people knew its drinking place.,Symbolic: a large rock in the desert with twelve small streams of water flowing from it; no figures
ch28-memorising-surah.png,chapter-28-lesson-02.json,ch28-l02,1,28,"Memorised, and Pleased With",CONCEPT,حَفِظَ,"حَفِظَ: memorised, kept safe",A boy seen from behind sitting cross-legged with a small Mushaf on a wooden stand
ch28-teacher-pleased.png,chapter-28-lesson-02.json,ch28-l02,2,28,"Memorised, and Pleased With",CONCEPT,رَضِيَ عَنْ,رَضِيَ عَنْ: was pleased with,A teacher seen from behind placing a gold star sticker on a student's notebook
ch28-object-vs-preposition.png,chapter-28-lesson-02.json,ch28-l02,3,28,"Memorised, and Pleased With",CONTRAST,حَفِظَ الدَّرْسَ / رَضِيَ عَنِ الدَّرْسِ,Object or preposition phrase?,Two tiles linked directly vs two tiles linked through a small bridge tile
ch28-girl-memorised.png,chapter-28-lesson-02.json,ch28-l02,4,28,"Memorised, and Pleased With",CONTRAST,حَفِظَتْ · رَضِيَتْ,When a woman is the doer,A girl in hijab seen from behind holding a small Mushaf against her chest
ch28-pleased-symbolic.png,chapter-28-lesson-02.json,ch28-l02,5,28,"Memorised, and Pleased With",AYAH_PREVIEW,رَضِيَ اللَّهُ عَنْهُمْ وَرَضُوا عَنْهُ,"At-Tawbah 9:100 (excerpt): Allah is pleased with them, and they are pleased with Him.",Symbolic: a green garden with flowing streams under a calm sky; no figures
ch28-guest-came.png,chapter-28-lesson-03.json,ch28-l03,1,28,Came and Gave,CONCEPT,أَتَى,أَتَى: came,A guest seen from behind arriving at an open front door with a small gift box
ch28-command-came-symbolic.png,chapter-28-lesson-03.json,ch28-l03,2,28,Came and Gave,AYAH_PREVIEW,أَتَى أَمْرُ اللَّهِ,An-Nahl 16:1 (opening): The command of Allah has come.,Symbolic: dark clouds parting with a single beam of light reaching the earth; no figures
ch28-giver-receiver-gift.png,chapter-28-lesson-03.json,ch28-l03,3,28,Came and Gave,CONCEPT,أَعْطَى + مُعْطٍ + آخِذٌ + عَطِيَّةٌ,أَعْطَى: gave — three parts,"Two hands (no faces): one handing a book to the other, a soft arrow showing the direction"
ch28-kawthar-river-symbolic.png,chapter-28-lesson-03.json,ch28-l03,4,28,Came and Gave,AYAH_PREVIEW,إِنَّا أَعْطَيْنَاكَ الْكَوْثَرَ,"Al-Kawthar 108:1: Indeed, We have granted you al-Kawthar.",Symbolic: a radiant river winding through a garden of light; no figures
ch28-mother-gives-pen.png,chapter-28-lesson-03.json,ch28-l03,5,28,Came and Gave,CONTRAST,أَتَتْ · أَعْطَتْ,When a woman is the doer,A mother in hijab seen from behind handing a pen to her daughter
ch28-gathered-books.png,chapter-28-lesson-04.json,ch28-l04,1,28,Gathered and Began,CONCEPT,جَمَعَ,جَمَعَ: gathered,A neat stack of books being gathered together by two hands on a table
ch28-counting-coins-symbolic.png,chapter-28-lesson-04.json,ch28-l04,2,28,Gathered and Began,AYAH_PREVIEW,الَّذِي جَمَعَ مَالًا وَعَدَّدَهُ,Al-Humazah 104:2: who gathered wealth and counted it.,"A pile of coins and a ledger on a table, one stack being counted; hands only, no faces"
ch28-lesson-begins.png,chapter-28-lesson-04.json,ch28-l04,3,28,Gathered and Began,CONCEPT,بَدَأَ,بَدَأَ: began,A whiteboard with the first line just written and a teacher's hand still holding the marker
ch28-clay-symbolic.png,chapter-28-lesson-04.json,ch28-l04,4,28,Gathered and Began,AYAH_PREVIEW,وَبَدَأَ خَلْقَ الْإِنْسَانِ مِنْ طِينٍ,As-Sajdah 32:7 (excerpt): and He began the creation of man from clay.,Symbolic: a mound of wet clay on the earth under soft morning light; no figures
ch28-girl-gathers-pens.png,chapter-28-lesson-04.json,ch28-l04,5,28,Gathered and Began,CONTRAST,جَمَعَتْ · بَدَأَتْ,When a woman is the doer,A girl in hijab seen from behind gathering colourful pens into a pencil case
ch28-classroom-sequence.png,chapter-28-lesson-05-review.json,ch28-l05,1,28,Chapter 28 Review,EXAMPLE,بَدَأَ الْأُسْتَاذُ الدَّرْسَ، وَفَهِمَ الطُّلَّابُ الْقَاعِدَةَ، وَأَعْطَى الْأُسْتَاذُ الطَّالِبَ الْمُجْتَهِدَ كِتَابًا,"The teacher began the lesson, the students understood the rule, and the teacher gave the hardworking student a book.","Three small panels: a teacher at the whiteboard starting, students raising hands, a teacher handing a book to a student — all faceless or from behind"
ch28-verb-doer-object.png,chapter-28-lesson-05-review.json,ch28-l05,2,28,Chapter 28 Review,CONCEPT,حَفِظَ الدَّرْسَ · رَضِيَ عَنْهُ · أَعْطَاهُ كِتَابًا,What follows the verb,"Three blank tiles in a row: an action arrow tile, a person-silhouette tile, a book tile"
ch29-noun-first-tile.png,chapter-29-lesson-01.json,ch29-l01,1,29,A Statement About Something,CONCEPT,الْجُمْلَةُ الِاسْمِيَّةُ,A sentence about something,"A sentence strip whose first tile is a book icon, followed by a speech-bubble tile"
ch29-topic-comment.png,chapter-29-lesson-01.json,ch29-l01,2,29,A Statement About Something,CONCEPT,مُبْتَدَأٌ + خَبَرٌ,Topic and comment,A book with a spotlight on it and a speech bubble beside it describing it (empty bubble)
ch29-he-is-teacher.png,chapter-29-lesson-01.json,ch29-l01,3,29,A Statement About Something,EXAMPLE,هُوَ مُدَرِّسٌ,He is a teacher.,A teacher seen from behind standing at a whiteboard
ch29-student-in-classroom.png,chapter-29-lesson-01.json,ch29-l01,4,29,A Statement About Something,EXAMPLE,الطَّالِبُ فِي الْفَصْلِ,The student is in the classroom.,A student seen from behind sitting in a classroom
ch29-praise-symbolic.png,chapter-29-lesson-01.json,ch29-l01,5,29,A Statement About Something,AYAH_PREVIEW,الْحَمْدُ لِلَّهِ رَبِّ الْعَالَمِينَ,"Al-Fatihah 1:2: All praise is for Allah, Lord of the worlds.",Symbolic: an open Mushaf at the first page under soft light; no figures
ch29-verb-first-tile.png,chapter-29-lesson-02.json,ch29-l02,1,29,A Sentence That Opens With an Action,CONCEPT,الْجُمْلَةُ الْفِعْلِيَّةُ,A sentence that opens with an action,"A sentence strip whose first tile is a motion-arrow icon, followed by a person-silhouette tile"
ch29-verb-doer-object.png,chapter-29-lesson-02.json,ch29-l02,2,29,A Sentence That Opens With an Action,CONCEPT,فِعْلٌ + فَاعِلٌ + مَفْعُولٌ,"Verb, doer, object","Three tiles: an action arrow, a person silhouette, a notebook"
ch29-girl-enters-classroom.png,chapter-29-lesson-02.json,ch29-l02,3,29,A Sentence That Opens With an Action,EXAMPLE,دَخَلَتِ الْبِنْتُ الْفَصْلَ,The girl entered the classroom.,A girl in hijab seen from behind stepping through a classroom doorway
ch29-joining-wa.png,chapter-29-lesson-02.json,ch29-l02,4,29,A Sentence That Opens With an Action,CONCEPT,وَ + جَاءَ,وَ joins; it is not the core,A small connector clip joining two sentence strips
ch29-magicians-symbolic.png,chapter-29-lesson-02.json,ch29-l02,5,29,A Sentence That Opens With an Action,AYAH_PREVIEW,وَجَاءَ السَّحَرَةُ فِرْعَوْنَ,Al-A'raf 7:113 (opening): And the magicians came to Pharaoh.,Symbolic: an ancient Egyptian palace hall with tall columns and scattered staffs and ropes on the floor; no figures
ch29-two-orders.png,chapter-29-lesson-03.json,ch29-l03,1,29,Compare the Two Cores,CONTRAST,ذَهَبَ الطَّالِبُ / الطَّالِبُ ذَهَبَ,"Same news, two orders",Two sentence strips with the same two tiles swapped: action-arrow first vs person first
ch29-sentence-inside-sentence.png,chapter-29-lesson-03.json,ch29-l03,2,29,Compare the Two Cores,CONCEPT,الطَّالِبُ | ذَهَبَ إِلَى الْمَدْرَسَةِ,A comment can be a whole action,A large speech bubble containing a smaller sentence strip
ch29-skip-opening-word.png,chapter-29-lesson-03.json,ch29-l03,3,29,Compare the Two Cores,CONCEPT,قُلْ · وَ · لَا,Look past the opening word,A sentence strip whose first small tile is greyed out and lifted aside
ch29-oneness-symbolic.png,chapter-29-lesson-03.json,ch29-l03,4,29,Compare the Two Cores,AYAH_PREVIEW,قُلْ هُوَ اللَّهُ أَحَدٌ,"Al-Ikhlas 112:1: Say, He is Allah, One.","Symbolic: a single bright star above a calm, empty desert at night; no figures"
ch29-kafirun-symbolic.png,chapter-29-lesson-03.json,ch29-l03,5,29,Compare the Two Cores,AYAH_PREVIEW,لَا أَعْبُدُ مَا تَعْبُدُونَ,Al-Kafirun 109:2: I do not worship what you worship.,Symbolic: two separate paths diverging across an open plain at sunrise; no figures
ch29-big-house-emphasis.png,chapter-29-lesson-04.json,ch29-l04,1,29,إِنَّ and لَيْسَ Again,CONTRAST,الْبَيْتُ كَبِيرٌ / إِنَّ الْبَيْتَ كَبِيرٌ,إِنَّ before a topic and comment,"A big house with a bold underline beneath it, as if stressed"
ch29-big-house-crossed.png,chapter-29-lesson-04.json,ch29-l04,2,29,إِنَّ and لَيْسَ Again,CONTRAST,الْبَيْتُ كَبِيرٌ / لَيْسَ الْبَيْتُ كَبِيرًا,لَيْسَ before a topic and comment,A modest house with a faint outline of a bigger house crossed out above it
ch29-which-part-changes.png,chapter-29-lesson-04.json,ch29-l04,3,29,إِنَّ and لَيْسَ Again,CONCEPT,إِنَّ: الِاسْمُ ـَ · لَيْسَ: الْخَبَرُ ـً,Which part changes?,"Two sentence strips: in the first the first tile is highlighted, in the second the last tile is highlighted"
ch29-forgiving-symbolic.png,chapter-29-lesson-04.json,ch29-l04,4,29,إِنَّ and لَيْسَ Again,AYAH_PREVIEW,إِنَّ اللَّهَ غَفُورٌ رَحِيمٌ,"Al-Baqarah 2:173 (closing words): Indeed, Allah is Forgiving and Merciful.",Symbolic: gentle rain falling on green fields under a soft sky; no figures
ch29-nothing-like-him-symbolic.png,chapter-29-lesson-04.json,ch29-l04,5,29,إِنَّ and لَيْسَ Again,AYAH_PREVIEW,لَيْسَ كَمِثْلِهِ شَيْءٌ,Ash-Shura 42:11 (excerpt): There is nothing like Him.,Symbolic: a vast clear night sky over an empty desert horizon with one soft band of light; no figures
ch29-three-steps.png,chapter-29-lesson-05.json,ch29-l05,1,29,Classifying Ayat,CONCEPT,١ تَجَاوَزْ ٢ انْظُرْ ٣ احْكُمْ,The steps,"Three numbered blank cards in a row with arrows between them: an eraser, a magnifying glass, a tick"
ch29-book-symbolic.png,chapter-29-lesson-05.json,ch29-l05,2,29,Classifying Ayat,AYAH_PREVIEW,ذَلِكَ الْكِتَابُ لَا رَيْبَ فِيهِ,Al-Baqarah 2:2 (opening): That is the Book: there is no doubt in it.,An open Mushaf on a wooden stand under soft light; no figures
ch28-command-came-symbolic.png,chapter-29-lesson-05.json,ch29-l05,3,29,Classifying Ayat,AYAH_PREVIEW,أَتَى أَمْرُ اللَّهِ,An-Nahl 16:1 (opening): The command of Allah has come.,Symbolic: dark clouds parting with a single beam of light reaching the earth; no figures
ch29-kafirun-symbolic.png,chapter-29-lesson-05.json,ch29-l05,4,29,Classifying Ayat,AYAH_PREVIEW,وَلَا أَنْتُمْ عَابِدُونَ مَا أَعْبُدُ,Al-Kafirun 109:3: Nor are you worshippers of what I worship.,Symbolic: two separate paths diverging across an open plain at sunrise; no figures
ch29-doer-noun-vs-verb.png,chapter-29-lesson-05.json,ch29-l05,5,29,Classifying Ayat,CONTRAST,عَابِدُونَ / عَبَدَ,A doer-noun or a verb?,Split panel: an action arrow tile; a name-badge tile on a person silhouette (no face)
ch29-two-orders.png,chapter-29-lesson-06-review.json,ch29-l06,1,29,Chapter 29 Review,CONCEPT,اسْمِيَّةٌ · فِعْلِيَّةٌ,Two kinds of sentence,Two sentence strips with the same two tiles swapped: action-arrow first vs person first
ch29-which-part-changes.png,chapter-29-lesson-06-review.json,ch29-l06,2,29,Chapter 29 Review,CONCEPT,إِنَّ الْبَيْتَ كَبِيرٌ · لَيْسَ الْبَيْتُ كَبِيرًا,What إِنَّ and لَيْسَ change,"Two sentence strips: in the first the first tile is highlighted, in the second the last tile is highlighted"
ch30-ahmad-family-text.png,chapter-30-lesson-01.json,ch30-l01,1,30,Reading Across Sentences,EXAMPLE,هَذَا أَحْمَدُ. هُوَ طَالِبٌ. بَيْتُهُ قَرِيبٌ مِنَ الْمَدْرَسَةِ، وَأُخْتُهُ فَاطِمَةُ مُدَرِّسَةٌ فِيهَا.,"This is Ahmad. He is a student. His house is near the school, and his sister Fatimah is a teacher in it.",A school next to a small house; a boy and his older sister in hijab seen from behind walking towards the school
ch30-sentence-breaks.png,chapter-30-lesson-01.json,ch30-l01,2,30,Reading Across Sentences,CONCEPT,هَذَا أَحْمَدُ. | هُوَ طَالِبٌ.,One sentence at a time,A paragraph strip cut into four separate pieces with small scissors
ch30-pronoun-arrows.png,chapter-30-lesson-01.json,ch30-l01,3,30,Reading Across Sentences,CONCEPT,هُوَ · بَيْتُهُ · أُخْتُهُ ← أَحْمَدُ,Follow the pronoun back,Small tiles with curved arrows all pointing back to one name-badge tile
ch30-teacher-in-school.png,chapter-30-lesson-01.json,ch30-l01,4,30,Reading Across Sentences,CONCEPT,فِيهَا ← الْمَدْرَسَةِ,ـهَا points to a feminine noun,A female teacher in hijab seen from behind at the front of a classroom
ch29-book-symbolic.png,chapter-30-lesson-01.json,ch30-l01,5,30,Reading Across Sentences,AYAH_PREVIEW,ذَلِكَ الْكِتَابُ لَا رَيْبَ فِيهِ,Al-Baqarah 2:2 (opening): That is the Book: there is no doubt in it.,An open Mushaf on a wooden stand under soft light; no figures
ch30-ahmad-day-story.png,chapter-30-lesson-02.json,ch30-l02,1,30,A Short Story in Order,EXAMPLE,خَرَجَ أَحْمَدُ مِنَ الْبَيْتِ وَذَهَبَ إِلَى الْمَدْرَسَةِ، فَدَخَلَ الْفَصْلَ وَبَدَأَ الْأُسْتَاذُ الدَّرْسَ. فَهِمَ أَحْمَدُ الدَّرْسَ فَرَجَعَ إِلَى الْبَيْتِ.,"Ahmad went out of the house and went to school; then he entered the classroom, and the teacher began the lesson. Ahmad understood the lesson, so he went back home.","Five small comic panels, all faceless/from behind: leaving a house, walking to school, entering a classroom, teacher starting a lesson, walking home"
ch30-five-steps.png,chapter-30-lesson-02.json,ch30-l02,2,30,A Short Story in Order,CONCEPT,١ خَرَجَ ٢ ذَهَبَ ٣ دَخَلَ ٤ بَدَأَ ٥ فَهِمَ … رَجَعَ,Five steps,Five numbered stepping stones across a stream
ch30-new-doer.png,chapter-30-lesson-02.json,ch30-l02,3,30,A Short Story in Order,CONCEPT,وَبَدَأَ الْأُسْتَاذُ,The doer can change,A relay baton passing from a student's hand to a teacher's hand (hands only)
ch29-joining-wa.png,chapter-30-lesson-02.json,ch30-l02,4,30,A Short Story in Order,CONTRAST,وَ / فَ,وَ and فَ,A small connector clip joining two sentence strips
ch30-dialogue-question.png,chapter-30-lesson-03.json,ch30-l03,1,30,Following a Dialogue,EXAMPLE,أَحْمَدُ: أَيْنَ الْأُسْتَاذُ؟,Ahmad: Where is the teacher?,"Two speech bubbles: one with a question mark, a boy seen from behind beside it"
ch30-dialogue-answer-mosque.png,chapter-30-lesson-03.json,ch30-l03,2,30,Following a Dialogue,EXAMPLE,زَيْنَبُ: هُوَ فِي الْمَسْجِدِ.,Zaynab: He is in the mosque.,A girl in hijab seen from behind pointing towards a mosque
ch30-dialogue-sorry-where.png,chapter-30-lesson-03.json,ch30-l03,3,30,Following a Dialogue,EXAMPLE,أَحْمَدُ: عَفْوًا، أَيْنَ؟,"Ahmad: Sorry, where?",A boy seen from behind cupping a hand behind his ear
ch30-mosque-near-school.png,chapter-30-lesson-03.json,ch30-l03,4,30,Following a Dialogue,EXAMPLE,زَيْنَبُ: فِي الْمَسْجِدِ، قَرِيبٌ مِنَ الْمَدْرَسَةِ.,"Zaynab: In the mosque, near the school.",A mosque next to a school on the same street
ch30-dialogue-question.png,chapter-30-lesson-03.json,ch30-l03,5,30,Following a Dialogue,EXAMPLE,أَحْمَدُ: هَلْ خَرَجَ مِنْهُ؟,Ahmad: Has he come out of it?,"Two speech bubbles: one with a question mark, a boy seen from behind beside it"
ch30-teacher-inside-mosque.png,chapter-30-lesson-03.json,ch30-l03,6,30,Following a Dialogue,EXAMPLE,زَيْنَبُ: لَا، هُوَ فِيهِ الْآنَ.,"Zaynab: No, he is in it now.",View through an open mosque door: a faceless teacher seated on the carpet inside
ch30-said-asked-answered.png,chapter-30-lesson-03.json,ch30-l03,7,30,Following a Dialogue,CONCEPT,قَالَ · سَأَلَ · أَجَابَ,Words for talking,"Three speech bubbles: plain, with a question mark, with a tick"
ch30-what-is-this.png,chapter-30-lesson-04.json,ch30-l04,1,30,مَا Inside a Sentence,CONCEPT,مَا هَذَا؟,مَا as a question,A hand (no face) holding up an unfamiliar object with a question-mark tag
ch30-understood-what-said.png,chapter-30-lesson-04.json,ch30-l04,2,30,مَا Inside a Sentence,CONCEPT,فَهِمْتُ مَا قَالَ الْأُسْتَاذُ,مَا inside a sentence: 'what',"A student seen from behind nodding, with a speech bubble from the teacher flowing into the student's notebook"
ch30-wrote-what-said.png,chapter-30-lesson-04.json,ch30-l04,3,30,مَا Inside a Sentence,EXAMPLE,كَتَبَ الطَّالِبُ مَا قَالَ الْأُسْتَاذُ,The student wrote what the teacher said.,A notebook page being filled as a teacher's speech bubble flows into it; hands only
ch29-kafirun-symbolic.png,chapter-30-lesson-04.json,ch30-l04,4,30,مَا Inside a Sentence,AYAH_PREVIEW,لَا أَعْبُدُ مَا تَعْبُدُونَ,Al-Kafirun 109:2: I do not worship what you worship.,Symbolic: two separate paths diverging across an open plain at sunrise; no figures
ch30-two-ma.png,chapter-30-lesson-04.json,ch30-l04,5,30,مَا Inside a Sentence,CONTRAST,مَا هَذَا؟ / مَا تَعْبُدُونَ,Two مَا,Split panel: a question-mark tag; a frame around a group of tiles
ch30-kafirun-1.png,chapter-30-lesson-05.json,ch30-l05,1,30,All of Surah Al-Kafirun,AYAH_PREVIEW,قُلْ يَا أَيُّهَا الْكَافِرُونَ,"109:1: Say, O disbelievers,",Symbolic: an open Mushaf at Surah Al-Kafirun's page under lamp light; no figures
ch29-kafirun-symbolic.png,chapter-30-lesson-05.json,ch30-l05,2,30,All of Surah Al-Kafirun,AYAH_PREVIEW,لَا أَعْبُدُ مَا تَعْبُدُونَ,109:2: I do not worship what you worship.,Symbolic: two separate paths diverging across an open plain at sunrise; no figures
ch30-kafirun-two-sides.png,chapter-30-lesson-05.json,ch30-l05,3,30,All of Surah Al-Kafirun,AYAH_PREVIEW,وَلَا أَنْتُمْ عَابِدُونَ مَا أَعْبُدُ,109:3: Nor are you worshippers of what I worship.,Symbolic: two separate lamps lit on two sides of a dividing line; no figures
ch30-kafirun-two-sides.png,chapter-30-lesson-05.json,ch30-l05,4,30,All of Surah Al-Kafirun,AYAH_PREVIEW,وَلَا أَنَا عَابِدٌ مَا عَبَدْتُمْ,109:4: Nor will I be a worshipper of what you worship.,Symbolic: two separate lamps lit on two sides of a dividing line; no figures
ch30-kafirun-two-sides.png,chapter-30-lesson-05.json,ch30-l05,5,30,All of Surah Al-Kafirun,AYAH_PREVIEW,وَلَا أَنْتُمْ عَابِدُونَ مَا أَعْبُدُ,109:5: Nor will you be worshippers of what I worship.,Symbolic: two separate lamps lit on two sides of a dividing line; no figures
ch30-kafirun-6.png,chapter-30-lesson-05.json,ch30-l05,6,30,All of Surah Al-Kafirun,AYAH_PREVIEW,لَكُمْ دِينُكُمْ وَلِيَ دِينِ,"109:6: For you is your religion, and for me is my religion.","Symbolic: two separate paths across an open plain, each ending at its own lit doorway; no figures"
ch30-for-you-your.png,chapter-30-lesson-05.json,ch30-l05,7,30,All of Surah Al-Kafirun,CONTRAST,لَكُمْ / دِينُكُمْ,For you / your,Split panel: a gift box with an arrow towards a group; a name tag on a book
ch30-maryam-market.png,chapter-30-lesson-06-review.json,ch30-l07,1,30,Chapter 30 Review,EXAMPLE,ذَهَبَتْ مَرْيَمُ إِلَى السُّوقِ مَعَ أُمِّهَا، فَأَعْطَتْهَا أُمُّهَا قَلَمًا جَدِيدًا. وَرَجَعَتْ مَرْيَمُ إِلَى الْبَيْتِ، فَكَتَبَتْ بِهِ الدَّرْسَ.,"Maryam went to the market with her mother, and her mother gave her a new pen. Maryam went back home and wrote the lesson with it.","A girl in hijab and her mother, both seen from behind, at a market stall; then the girl writing with a new pen at home"
ch30-pronoun-arrows.png,chapter-30-lesson-06-review.json,ch30-l07,2,30,Chapter 30 Review,CONCEPT,مَنْ؟ مَاذَا؟ ثُمَّ مَاذَا؟,How to read it,Small tiles with curved arrows all pointing back to one name-badge tile
ch31-statement-or-question.png,chapter-31-lesson-01.json,ch31-l01,1,31,Yes or No? هَلْ and أَ,CONTRAST,الْكِتَابُ جَدِيدٌ / هَلِ الْكِتَابُ جَدِيدٌ؟,Statement or question?,Two identical new books side by side; a small question-mark tag hangs over the second one only
ch31-did-ahmad-go.png,chapter-31-lesson-01.json,ch31-l01,2,31,Yes or No? هَلْ and أَ,EXAMPLE,هَلْ ذَهَبَ أَحْمَدُ إِلَى الْمَسْجِدِ؟,Did Ahmad go to the mosque?,"A boy seen from behind walking up the steps of a mosque, a small question-mark bubble above the path"
ch31-yes-mosque.png,chapter-31-lesson-01.json,ch31-l01,3,31,Yes or No? هَلْ and أَ,EXAMPLE,نَعَمْ، ذَهَبَ إِلَى الْمَسْجِدِ.,"Yes, he went to the mosque.","The same boy, seen from behind, now inside the mosque courtyard; a green tick beside him"
ch31-no-market.png,chapter-31-lesson-01.json,ch31-l01,4,31,Yes or No? هَلْ and أَ,EXAMPLE,لَا، ذَهَبَ إِلَى السُّوقِ.,"No, he went to the market.",A boy seen from behind walking into a market street with fruit stalls; a small cross over a mosque sign-post
ch31-do-you-have-pen.png,chapter-31-lesson-01.json,ch31-l01,5,31,Yes or No? هَلْ and أَ,CONCEPT,أَعِنْدَكَ قَلَمٌ؟,The question hamza,"A hand (no face) holding out an empty palm towards a pen lying on a desk, a question-mark tag on the pen"
ch31-two-question-keys.png,chapter-31-lesson-01.json,ch31-l01,6,31,Yes or No? هَلْ and أَ,CONTRAST,هَلْ عِنْدَكَ قَلَمٌ؟ / أَعِنْدَكَ قَلَمٌ؟,هَلْ or أَ,"Two different keys, one long and one tiny, both opening the same small box"
ch31-did-ahmad-go.png,chapter-31-lesson-01.json,ch31-l01,7,31,Yes or No? هَلْ and أَ,EXAMPLE,أَذَهَبَ الطَّالِبُ؟,Did the student go?,Same scene as the 'did Ahmad go' card
ch31-ghashiyah-symbolic.png,chapter-31-lesson-01.json,ch31-l01,8,31,Yes or No? هَلْ and أَ,AYAH_PREVIEW,هَلْ أَتَاكَ حَدِيثُ الْغَاشِيَةِ,88:1: Has the story of the Overwhelming Event reached you?,Symbolic: a vast dark cloud bank rolling over a wide plain at dusk; no figures
ch31-who-is-this.png,chapter-31-lesson-02.json,ch31-l02,1,31,Who and What?,CONCEPT,مَنْ هَذَا؟,مَنْ asks about a person,"A man in a white thobe seen from behind at a classroom door; a hand points at him, question-mark tag above"
ch31-who-in-class.png,chapter-31-lesson-02.json,ch31-l02,2,31,Who and What?,EXAMPLE,مَنْ فِي الْفَصْلِ؟,Who is in the classroom?,"A classroom seen through an open door: a teacher's back at the board, empty desks"
ch31-what-is-this.png,chapter-31-lesson-02.json,ch31-l02,3,31,Who and What?,CONCEPT,مَا هَذَا؟,مَا asks about a thing,"A hand (no face) pointing at a single pen lying on a desk, question-mark tag above it"
ch31-person-or-thing.png,chapter-31-lesson-02.json,ch31-l02,4,31,Who and What?,CONTRAST,مَنْ هَذَا؟ / مَا هَذَا؟,Person or thing?,Split panel: a hand pointing at a man seen from behind; a hand pointing at a pen
ch31-what-did-he-do.png,chapter-31-lesson-02.json,ch31-l02,5,31,Who and What?,CONCEPT,مَاذَا فَعَلَ الطَّالِبُ؟,مَاذَا asks what someone did,A student seen from behind writing in a notebook at a desk
ch31-zaynab-reading.png,chapter-31-lesson-02.json,ch31-l02,6,31,Who and What?,EXAMPLE,مَاذَا قَرَأَتْ زَيْنَبُ؟,What did Zaynab read?,A girl in hijab seen from behind reading a book at a window seat
ch31-two-kinds-of-ma.png,chapter-31-lesson-02.json,ch31-l02,7,31,Who and What?,CONTRAST,مَا هَذَا؟ / قَرَأْتُ مَا كَتَبْتَ,"Question مَا, or 'what' inside a sentence?",Split panel: a question-mark tag on a closed box; an open notebook passed from one hand to another
ch31-qariah-symbolic.png,chapter-31-lesson-02.json,ch31-l02,8,31,Who and What?,AYAH_PREVIEW,مَا الْقَارِعَةُ,101:2: What is the Striking Calamity?,"Symbolic: a great bronze bell struck once, sound rings spreading over an empty plain; no figures"
ch31-where-is-book.png,chapter-31-lesson-03.json,ch31-l03,1,31,Where and How?,CONCEPT,أَيْنَ الْكِتَابُ؟,أَيْنَ — where?,"A book on a shelf inside a small house, a dotted path leading to it from the door"
ch31-where-and-from-where.png,chapter-31-lesson-03.json,ch31-l03,2,31,Where and How?,CONTRAST,أَيْنَ أَنْتَ؟ / مِنْ أَيْنَ أَنْتَ؟,أَيْنَ / مِنْ أَيْنَ,Split panel: a pin on a house; an arrow starting from a distant country outline on a map
ch31-how-are-you.png,chapter-31-lesson-03.json,ch31-l03,3,31,Where and How?,CONCEPT,كَيْفَ حَالُكَ؟,كَيْفَ — how?,Two men seen from behind shaking hands at a mosque gate
ch31-how-are-you.png,chapter-31-lesson-03.json,ch31-l03,4,31,Where and How?,EXAMPLE,كَيْفَ حَالُكَ؟ — بِخَيْرٍ، الْحَمْدُ لِلَّهِ.,"How are you? — Well, praise be to Allah.",Same scene as the كَيْفَ card
ch31-easy-lesson.png,chapter-31-lesson-03.json,ch31-l03,5,31,Where and How?,EXAMPLE,كَيْفَ الدَّرْسُ؟ — الدَّرْسُ سَهْلٌ.,How is the lesson? — The lesson is easy.,An open notebook with three short neat lines and a green tick; a light feather resting on it
ch31-by-car-to-school.png,chapter-31-lesson-03.json,ch31-l03,6,31,Where and How?,EXAMPLE,كَيْفَ ذَهَبْتَ إِلَى الْمَدْرَسَةِ؟ — بِالسَّيَّارَةِ.,How did you go to the school? — By car.,A small car pulling up at a school gate; no figures visible
ch31-place-or-state.png,chapter-31-lesson-03.json,ch31-l03,7,31,Where and How?,CONTRAST,أَيْنَ أَحْمَدُ؟ / كَيْفَ أَحْمَدُ؟,أَيْنَ or كَيْفَ?,Split panel: a map pin on a mosque; a small sun-and-smile weather icon (no human face)
ch31-crossroads-symbolic.png,chapter-31-lesson-03.json,ch31-l03,8,31,Where and How?,AYAH_PREVIEW,فَأَيْنَ تَذْهَبُونَ,81:26: So where are you going?,"Symbolic: an empty crossroads in open country at sunrise, signposts without lettering; no figures"
ch31-when-calendar.png,chapter-31-lesson-04.json,ch31-l04,1,31,When and Why?,CONCEPT,مَتَى الدَّرْسُ؟,مَتَى — when?,"A three-page desk calendar: yesterday's page torn off, today's page lit, tomorrow's page peeking"
ch31-market-yesterday.png,chapter-31-lesson-04.json,ch31-l04,2,31,When and Why?,EXAMPLE,مَتَى ذَهَبَ أَحْمَدُ إِلَى السُّوقِ؟ — أَمْسِ.,When did Ahmad go to the market? — Yesterday.,A market street at evening light; a calendar page marked with a backward arrow pinned to a stall
ch31-exam-friday.png,chapter-31-lesson-04.json,ch31-l04,3,31,When and Why?,EXAMPLE,مَتَى الِامْتِحَانُ؟ — يَوْمَ الْجُمُعَةِ.,When is the exam? — On Friday.,An exam paper and a pencil on a desk beside a weekly calendar with one day highlighted
ch31-why-reason.png,chapter-31-lesson-04.json,ch31-l04,4,31,When and Why?,CONCEPT,لِمَاذَا؟,لِمَاذَا — why?,A question-mark tag tied by a string to a small lit lamp: the reason
ch31-ill-at-home.png,chapter-31-lesson-04.json,ch31-l04,5,31,When and Why?,EXAMPLE,لِمَاذَا رَجَعَ أَحْمَدُ إِلَى الْبَيْتِ؟ — لِأَنَّهُ مَرِيضٌ.,Why did Ahmad go back home? — Because he is ill.,"A boy seen from behind lying under a blanket on a sofa, a glass of water on the table"
ch31-lesson-in-mosque.png,chapter-31-lesson-04.json,ch31-l04,6,31,When and Why?,EXAMPLE,لِمَاذَا ذَهَبْتَ إِلَى الْمَسْجِدِ؟ — لِأَنَّ الدَّرْسَ فِيهِ.,Why did you go to the mosque? — Because the lesson is in it.,Inside a mosque: a low wooden rehal with an open book and a circle of floor cushions; no figures
ch31-time-or-reason.png,chapter-31-lesson-04.json,ch31-l04,7,31,When and Why?,CONTRAST,مَتَى رَجَعَ؟ / لِمَاذَا رَجَعَ؟,مَتَى or لِمَاذَا?,Split panel: a clock; a small lit lamp
ch31-help-near-symbolic.png,chapter-31-lesson-04.json,ch31-l04,8,31,When and Why?,AYAH_PREVIEW,مَتَىٰ نَصْرُ اللَّهِ,2:214: When is the help of Allah?,Symbolic: first light breaking over a long dark valley; no figures
ch31-how-many-books.png,chapter-31-lesson-05.json,ch31-l05,1,31,How Many?,CONCEPT,كَمْ كِتَابًا؟,كَمْ — how many?,A short stack of books on a desk with a small blank counter tag beside it
ch31-three-books.png,chapter-31-lesson-05.json,ch31-l05,2,31,How Many?,EXAMPLE,كَمْ كِتَابًا عِنْدَكَ؟ — ٣.,How many books do you have? — 3.,Exactly three books standing upright on a shelf
ch31-full-classroom.png,chapter-31-lesson-05.json,ch31-l05,3,31,How Many?,EXAMPLE,كَمْ طَالِبًا فِي الْفَصْلِ؟ — ٢٠.,How many students are in the classroom? — 20.,"A classroom from the back row: many students' backs at their desks, the board ahead"
ch31-one-to-count.png,chapter-31-lesson-05.json,ch31-l05,4,31,How Many?,CONTRAST,كِتَابٌ / كَمْ كِتَابًا؟,The noun after كَمْ,Split panel: one book alone; the same book with a small blank counter tag
ch31-five-pens.png,chapter-31-lesson-05.json,ch31-l05,5,31,How Many?,EXAMPLE,كَمْ قَلَمًا عِنْدَ زَيْنَبَ؟ — ٥.,How many pens does Zaynab have? — 5.,Five pens fanned out in a girl's hand (hand and sleeve only)
ch31-number-or-time.png,chapter-31-lesson-05.json,ch31-l05,6,31,How Many?,CONTRAST,كَمْ دَرْسًا؟ / مَتَى الدَّرْسُ؟,"A number, not a time",Split panel: two numbered counters; a clock
ch31-years-symbolic.png,chapter-31-lesson-05.json,ch31-l05,7,31,How Many?,AYAH_PREVIEW,قَالَ كَمْ لَبِثْتُمْ فِي الْأَرْضِ عَدَدَ سِنِينَ,"23:112: He will say: How long did you stay on earth, in number of years?",Symbolic: an hourglass on bare earth with a long line of sunsets fading behind it; no figures
ch31-cave-symbolic.png,chapter-31-lesson-05.json,ch31-l05,8,31,How Many?,AYAH_PREVIEW,قَالَ قَائِلٌ مِّنْهُمْ كَمْ لَبِثْتُمْ ۖ قَالُوا لَبِثْنَا يَوْمًا أَوْ بَعْضَ يَوْمٍ,18:19: One of them said: How long have you stayed? They said: We stayed a day or part of a day.,Symbolic: the mouth of a quiet cave with morning light falling across its floor; no figures
ch31-question-answer-cards.png,chapter-31-lesson-06.json,ch31-l07,1,31,Questions in Context,CONCEPT,سُؤَالٌ وَجَوَابٌ,Read the situation first,"Two speech-bubble cards on a table, a dotted line joining a question card to one of three answer cards"
ch31-two-boys-mosque-door.png,chapter-31-lesson-06.json,ch31-l07,2,31,Questions in Context,EXAMPLE,يُوسُفُ: هَلْ جَاءَ الْأُسْتَاذُ؟ — عُمَرُ: نَعَمْ، جَاءَ قَبْلَ الصَّلَاةِ.,"Yusuf: Has the teacher come? — Umar: Yes, he came before the prayer.",Two boys seen from behind talking at a mosque door
ch31-teacher-in-library.png,chapter-31-lesson-06.json,ch31-l07,3,31,Questions in Context,EXAMPLE,يُوسُفُ: أَيْنَ هُوَ الْآنَ؟ — عُمَرُ: فِي الْمَكْتَبَةِ مَعَ الطُّلَّابِ.,Yusuf: Where is he now? — Umar: In the library with the students.,A library with tall shelves: a teacher and a group of students seen from behind at a long table
ch31-teacher-in-library.png,chapter-31-lesson-06.json,ch31-l07,4,31,Questions in Context,EXAMPLE,يُوسُفُ: كَمْ طَالِبًا مَعَهُ؟ — عُمَرُ: ١٠.,Yusuf: How many students are with him? — Umar: 10.,Same scene as the library card
ch31-friend-visits-ill.png,chapter-31-lesson-06.json,ch31-l07,5,31,Questions in Context,EXAMPLE,مَرْيَمُ: كَيْفَ حَالُكِ يَا زَيْنَبُ؟ — زَيْنَبُ: أَنَا مَرِيضَةٌ الْيَوْمَ.,"Maryam: How are you, Zaynab? — Zaynab: I am ill today.","A girl in hijab seen from behind bringing a cup of tea to a friend wrapped in a blanket, also seen from behind"
ch31-doctor-yesterday.png,chapter-31-lesson-06.json,ch31-l07,6,31,Questions in Context,EXAMPLE,مَرْيَمُ: مَتَى ذَهَبْتِ إِلَى الطَّبِيبِ؟ — زَيْنَبُ: أَمْسِ.,Maryam: When did you go to the doctor? — Zaynab: Yesterday.,A clinic door with a stethoscope symbol; a calendar page with a backward arrow pinned beside it
ch31-staff-symbolic.png,chapter-31-lesson-06.json,ch31-l07,7,31,Questions in Context,AYAH_PREVIEW,وَمَا تِلْكَ بِيَمِينِكَ يَا مُوسَىٰ,"20:17: And what is that in your right hand, O Musa?",Symbolic: a plain wooden shepherd's staff leaning against a rock in a quiet valley; no figures
ch31-staff-symbolic.png,chapter-31-lesson-06.json,ch31-l07,8,31,Questions in Context,AYAH_PREVIEW,قَالَ هِيَ عَصَايَ,20:18: He said: It is my staff.,Same scene as the 20:17 card
ch31-question-keys-board.png,chapter-31-lesson-08-review.json,ch31-l08,1,31,Chapter 31 Review,CONCEPT,هَلْ · مَنْ · مَا · مَاذَا · أَيْنَ · كَيْفَ · مَتَى · لِمَاذَا · كَمْ,"Which question, which answer?","A wooden board with nine hooks, each holding a different small key; nine small locked boxes below"
ch31-two-friends-library.png,chapter-31-lesson-08-review.json,ch31-l08,2,31,Chapter 31 Review,EXAMPLE,خَالِدٌ: إِلَى أَيْنَ ذَهَبْتَ أَمْسِ؟ — بِلَالٌ: ذَهَبْتُ إِلَى الْمَكْتَبَةِ. — خَالِدٌ: لِمَاذَا؟ — بِلَالٌ: لِأَنَّ الِامْتِحَانَ غَدًا.,Khalid: Where did you go yesterday? — Bilal: I went to the library. — Khalid: Why? — Bilal: Because the exam is tomorrow.,"Two young men seen from behind walking past library shelves, one carrying an exam timetable"
ch32-darkness-settles-symbolic.png,chapter-32-lesson-01.json,ch32-l01,1,32,إِذَا Is Not a Question,AYAH_PREVIEW,وَمِن شَرِّ غَاسِقٍ إِذَا وَقَبَ,"113:3: And from the evil of darkness when it settles,",Symbolic: night darkness spreading over a quiet village of flat roofs; no figures
ch32-envy-symbolic.png,chapter-32-lesson-01.json,ch32-l01,2,32,إِذَا Is Not a Question,AYAH_PREVIEW,وَمِن شَرِّ حَاسِدٍ إِذَا حَسَدَ,113:5: And from the evil of an envier when he envies.,Symbolic: a single dark thundercloud casting a shadow across a sunlit garden; no figures
ch32-question-or-event.png,chapter-32-lesson-01.json,ch32-l01,3,32,إِذَا Is Not a Question,CONTRAST,مَتَى جَاءَ الْأُسْتَاذُ؟ / إِذَا جَاءَ الْأُسْتَاذُ,"A question, or an event?",Split panel: a question-mark tag on a clock; a door opening onto a classroom with an arrow continuing past it
ch32-teacher-arrives.png,chapter-32-lesson-01.json,ch32-l01,4,32,إِذَا Is Not a Question,CONCEPT,إِذَا جَاءَ الْأُسْتَاذُ,إِذَا — when (an event),"A classroom door opening, a teacher seen from behind stepping in"
ch32-students-stand.png,chapter-32-lesson-01.json,ch32-l01,5,32,إِذَا Is Not a Question,EXAMPLE,إِذَا جَاءَ الْأُسْتَاذُ قُمْنَا.,"When the teacher comes, we stand up.",Students seen from behind rising from their desks as a door opens at the front
ch32-mother-yesterday.png,chapter-32-lesson-01.json,ch32-l01,6,32,إِذَا Is Not a Question,EXAMPLE,مَتَى رَجَعَتْ أُمُّكَ؟ — رَجَعَتْ أَمْسِ.,When did your mother come back? — She came back yesterday.,A woman in an abaya seen from behind at a front door with a suitcase; a calendar page with a backward arrow
ch32-family-dinner.png,chapter-32-lesson-01.json,ch32-l01,7,32,إِذَا Is Not a Question,CONTRAST,مَتَى الدَّرْسُ؟ / إِذَا رَجَعَتْ أُمِّي أَكَلْنَا,Does the speaker ask?,"A family dinner table seen from the doorway, a woman in hijab (from behind) putting her bag down as the others sit"
ch32-two-dominoes.png,chapter-32-lesson-02.json,ch32-l02,1,32,The Event and Its Response,CONCEPT,إِذَا جَاءَ الْأُسْتَاذُ | قُمْنَا,Two parts,"Two dominoes: the first tipping, the second about to fall because of it"
ch32-family-dinner.png,chapter-32-lesson-02.json,ch32-l02,2,32,The Event and Its Response,EXAMPLE,إِذَا رَجَعَتْ أُمِّي أَكَلْنَا.,"When my mother comes back, we eat.",Same scene as the Lesson 1 family-dinner card
ch32-quiet-classroom.png,chapter-32-lesson-02.json,ch32-l02,3,32,The Event and Its Response,EXAMPLE,إِذَا جَاءَ الْأُسْتَاذُ سَكَتَ الطُّلَّابُ.,"When the teacher comes, the students fall silent.","A classroom from the back: students' backs, all still, as a teacher enters at the front door"
ch32-rain.png,chapter-32-lesson-02.json,ch32-l02,4,32,The Event and Its Response,WORD,الْمَطَرُ,the rain,"Rain falling on a street of low houses, puddles forming; no figures"
ch32-two-dominoes.png,chapter-32-lesson-02.json,ch32-l02,5,32,The Event and Its Response,CONCEPT,جَوَابُ الشَّرْطِ,The name of the response,Same scene as the 'two parts' card
ch32-domino-alone.png,chapter-32-lesson-02.json,ch32-l02,6,32,The Event and Its Response,CONTRAST,إِذَا جَاءَ الْأُسْتَاذُ قُمْنَا / إِذَا جَاءَ الْأُسْتَاذُ …,Is a response stated here?,"Split panel: two dominoes, one knocking the other; a single domino standing alone"
ch32-sharh-symbolic.png,chapter-32-lesson-02.json,ch32-l02,7,32,The Event and Its Response,AYAH_PREVIEW,فَإِذَا فَرَغْتَ فَانصَبْ,"94:7: So when you have finished, then strive.",Symbolic: a finished day's work — a closed ledger and a lamp being lit for the night's prayer mat; no figures
ch32-sharh-symbolic.png,chapter-32-lesson-03.json,ch32-l03,1,32,The فَ That Marks the Response,AYAH_PREVIEW,فَإِذَا فَرَغْتَ فَانصَبْ,"94:7: So when you have finished, then strive.",Same scene as the Lesson 2 Ash-Sharh card
ch32-first-link.png,chapter-32-lesson-03.json,ch32-l03,2,32,The فَ That Marks the Response,CONCEPT,فَإِذَا,The first فَ,A chain: a new link being clipped onto the end of an existing chain
ch32-second-link.png,chapter-32-lesson-03.json,ch32-l03,3,32,The فَ That Marks the Response,CONCEPT,فَانْصَبْ,The second فَ,"A signpost reading only an arrow, placed at the start of a second path segment"
ch32-happy-student.png,chapter-32-lesson-03.json,ch32-l03,4,32,The فَ That Marks the Response,EXAMPLE,إِذَا فَهِمَ الطَّالِبُ الدَّرْسَ فَهُوَ سَعِيدٌ.,"When the student understands the lesson, then he is happy.",A student seen from behind raising both arms over a finished notebook with a green tick
ch32-ready-class.png,chapter-32-lesson-03.json,ch32-l03,5,32,The فَ That Marks the Response,CONTRAST,إِذَا جَاءَ الْأُسْتَاذُ قُمْنَا / إِذَا جَاءَ الْأُسْتَاذُ فَنَحْنُ جَاهِزُونَ,With and without فَ,Split panel: students rising from desks; the same students seated with books open and pens ready
ch32-ready-class.png,chapter-32-lesson-03.json,ch32-l03,6,32,The فَ That Marks the Response,EXAMPLE,فَإِذَا جَاءَ الْأُسْتَاذُ فَنَحْنُ جَاهِزُونَ.,"So when the teacher comes, then we are ready.",Same scene as the contrast card
ch32-path-to-light-symbolic.png,chapter-32-lesson-03.json,ch32-l03,7,32,The فَ That Marks the Response,AYAH_PREVIEW,وَإِلَىٰ رَبِّكَ فَارْغَب,94:8: And to your Lord direct your longing.,Symbolic: a single path climbing a hill towards a bright horizon; no figures
ch32-sky-splits-symbolic.png,chapter-32-lesson-04.json,ch32-l04,1,32,إِذَا in a New Ayah,AYAH_PREVIEW,إِذَا السَّمَاءُ انشَقَّتْ,"84:1: When the sky splits open,",Symbolic: a vast sky with a single bright seam of light opening across the clouds; no figures
ch32-noun-then-action.png,chapter-32-lesson-04.json,ch32-l04,2,32,إِذَا in a New Ayah,CONCEPT,إِذَا السَّمَاءُ انْشَقَّتْ,A noun right after إِذَا,"Two tiles in a row: a sky tile, then a lightning-crack tile"
ch32-domino-alone.png,chapter-32-lesson-04.json,ch32-l04,3,32,إِذَا in a New Ayah,CONCEPT,إِذَا السَّمَاءُ انْشَقَّتْ …,No response in this ayah,Same scene as the Lesson 2 'one domino' panel
ch32-sun-wrapped-symbolic.png,chapter-32-lesson-04.json,ch32-l04,4,32,إِذَا in a New Ayah,AYAH_PREVIEW,إِذَا الشَّمْسُ كُوِّرَتْ,"81:1: When the sun is wrapped up,",Symbolic: the sun dimming behind a slowly closing veil of dark cloud; no figures
ch32-sunrise-school.png,chapter-32-lesson-04.json,ch32-l04,5,32,إِذَا in a New Ayah,CONTRAST,إِذَا طَلَعَتِ الشَّمْسُ خَرَجْنَا / إِذَا طَلَعَتِ الشَّمْسُ …,"Response stated, or not shown?",Split panel: sunrise over houses with a school bag by the door; the same sunrise with the door still closed
ch32-sunrise-school.png,chapter-32-lesson-04.json,ch32-l04,6,32,إِذَا in a New Ayah,EXAMPLE,إِذَا طَلَعَتِ الشَّمْسُ خَرَجْنَا إِلَى الْمَدْرَسَةِ.,"When the sun rises, we go out to school.",Same scene as the contrast card
ch32-three-step-check.png,chapter-32-lesson-05-review.json,ch32-l05,1,32,Chapter 32 Review,CONCEPT,إِذَا … | …,Three questions for an إِذَا sentence,A small checklist card with three empty boxes and a pencil; no lettering
ch32-ramadan-crescent.png,chapter-32-lesson-05-review.json,ch32-l05,2,32,Chapter 32 Review,EXAMPLE,إِذَا جَاءَ رَمَضَانُ فَرِحَ النَّاسُ.,"When Ramadan comes, the people are glad.",A thin crescent moon over a street hung with lanterns; no figures
ch32-children-rain.png,chapter-32-lesson-05-review.json,ch32-l05,3,32,Chapter 32 Review,WORD,الْأَوْلَادُ,the children,Children seen from behind running home under umbrellas in the rain
ch29-kafirun-symbolic.png,chapter-33-lesson-01.json,ch33-l01,1,33,Read Familiar Arabic Again,AYAH_PREVIEW,قُلْ يَا أَيُّهَا الْكَافِرُونَ,"109:1: Say: O disbelievers,",Reuse: two separate paths diverging across an open plain at sunrise; no figures
ch29-kafirun-symbolic.png,chapter-33-lesson-01.json,ch33-l01,2,33,Read Familiar Arabic Again,AYAH_PREVIEW,لَا أَعْبُدُ مَا تَعْبُدُونَ,109:2: I do not worship what you worship.,"Reuse, as above"
ch30-kafirun-6.png,chapter-33-lesson-01.json,ch33-l01,3,33,Read Familiar Arabic Again,AYAH_PREVIEW,لَكُمْ دِينُكُمْ وَلِيَ دِينِ,"109:6: For you is your religion, and for me is my religion.","Reuse: two separate paths across an open plain, each ending at its own lit doorway; no figures"
ch33-reading-lamp.png,chapter-33-lesson-01.json,ch33-l01,4,33,Read Familiar Arabic Again,CONCEPT,مَنْ؟ مَاذَا؟ لِمَنْ؟,Reading with less help,"An open book under a reading lamp, a pencil resting beside three short underlined lines"
ch33-imam-books.png,chapter-33-lesson-01.json,ch33-l01,5,33,Read Familiar Arabic Again,EXAMPLE,قَالَ الْإِمَامُ لِلطُّلَّابِ: لَكُمْ كُتُبُكُمْ، وَلِي كِتَابِي.,"The imam said to the students: You have your books, and I have my book.","An imam in white seen from behind handing a stack of books to students, keeping one book under his arm"
ch33-falaq-daybreak-symbolic.png,chapter-33-lesson-02.json,ch33-l02,1,33,All of Al-Falaq,CONCEPT,قُلْ أَعُوذُ بِرَبِّ الْفَلَقِ,Two pieces in 113:1,Symbolic: the first thin line of dawn breaking over dark hills; no figures
ch33-falaq-daybreak-symbolic.png,chapter-33-lesson-02.json,ch33-l02,2,33,All of Al-Falaq,AYAH_PREVIEW,قُلْ أَعُوذُ بِرَبِّ الْفَلَقِ,"113:1: Say: I seek refuge in the Lord of daybreak,",Same scene as the card above
ch33-shelter-symbolic.png,chapter-33-lesson-02.json,ch33-l02,3,33,All of Al-Falaq,AYAH_PREVIEW,مِن شَرِّ مَا خَلَقَ,"113:2: from the evil of what He created,",Symbolic: a strong stone shelter with a lit doorway on a stormy plain; no figures
ch32-darkness-settles-symbolic.png,chapter-33-lesson-02.json,ch33-l02,4,33,All of Al-Falaq,AYAH_PREVIEW,وَمِن شَرِّ غَاسِقٍ إِذَا وَقَبَ,"113:3: and from the evil of darkness when it settles,",Reuse of the Chapter 32 darkness scene
ch33-knots-symbolic.png,chapter-33-lesson-02.json,ch33-l02,5,33,All of Al-Falaq,AYAH_PREVIEW,وَمِن شَرِّ النَّفَّاثَاتِ فِي الْعُقَدِ,"113:4: and from the evil of those who blow on knots,","Symbolic: a length of rough cord tied in several knots, lying on a dark cloth; no figures"
ch32-envy-symbolic.png,chapter-33-lesson-02.json,ch33-l02,6,33,All of Al-Falaq,AYAH_PREVIEW,وَمِن شَرِّ حَاسِدٍ إِذَا حَسَدَ,113:5: and from the evil of an envier when he envies.,Reuse of the Chapter 32 envy scene
ch33-shelter-symbolic.png,chapter-33-lesson-02.json,ch33-l02,7,33,All of Al-Falaq,CONCEPT,مِنْ شَرِّ … وَمِنْ شَرِّ … وَمِنْ شَرِّ …,"One request, a list of evils",Same scene as the 113:2 card
ch33-nasr-gates-symbolic.png,chapter-33-lesson-03.json,ch33-l03,1,33,All of An-Nasr,AYAH_PREVIEW,إِذَا جَاءَ نَصْرُ اللَّهِ وَالْفَتْحُ,"110:1: When the help of Allah comes, and the victory,","Symbolic: great city gates standing open at sunrise, banners of light above them; no figures"
ch33-nasr-crowds-symbolic.png,chapter-33-lesson-03.json,ch33-l03,2,33,All of An-Nasr,AYAH_PREVIEW,وَرَأَيْتَ النَّاسَ يَدْخُلُونَ فِي دِينِ اللَّهِ أَفْوَاجًا,"110:2: and you see the people entering the religion of Allah in crowds,",Symbolic: many paths from every direction converging on one lit gateway; no figures
ch32-two-dominoes.png,chapter-33-lesson-03.json,ch33-l03,3,33,All of An-Nasr,CONCEPT,إِذَا جَاءَ … وَرَأَيْتَ …,110:1–2: one event in two parts,Reuse of the Chapter 32 dominoes scene
ch33-nasr-prayer-mat-symbolic.png,chapter-33-lesson-03.json,ch33-l03,4,33,All of An-Nasr,AYAH_PREVIEW,فَسَبِّحْ بِحَمْدِ رَبِّكَ وَاسْتَغْفِرْهُ ۚ إِنَّهُ كَانَ تَوَّابًا,"110:3: then glorify the praise of your Lord and ask His forgiveness; indeed, He is ever accepting of repentance.",Symbolic: a prayer mat laid out on a rooftop at dusk with prayer beads beside it; no figures
ch33-nasr-gates-symbolic.png,chapter-33-lesson-03.json,ch33-l03,5,33,All of An-Nasr,CONCEPT,إِذَا جَاءَ … فَسَبِّحْ,"Event, then response",Same scene as the 110:1 card
ch33-nas-dawn-city-symbolic.png,chapter-33-lesson-04.json,ch33-l06,1,33,All of An-Nas,AYAH_PREVIEW,قُلْ أَعُوذُ بِرَبِّ النَّاسِ,"114:1: Say: I seek refuge in the Lord of mankind,","Symbolic: a sleeping city under a wide sky just before dawn, a single lamp lit in a window; no figures"
ch33-nas-dawn-city-symbolic.png,chapter-33-lesson-04.json,ch33-l06,2,33,All of An-Nas,AYAH_PREVIEW,مَلِكِ النَّاسِ,"114:2: the King of mankind,",Same scene as the 114:1 card
ch33-nas-dawn-city-symbolic.png,chapter-33-lesson-04.json,ch33-l06,3,33,All of An-Nas,AYAH_PREVIEW,إِلَٰهِ النَّاسِ,"114:3: the God of mankind,",Same scene as the 114:1 card
ch33-three-lamps-one-flame.png,chapter-33-lesson-04.json,ch33-l06,4,33,All of An-Nas,CONCEPT,رَبِّ النَّاسِ · مَلِكِ النَّاسِ · إِلَٰهِ النَّاسِ,"114:1–3: three descriptions, one Lord",Three lamps in a row lit from one single flame passed along a taper; no figures
ch33-whisper-shadow-symbolic.png,chapter-33-lesson-04.json,ch33-l06,5,33,All of An-Nas,AYAH_PREVIEW,مِن شَرِّ الْوَسْوَاسِ الْخَنَّاسِ,"114:4: from the evil of the whisperer who withdraws,","Symbolic: a thin wisp of shadow slipping back behind a lit doorway; no figure, no creature"
ch33-whisper-shadow-symbolic.png,chapter-33-lesson-04.json,ch33-l06,6,33,All of An-Nas,AYAH_PREVIEW,الَّذِي يُوَسْوِسُ فِي صُدُورِ النَّاسِ,"114:5: who whispers into the hearts of people,",Same scene as the 114:4 card
ch33-whisper-shadow-symbolic.png,chapter-33-lesson-04.json,ch33-l06,7,33,All of An-Nas,AYAH_PREVIEW,مِنَ الْجِنَّةِ وَالنَّاسِ,114:6: from among jinn and people.,Same scene as the 114:4 card
ch30-pronoun-arrows.png,chapter-33-lesson-04.json,ch33-l06,8,33,All of An-Nas,CONCEPT,الْوَسْوَاسِ ← الَّذِي يُوَسْوِسُ ← مِنَ الْجِنَّةِ وَالنَّاسِ,114:4–6: one description,Reuse: small tiles with curved arrows all pointing back to one tile
ch33-two-boys-to-mosque.png,chapter-33-lesson-05.json,ch33-l04,1,33,Track Meaning Across Clauses,EXAMPLE,ذَهَبَ أَحْمَدُ وَيُوسُفُ إِلَى الْمَسْجِدِ. إِنَّ الْمَسْجِدَ قَرِيبٌ، وَلَيْسَ الطَّرِيقُ طَوِيلًا. سَأَلَ يُوسُفُ: مَتَى الدَّرْسُ؟ فَقَالَ أَحْمَدُ: بَعْدَ الصَّلَاةِ. إِذَا جَاءَ الْإِمَامُ بَدَأَ الدَّرْسُ.,"Ahmad and Yusuf went to the mosque. Indeed, the mosque is near, and the road is not long. Yusuf asked: When is the lesson? Ahmad said: After the prayer. When the imam comes, the lesson begins.",Two boys seen from behind walking a short road to a nearby mosque; an imam in white approaching from the other side
ch33-what-wa-joins.png,chapter-33-lesson-05.json,ch33-l04,2,33,Track Meaning Across Clauses,CONTRAST,أَحْمَدُ وَيُوسُفُ / قَرِيبٌ، وَلَيْسَ الطَّرِيقُ طَوِيلًا,وَ joins — but what?,Split panel: a clip joining two name badges; a clip joining two full sentence strips
ch33-mosque-near.png,chapter-33-lesson-05.json,ch33-l04,3,33,Track Meaning Across Clauses,CONCEPT,إِنَّ الْمَسْجِدَ قَرِيبٌ,The noun of إِنَّ,A small mosque just across a quiet lane from a row of houses
ch33-short-road.png,chapter-33-lesson-05.json,ch33-l04,4,33,Track Meaning Across Clauses,CONCEPT,لَيْسَ الطَّرِيقُ طَوِيلًا,The predicate of لَيْسَ,"A short straight lane, only a few steps long, ending at a mosque door"
ch31-two-boys-mosque-door.png,chapter-33-lesson-05.json,ch33-l04,5,33,Track Meaning Across Clauses,EXAMPLE,سَأَلَ يُوسُفُ: مَتَى الدَّرْسُ؟ فَقَالَ أَحْمَدُ: بَعْدَ الصَّلَاةِ.,Yusuf asked: When is the lesson? Ahmad said: After the prayer.,Reuse of the Chapter 31 mosque-door scene
ch31-lesson-in-mosque.png,chapter-33-lesson-05.json,ch33-l04,6,33,Track Meaning Across Clauses,EXAMPLE,إِذَا جَاءَ الْإِمَامُ بَدَأَ الدَّرْسُ.,"When the imam comes, the lesson begins.",Reuse of the Chapter 31 mosque-lesson scene
ch31-what-did-he-do.png,chapter-33-lesson-05.json,ch33-l04,7,33,Track Meaning Across Clauses,CONTRAST,الطَّالِبُ كَتَبَ الدَّرْسَ / كَتَبَ الطَّالِبُ الدَّرْسَ,Starts with a noun — still nominal,Reuse of the Chapter 31 student-writing scene
ch33-asr-hourglass-symbolic.png,chapter-33-lesson-05.json,ch33-l04,8,33,Track Meaning Across Clauses,AYAH_PREVIEW,إِنَّ الْإِنسَانَ لَفِي خُسْرٍ,"103:2: Indeed, mankind is in loss,","Symbolic: an hourglass with its sand nearly run out, late afternoon light; no figures"
ch32-three-step-check.png,chapter-33-lesson-06-review.json,ch33-l05,1,33,Book 3 Review,CONCEPT,سُورَةٌ · جُمْلَةٌ · سُؤَالٌ · إِذَا,Book 3 checklist,Reuse of the Chapter 32 checklist card
ch33-friday-mosque.png,chapter-33-lesson-06-review.json,ch33-l05,2,33,Book 3 Review,EXAMPLE,إِذَا جَاءَ يَوْمُ الْجُمُعَةِ ذَهَبْنَا إِلَى الْمَسْجِدِ. إِنَّ الْمَسْجِدَ كَبِيرٌ، وَلَيْسَ بَعِيدًا. سَأَلَنِي أَخِي: كَمْ رَجُلًا فِيهِ؟ قُلْتُ: ١٠٠.,"When Friday comes, we go to the mosque. Indeed, the mosque is big, and it is not far. My brother asked me: How many men are in it? I said: 100.","A large mosque a short walk from a row of houses on a Friday morning, two brothers seen from behind on the path"
ch34-done-or-doing.png,chapter-34-lesson-01.json,ch34-l01,1,34,What the Imperfect Tells Us,CONTRAST,كَتَبَ / يَكْتُبُ,"Done, or still going on?",Split panel: a closed notebook with a finished page and a capped pen; an open notebook with a pen mid-line (hand only)
ch34-writing-now.png,chapter-34-lesson-01.json,ch34-l01,2,34,What the Imperfect Tells Us,EXAMPLE,يَكْتُبُ أَحْمَدُ الدَّرْسَ الْآنَ.,Ahmad is writing the lesson now.,"A boy seen from behind writing at a desk, a wall clock above him"
ch34-every-day-mosque.png,chapter-34-lesson-01.json,ch34-l01,3,34,What the Imperfect Tells Us,EXAMPLE,يَذْهَبُ أَحْمَدُ إِلَى الْمَسْجِدِ كُلَّ يَوْمٍ.,Ahmad goes to the mosque every day.,A row of seven small panels of the same path to a mosque at the same hour; a boy seen from behind on each
ch34-reading-pair.png,chapter-34-lesson-01.json,ch34-l01,4,34,What the Imperfect Tells Us,CONTRAST,قَرَأَ / يَقْرَأُ,قَرَأَ / يَقْرَأُ,Split panel: a closed book on a shelf; the same book open in a reader's hands (hands only)
ch34-clock-and-calendar.png,chapter-34-lesson-01.json,ch34-l01,5,34,What the Imperfect Tells Us,CONCEPT,الْمُضَارِعُ,Not only 'right now',A clock beside a weekly calendar with every day ticked
ch34-fatiha-symbolic.png,chapter-34-lesson-01.json,ch34-l01,6,34,What the Imperfect Tells Us,AYAH_PREVIEW,إِيَّاكَ نَعْبُدُ وَإِيَّاكَ نَسْتَعِينُ,"1:5: You alone we worship, and You alone we ask for help.",Symbolic: an open Mushaf on a stand beside a prayer mat in soft morning light; no figures
ch34-hear-see-symbolic.png,chapter-34-lesson-01.json,ch34-l01,7,34,What the Imperfect Tells Us,AYAH_PREVIEW,إِنَّنِي مَعَكُمَا أَسْمَعُ وَأَرَىٰ,"20:46: Indeed, I am with you both; I hear and I see.","Symbolic: a wide desert at night under a sky full of stars, a single path lit; no figures"
ch34-went-goes.png,chapter-34-lesson-03.json,ch34-l03,1,34,"Same Prefixes, New Verbs",CONCEPT,ذَهَبَ ← يَذْهَبُ,"A new verb: given, not guessed",Split panel: footprints leading away from a door; the same feet mid-step on a path (feet only)
ch34-four-prefix-tiles.png,chapter-34-lesson-03.json,ch34-l03,2,34,"Same Prefixes, New Verbs",CONTRAST,أَذْهَبُ · نَذْهَبُ · يَذْهَبُ · تَذْهَبُ,"Same prefixes, new verb","Four small square tiles in a row, each a different colour, in front of the same verb strip"
ch34-sat-sits.png,chapter-34-lesson-03.json,ch34-l03,3,34,"Same Prefixes, New Verbs",CONCEPT,جَلَسَ ← يَجْلِسُ,Another verb,Split panel: an empty chair with a cushion still pressed; a student seen from behind sitting down
ch34-four-prefix-tiles.png,chapter-34-lesson-03.json,ch34-l03,4,34,"Same Prefixes, New Verbs",CONTRAST,أَجْلِسُ · نَجْلِسُ · يَجْلِسُ · تَجْلِسُ,يَجْلِسُ in four forms,Same scene as the previous prefix card
ch31-no-market.png,chapter-34-lesson-03.json,ch34-l03,5,34,"Same Prefixes, New Verbs",EXAMPLE,تَذْهَبُ فَاطِمَةُ إِلَى السُّوقِ.,Fatimah goes to the market.,Reuse of the Chapter 31 market street scene
ch34-where-do-you-sit.png,chapter-34-lesson-03.json,ch34-l03,6,34,"Same Prefixes, New Verbs",EXAMPLE,يَا عُمَرُ، أَيْنَ تَجْلِسُ؟,"Umar, where do you sit?",A classroom with one empty desk highlighted; a boy seen from behind standing beside it
ch34-knowledge-symbolic.png,chapter-34-lesson-03.json,ch34-l03,7,34,"Same Prefixes, New Verbs",AYAH_PREVIEW,وَاللَّهُ يَعْلَمُ وَأَنتُمْ لَا تَعْلَمُونَ,"2:216: And Allah knows, while you do not know.","Symbolic: a lamp shining over a closed book, light spreading beyond it into the dark; no figures"
ch34-not-going.png,chapter-34-lesson-04.json,ch34-l04,1,34,Does Not: لَا,CONCEPT,لَا أَذْهَبُ,لَا + imperfect = does not,"A pair of shoes left neatly at a doorstep, the door closed"
ch34-pen-capped.png,chapter-34-lesson-04.json,ch34-l04,2,34,Does Not: لَا,CONTRAST,يَكْتُبُ أَحْمَدُ / لَا يَكْتُبُ أَحْمَدُ,Yes and no,Split panel: a pen writing on paper (hand only); the same pen capped and set aside
ch34-empty-bench.png,chapter-34-lesson-04.json,ch34-l04,3,34,Does Not: لَا,EXAMPLE,لَا نَجْلِسُ هُنَا.,We do not sit here.,"An empty bench beside a path, a group seen from behind walking past it"
ch34-zaynab-home.png,chapter-34-lesson-04.json,ch34-l04,4,34,Does Not: لَا,EXAMPLE,لَا تَذْهَبُ زَيْنَبُ إِلَى السُّوقِ.,Zaynab does not go to the market.,"A girl in hijab seen from behind reading at home by a window, the market visible far off"
ch29-kafirun-symbolic.png,chapter-34-lesson-04.json,ch34-l04,5,34,Does Not: لَا,AYAH_PREVIEW,لَا أَعْبُدُ مَا تَعْبُدُونَ,109:2: I do not worship what you worship.,Reuse: two separate paths diverging across an open plain at sunrise; no figures
ch34-do-not-sit.png,chapter-34-lesson-04.json,ch34-l04,6,34,Does Not: لَا,CONCEPT,لَا تَجْلِسْ هُنَا!,Careful: 'Do not!',A chair with a small 'reserved' ribbon across its seat (no lettering)
ch34-do-not-sit.png,chapter-34-lesson-04.json,ch34-l04,7,34,Does Not: لَا,CONTRAST,لَا تَجْلِسُ زَيْنَبُ هُنَا / لَا تَجْلِسْ هُنَا!,"A fact, or 'Do not!'?",Same scene as the 'Do not!' card
ch34-cave-calm-symbolic.png,chapter-34-lesson-04.json,ch34-l04,8,34,Does Not: لَا,AYAH_PREVIEW,لَا تَحْزَنْ إِنَّ اللَّهَ مَعَنَا,"9:40: Do not grieve; indeed, Allah is with us.",Symbolic: the calm interior of a mountain cave at night with moonlight at its mouth; no figures
ch34-writing-now.png,chapter-34-lesson-05.json,ch34-l05,1,34,Add an Object and a Time,CONCEPT,يَكْتُبُ أَحْمَدُ الدَّرْسَ,"Action, doer, object",Same scene as the Lesson 1 writing card
ch31-zaynab-reading.png,chapter-34-lesson-05.json,ch34-l05,2,34,Add an Object and a Time,EXAMPLE,تَقْرَأُ زَيْنَبُ الْكِتَابَ.,Zaynab reads the book.,Reuse of the Chapter 31 reading scene
ch34-listening.png,chapter-34-lesson-05.json,ch34-l05,3,34,Add an Object and a Time,CONCEPT,يَسْمَعُهُ,An object pronoun,A student seen from behind turned towards a teacher (also from behind) speaking at the front
ch31-easy-lesson.png,chapter-34-lesson-05.json,ch34-l05,4,34,Add an Object and a Time,EXAMPLE,نَفْهَمُهُ الْآنَ.,We understand it now.,Reuse of the Chapter 31 easy-lesson notebook
ch34-clock-and-calendar.png,chapter-34-lesson-05.json,ch34-l05,5,34,Add an Object and a Time,CONTRAST,يَقْرَأُ الْقُرْآنَ الْآنَ / يَقْرَأُ الْقُرْآنَ كُلَّ يَوْمٍ,"Now, or every day?",Same scene as the Lesson 1 clock-and-calendar card
ch33-friday-mosque.png,chapter-34-lesson-05.json,ch34-l05,6,34,Add an Object and a Time,EXAMPLE,نَجْلِسُ فِي الْمَسْجِدِ يَوْمَ الْجُمُعَةِ.,We sit in the mosque on Friday.,Reuse of the Chapter 33 Friday mosque scene
ch34-knowledge-symbolic.png,chapter-34-lesson-05.json,ch34-l05,7,34,Add an Object and a Time,AYAH_PREVIEW,يَعْلَمُ مَا بَيْنَ أَيْدِيهِمْ وَمَا خَلْفَهُمْ,2:255: He knows what is before them and what is behind them.,Same scene as the Lesson 3 lamp-and-book card
ch34-four-prefix-tiles.png,chapter-34-lesson-06-review.json,ch34-l06,1,34,Chapter 34 Review,CONCEPT,أَكْتُبُ · نَكْتُبُ · يَكْتُبُ · تَكْتُبُ,Chapter 34 at a glance,Same scene as the Lesson 3 prefix tiles
ch34-teacher-at-school.png,chapter-34-lesson-06-review.json,ch34-l06,2,34,Chapter 34 Review,EXAMPLE,يَا خَالِدُ، أَيْنَ تَعْمَلُ؟ — أَعْمَلُ فِي الْمَدْرَسَةِ، وَلَا أَعْمَلُ يَوْمَ الْجُمُعَةِ.,"Khalid, where do you work? — I work at the school, and I do not work on Friday.",A man seen from behind unlocking a school gate in the morning; a weekly calendar with Friday marked off
ch35-path-ahead.png,chapter-35-lesson-01.json,ch35-l01,1,35,سَـ: Will,CONTRAST,يَذْهَبُ / سَيَذْهَبُ,Add سَـ,"A path seen from behind a walker's feet, the road ahead lit by morning sun"
ch35-tomorrow-mosque.png,chapter-35-lesson-01.json,ch35-l01,2,35,سَـ: Will,EXAMPLE,سَيَذْهَبُ أَحْمَدُ إِلَى الْمَسْجِدِ غَدًا.,Ahmad will go to the mosque tomorrow.,A calendar page with a forward arrow pinned beside a mosque door; no figures
ch34-four-prefix-tiles.png,chapter-35-lesson-01.json,ch35-l01,3,35,سَـ: Will,CONTRAST,سَأَكْتُبُ · سَنَكْتُبُ · سَيَكْتُبُ · سَتَكْتُبُ,سَـ on every form,"Reuse of the Chapter 34 prefix tiles, with one extra small tile placed in front of each"
ch35-sit-with-imam.png,chapter-35-lesson-01.json,ch35-l01,4,35,سَـ: Will,EXAMPLE,سَنَجْلِسُ مَعَ الْإِمَامِ.,We will sit with the imam.,"A circle of floor cushions around an empty spot where an imam's cushion waits, in a quiet mosque"
ch35-speech-bubble-arrow.png,chapter-35-lesson-01.json,ch35-l01,5,35,سَـ: Will,CONTRAST,يَقُولُ / سَيَقُولُ,قَالَ → يَقُولُ → سَيَقُولُ,A blank speech bubble with a small forward arrow beside it
ch35-qiblah-symbolic.png,chapter-35-lesson-01.json,ch35-l01,6,35,سَـ: Will,AYAH_PREVIEW,سَيَقُولُ السُّفَهَاءُ مِنَ النَّاسِ,"2:142: The foolish among the people will say,",Symbolic: a compass rose on an old map turning towards a single lit point; no figures
ch35-joined-or-separate.png,chapter-35-lesson-02.json,ch35-l02,1,35,سَوْفَ: Will,CONTRAST,سَيَذْهَبُ / سَوْفَ يَذْهَبُ,Joined or separate,Split panel: a small tag clipped onto a box; the same tag standing on its own just in front of the box
ch35-book-tomorrow.png,chapter-35-lesson-02.json,ch35-l02,2,35,سَوْفَ: Will,EXAMPLE,سَوْفَ نَقْرَأُ الْكِتَابَ.,We will read the book.,"A closed book on a desk with a bookmark, a calendar showing the next day"
ch35-letter-and-pen.png,chapter-35-lesson-02.json,ch35-l02,3,35,سَوْفَ: Will,EXAMPLE,سَوْفَ تَكْتُبُ زَيْنَبُ الرِّسَالَةَ.,Zaynab will write the letter.,"A blank letter sheet and an envelope beside a pen, waiting on a desk"
ch35-road-markers.png,chapter-35-lesson-02.json,ch35-l02,4,35,سَوْفَ: Will,CONCEPT,سَـ / سَوْفَ,Near or far?,A long straight road with several mile-stones fading into the distance; no lettering
ch35-takathur-symbolic.png,chapter-35-lesson-02.json,ch35-l02,5,35,سَوْفَ: Will,AYAH_PREVIEW,كَلَّا سَوْفَ تَعْلَمُونَ,102:3: No! You are going to know.,Symbolic: an hourglass beside a pile of coins with the sand nearly run out; no figures
ch35-new-dawn-symbolic.png,chapter-35-lesson-02.json,ch35-l02,6,35,سَوْفَ: Will,AYAH_PREVIEW,فَسَوْفَ يَأْتِي اللَّهُ بِقَوْمٍ يُحِبُّهُمْ وَيُحِبُّونَهُ,"5:54: Allah will bring a people whom He loves and who love Him,",Symbolic: many small lamps lighting up one by one across a dark valley; no figures
ch35-now-later.png,chapter-35-lesson-03.json,ch35-l03,1,35,Now or Will? In Context,CONTRAST,يَقْرَأُ أَحْمَدُ الْآنَ / سَيَقْرَأُ أَحْمَدُ غَدًا,"Now, or later?",Split panel: a boy seen from behind reading at a desk under a clock; the same desk empty with a calendar page for the next day
ch31-full-classroom.png,chapter-35-lesson-03.json,ch35-l03,2,35,Now or Will? In Context,EXAMPLE,نَجْلِسُ فِي الْفَصْلِ كُلَّ يَوْمٍ.,We sit in the classroom every day.,Reuse of the Chapter 31 full classroom scene
ch35-sit-with-imam.png,chapter-35-lesson-03.json,ch35-l03,3,35,Now or Will? In Context,EXAMPLE,سَنَجْلِسُ فِي الْمَسْجِدِ يَوْمَ الْجُمُعَةِ.,We will sit in the mosque on Friday.,Same scene as the Lesson 1 cushions card
ch35-duha-symbolic.png,chapter-35-lesson-03.json,ch35-l03,4,35,Now or Will? In Context,AYAH_PREVIEW,وَلَسَوْفَ يُعْطِيكَ رَبُّكَ فَتَرْضَىٰ,"93:5: And your Lord is going to give you, and you will be satisfied.",Symbolic: bright late-morning sunlight pouring over a green valley; no figures
ch35-qiblah-symbolic.png,chapter-35-lesson-03.json,ch35-l03,5,35,Now or Will? In Context,AYAH_PREVIEW,سَيَقُولُ السُّفَهَاءُ مِنَ النَّاسِ,"2:142: The foolish among the people will say,",Same scene as the Lesson 1 compass card
ch35-four-times.png,chapter-35-lesson-04.json,ch35-l04,1,35,"Will, Did, and Do It!",CONCEPT,قَرَأَ · يَقْرَأُ · سَيَقْرَأُ · اقْرَأْ,"Four times, one verb","Four panels of the same book: closed on a shelf, open in hands, waiting with a calendar arrow, and handed over by a pointing hand"
ch35-book-on-shelf.png,chapter-35-lesson-04.json,ch35-l04,2,35,"Will, Did, and Do It!",EXAMPLE,قَرَأَ أَحْمَدُ الْكِتَابَ أَمْسِ.,Ahmad read the book yesterday.,"A finished book back on a shelf, bookmark at the last page"
ch35-book-tomorrow.png,chapter-35-lesson-04.json,ch35-l04,3,35,"Will, Did, and Do It!",EXAMPLE,سَيَقْرَأُ أَحْمَدُ الْكِتَابَ غَدًا.,Ahmad will read the book tomorrow.,Same scene as the Lesson 2 book card
ch35-hand-offers-book.png,chapter-35-lesson-04.json,ch35-l04,4,35,"Will, Did, and Do It!",EXAMPLE,اقْرَأِ الْكِتَابَ يَا أَحْمَدُ!,"Read the book, Ahmad!",A hand (no face) holding out an open book towards the viewer
ch35-hand-offers-book.png,chapter-35-lesson-04.json,ch35-l04,5,35,"Will, Did, and Do It!",CONTRAST,سَتَقْرَأُ الْكِتَابَ / اقْرَأِ الْكِتَابَ!,Future or command?,Same scene as the command card
ch35-alaq-symbolic.png,chapter-35-lesson-04.json,ch35-l04,6,35,"Will, Did, and Do It!",AYAH_PREVIEW,اقْرَأْ بِاسْمِ رَبِّكَ الَّذِي خَلَقَ,"96:1: Read in the name of your Lord who created,",Symbolic: a mountain cave mouth at night with a single beam of light falling on an open page; no figures
ch35-closed-gate.png,chapter-35-lesson-05.json,ch35-l05,1,35,لَنْ: Will Not,CONCEPT,لَنْ يَذْهَبَ,لَنْ — will not,"A closed garden gate at the end of a path, with a calendar page and a forward arrow hung on it"
ch35-open-or-closed-gate.png,chapter-35-lesson-05.json,ch35-l05,2,35,لَنْ: Will Not,CONTRAST,سَيَذْهَبُ / لَنْ يَذْهَبَ,"Will, will not",Split panel: the same garden gate standing open; and closed
ch35-closed-gate.png,chapter-35-lesson-05.json,ch35-l05,3,35,لَنْ: Will Not,CONTRAST,لَا يَذْهَبُ / لَنْ يَذْهَبَ,"Does not, will not",Same scene as the لَنْ card
ch34-empty-bench.png,chapter-35-lesson-05.json,ch35-l05,4,35,لَنْ: Will Not,EXAMPLE,لَنْ نَجْلِسَ هُنَا.,We will not sit here.,Reuse of the Chapter 34 empty bench scene
ch35-mountain-symbolic.png,chapter-35-lesson-05.json,ch35-l05,5,35,لَنْ: Will Not,AYAH_PREVIEW,قَالَ لَن تَرَانِي,7:143: He said: You will not see Me.,"Symbolic: a great mountain under a vast sky, light breaking behind its peak; no figures"
ch35-giving-symbolic.png,chapter-35-lesson-05.json,ch35-l05,6,35,لَنْ: Will Not,AYAH_PREVIEW,لَن تَنَالُوا الْبِرَّ حَتَّىٰ تُنفِقُوا مِمَّا تُحِبُّونَ,3:92: You will not attain righteousness until you spend from what you love.,"Symbolic: an open hand-woven basket of fruit set down at a doorstep in morning light; hands only, no faces"
ch35-four-times.png,chapter-35-lesson-06-review.json,ch35-l06,1,35,Chapter 35 Review,CONCEPT,سَـ · سَوْفَ · لَنْ,Chapter 35 at a glance,Same scene as the Lesson 4 four-panels card
ch35-tomorrow-mosque.png,chapter-35-lesson-06-review.json,ch35-l06,2,35,Chapter 35 Review,EXAMPLE,غَدًا سَنَذْهَبُ إِلَى الْمَسْجِدِ، وَسَوْفَ نَجْلِسُ مَعَ الْإِمَامِ. لَنْ نَذْهَبَ إِلَى السُّوقِ.,"Tomorrow we will go to the mosque, and we will sit with the imam. We will not go to the market.",Same scene as the Lesson 1 calendar-and-mosque card
ch36-action-name-tag.png,chapter-36-lesson-01.json,ch36-l01,1,36,What Is a Maṣdar?,CONCEPT,الْمَصْدَرُ,The maṣdar,"A pen gliding across a clean sheet with a plain blank label tag riding on its motion trail: the action itself, named. No hands, no figures"
ch36-wrote-vs-writing.png,chapter-36-lesson-01.json,ch36-l01,2,36,What Is a Maṣdar?,CONTRAST,كَتَبَ / كِتَابَةٌ,A verb and its maṣdar,"Split panel: left, a finished letter with a pen laid beside it (he wrote); right, the same pen mid-stroke with soft motion lines (writing as an activity). No figures"
ch36-helped-vs-help.png,chapter-36-lesson-01.json,ch36-l01,3,36,What Is a Maṣdar?,CONTRAST,نَصَرَ / نَصْرٌ,Another pair,"Split panel: left, a hand (no face) lifting another hand up a step (he helped); right, a pair of clasped hands alone (help as a thing)"
ch36-ahmad-wrote-letter.png,chapter-36-lesson-01.json,ch36-l01,4,36,What Is a Maṣdar?,EXAMPLE,كَتَبَ أَحْمَدُ الرِّسَالَةَ.,Ahmad wrote the letter.,"A boy seen from behind at a desk, a sealed envelope in front of him; faceless figures: blank featureless faces or turned away"
ch36-easy-writing.png,chapter-36-lesson-01.json,ch36-l01,5,36,What Is a Maṣdar?,EXAMPLE,الْكِتَابَةُ سَهْلَةٌ.,Writing is easy.,"An open notebook with a smooth flowing line being drawn by a pen, a gentle green downhill arrow beside it. No figures"
ch36-form-one-tree.png,chapter-36-lesson-02.json,ch36-l02,1,36,Learn Common Form I Verb–Maṣdar Pairs,CONCEPT,الْفِعْلُ الثُّلَاثِيُّ,Form I,"A root tree with one trunk and two branches that end in leaves of two different shapes: one verb type, different noun shapes. No lettering, no figures"
ch36-wrote-vs-writing.png,chapter-36-lesson-02.json,ch36-l02,2,36,Learn Common Form I Verb–Maṣdar Pairs,CONTRAST,كَتَبَ ← كِتَابَةٌ,Pair 1,"Split panel: left, a finished letter with a pen laid beside it (he wrote); right, the same pen mid-stroke with soft motion lines (writing as an activity). No figures"
ch36-helped-vs-help.png,chapter-36-lesson-02.json,ch36-l02,3,36,Learn Common Form I Verb–Maṣdar Pairs,CONTRAST,نَصَرَ ← نَصْرٌ,Pair 2,"Split panel: left, a hand (no face) lifting another hand up a step (he helped); right, a pair of clasped hands alone (help as a thing)"
ch36-easy-writing.png,chapter-36-lesson-02.json,ch36-l02,4,36,Learn Common Form I Verb–Maṣdar Pairs,EXAMPLE,كِتَابَةُ الدَّرْسِ,the writing of the lesson,"An open notebook with a smooth flowing line being drawn by a pen, a gentle green downhill arrow beside it. No figures"
ch36-helping-friend.png,chapter-36-lesson-02.json,ch36-l02,5,36,Learn Common Form I Verb–Maṣdar Pairs,EXAMPLE,نَصَرَ أَحْمَدُ صَدِيقَهُ.,Ahmad helped his friend.,"Two boys seen from behind at the foot of mosque steps, one steadying the other's bag strap; faceless figures: blank featureless faces or turned away"
ch36-root-extra-letter.png,chapter-36-lesson-03.json,ch36-l03,1,36,Recognize Common Derived-Form Maṣdars,CONCEPT,الْفِعْلُ الْمَزِيدُ,Verbs with extra letters,"A plain wooden block beside the same block with a small gold peg added in the middle: a letter added to the root. No lettering, no figures"
ch36-glorify-prayer-beads.png,chapter-36-lesson-03.json,ch36-l03,2,36,Recognize Common Derived-Form Maṣdars,CONTRAST,سَبَّحَ ← تَسْبِيحٌ,Form II: تَفْعِيلٌ,A string of prayer beads resting on a folded cloth in soft light. No figures
ch36-teaching-board.png,chapter-36-lesson-03.json,ch36-l03,3,36,Recognize Common Derived-Form Maṣdars,CONTRAST,عَلَّمَ ← تَعْلِيمٌ,Form II: تَفْعِيلٌ,"An empty classroom with a board, a pointer resting on its ledge and rows of desks. No figures"
ch36-sending-letter.png,chapter-36-lesson-03.json,ch36-l03,4,36,Recognize Common Derived-Form Maṣdars,CONTRAST,أَرْسَلَ ← إِرْسَالٌ,Form IV: إِفْعَالٌ,A sealed letter leaving a hand (no face) towards a distant doorway along a dotted path
ch36-faith-lantern.png,chapter-36-lesson-03.json,ch36-l03,5,36,Recognize Common Derived-Form Maṣdars,CONTRAST,آمَنَ ← إِيمَانٌ,Form IV: إِفْعَالٌ,"A lit lantern held in an open palm at dusk; symbolic, no face"
ch36-signpost-not-law.png,chapter-36-lesson-03.json,ch36-l03,6,36,Recognize Common Derived-Form Maṣdars,CONCEPT,نَمَطٌ لَا قَاعِدَةٌ,"A clue, not a guarantee","A wooden signpost pointing along a path, with a small gap in the fence beside it: a clue, not a guarantee. No lettering, no figures"
ch36-quraysh-preview-symbolic.png,chapter-36-lesson-03.json,ch36-l03,7,36,Recognize Common Derived-Form Maṣdars,AYAH_PREVIEW,لِإِيلَافِ قُرَيْشٍ,Quraysh 106:1 — a preview for Chapter 39,"Symbolic: a long road through two seasons, snow-dusted dunes on the left and sun-baked dunes on the right, a distant gate. No figures"
ch36-noun-takes-role.png,chapter-36-lesson-04.json,ch36-l04,1,36,Use the Maṣdar as a Noun,CONCEPT,الْمَصْدَرُ اسْمٌ,The role decides the ending,"Three small identical tiles placed in three different slots of a wooden rack: one word, three roles. No lettering, no figures"
ch36-subject-or-after-preposition.png,chapter-36-lesson-04.json,ch36-l04,2,36,Use the Maṣdar as a Noun,CONTRAST,الْكِتَابَةُ / فِي الْكِتَابَةِ,Subject and after a preposition,Split panel: a pen alone at the centre of a table; the same pen inside a small box with an arrow pointing into it. No figures
ch36-sits-for-writing.png,chapter-36-lesson-04.json,ch36-l04,3,36,Use the Maṣdar as a Noun,EXAMPLE,يَجْلِسُ أَحْمَدُ لِلْكِتَابَةِ.,Ahmad sits down for writing.,A boy seen from behind sitting down at a desk with a notebook and pen; faceless figures: blank featureless faces or turned away
ch36-chain-link.png,chapter-36-lesson-04.json,ch36-l04,4,36,Use the Maṣdar as a Noun,CONTRAST,كِتَابَةُ الدَّرْسِ / نَصْرُ اللَّهِ,First word of an iḍāfa,"Two chain links joined, the left one larger than the right. No lettering, no figures"
ch36-his-handwriting.png,chapter-36-lesson-04.json,ch36-l04,5,36,Use the Maṣdar as a Noun,EXAMPLE,كِتَابَتُهُ جَمِيلَةٌ.,His writing is beautiful.,"A neat page of handwriting beside a pen, a small tag pointing back to a boy seen from behind; faceless figures: blank featureless faces or turned away"
ch36-hasten-to-dhikr-symbolic.png,chapter-36-lesson-04.json,ch36-l04,6,36,Use the Maṣdar as a Noun,AYAH_PREVIEW,فَاسْعَوْا إِلَى ذِكْرِ اللَّهِ,62:9: to the remembrance of Allah,Symbolic: an open mosque doorway at midday with a clear path of light across a courtyard. No figures
ch36-verb-action-doer.png,chapter-36-lesson-05.json,ch36-l07,1,36,Who Does It? The Active Participle,CONTRAST,كَتَبَ / كِتَابَةٌ / كَاتِبٌ,"Verb, action noun, doer",Three panels: a pen resting on a desk; the pen mid-stroke; a boy seen from behind holding the pen; faceless figures: blank featureless faces or turned away
ch36-doer-shape.png,chapter-36-lesson-05.json,ch36-l07,2,36,Who Does It? The Active Participle,CONCEPT,اسْمُ الْفَاعِلِ,The pattern فَاعِلٌ,"Two identical silhouettes from behind, each holding a different tool (a pen, a rope), the same blank name-tag shape above both; faceless figures: blank featureless faces or turned away"
ch36-helper-hand.png,chapter-36-lesson-05.json,ch36-l07,3,36,Who Does It? The Active Participle,CONTRAST,نَصَرَ / نَاصِرٌ,A helper,"A hand (no face) steadying a ladder while someone climbs, seen from behind; faceless figures: blank featureless faces or turned away"
ch36-ahmad-writer.png,chapter-36-lesson-05.json,ch36-l07,4,36,Who Does It? The Active Participle,EXAMPLE,أَحْمَدُ كَاتِبٌ.,Ahmad is a writer.,"A boy seen from behind at a desk, shelves of notebooks behind him, a plain name tag in the corner; faceless figures: blank featureless faces or turned away"
ch36-word-type-or-role.png,chapter-36-lesson-05.json,ch36-l07,5,36,Who Does It? The Active Participle,CONTRAST,اسْمُ الْفَاعِلِ / فَاعِلٌ,Word type or sentence role?,"Two panels: left, a boy entering a classroom door (the one who acts); right, a boy seated with a plain name card (only a description); faceless figures: blank featureless faces or turned away"
ch36-noble-recorders-symbolic.png,chapter-36-lesson-05.json,ch36-l07,6,36,Who Does It? The Active Participle,AYAH_PREVIEW,كِرَامًا كَاتِبِينَ,82:11: noble writers,Symbolic: two soft columns of light beside an open ledger floating above a quiet field. No figures
ch36-writer-and-written.png,chapter-36-lesson-06.json,ch36-l08,1,36,What Receives It? The Passive Participle,CONTRAST,كَاتِبٌ / مَكْتُوبٌ,Doer and receiver,"Two panels: a pen writing; a page already written, pen laid beside it. No figures"
ch36-helper-and-helped.png,chapter-36-lesson-06.json,ch36-l08,2,36,What Receives It? The Passive Participle,CONTRAST,نَاصِرٌ / مَنْصُورٌ,Another pair,Two panels: a hand (no face) lifting; a person standing on the top step seen from behind; faceless figures: blank featureless faces or turned away
ch36-receiver-pattern.png,chapter-36-lesson-06.json,ch36-l08,3,36,What Receives It? The Passive Participle,CONCEPT,اسْمُ الْمَفْعُولِ,The pattern مَفْعُولٌ,"A seal pressing a blank shape into warm wax, the wax carrying the shape: the receiver of the action. No lettering, no figures"
ch36-door-open.png,chapter-36-lesson-06.json,ch36-l08,4,36,What Receives It? The Passive Participle,EXAMPLE,الْبَابُ مَفْتُوحٌ.,The door is open.,"A wooden door standing open onto a bright courtyard, a key still in the lock. No figures"
ch36-lesson-written.png,chapter-36-lesson-06.json,ch36-l08,5,36,What Receives It? The Passive Participle,EXAMPLE,الدَّرْسُ مَكْتُوبٌ.,The lesson is written.,"A notebook page filled with neat lines, a pen laid beside it. No figures"
ch36-participle-not-object.png,chapter-36-lesson-06.json,ch36-l08,6,36,What Receives It? The Passive Participle,CONTRAST,اسْمُ الْمَفْعُولِ / مَفْعُولٌ بِهِ,Word type or sentence role?,"Split panel: left, a hand (no face) holding a book out to someone (an object of an action); right, a finished page lying still on a table (a described thing)"
ch36-dhikr-greater-symbolic.png,chapter-36-lesson-07.json,ch36-l05,1,36,Read Maṣdars in Quranic Context,AYAH_PREVIEW,وَلَذِكْرُ اللَّهِ أَكْبَرُ,29:45: the remembrance of Allah,Symbolic: a small lamp glowing in a vast starry sky. No figures
ch36-faith-unmixed-symbolic.png,chapter-36-lesson-07.json,ch36-l05,3,36,Read Maṣdars in Quranic Context,AYAH_PREVIEW,وَلَمْ يَلْبِسُوا إِيمَانَهُمْ بِظُلْمٍ,6:82: their faith,"Symbolic: a clear glass of water beside a muddy one, light falling only on the clear glass. No figures"
ch36-quoted-or-related.png,chapter-36-lesson-07.json,ch36-l05,4,36,Read Maṣdars in Quranic Context,CONTRAST,سَبِّحِ / تَسْبِيحٌ,Quoted or related?,Two panels: an open Mushaf with a highlighter line under one word; beside it a loose note card that is not part of the book. No figures
ch36-find-the-action-noun.png,chapter-36-lesson-07.json,ch36-l05,5,36,Read Maṣdars in Quranic Context,CONCEPT,كَيْفَ نَقْرَأُ؟,How to read it,"A magnifying glass over a row of plain wooden word-blocks, one block glowing. No lettering, no figures"
ch36-three-nouns-one-root.png,chapter-36-lesson-08.json,ch36-l09,1,36,"Action, Doer, or Receiver?",CONTRAST,كِتَابَةٌ / كَاتِبٌ / مَكْتُوبٌ,"One root, three nouns","One tree trunk splitting into three branches that end in a pen, a boy's silhouette from behind and a written page; faceless figures: blank featureless faces or turned away"
ch36-help-trio.png,chapter-36-lesson-08.json,ch36-l09,2,36,"Action, Doer, or Receiver?",CONTRAST,نَصْرٌ / نَاصِرٌ / مَنْصُورٌ,The same three from نَصَرَ,Three panels: clasped hands alone; a hand (no face) lifting; a person on the top step seen from behind; faceless figures: blank featureless faces or turned away
ch36-easy-writing.png,chapter-36-lesson-08.json,ch36-l09,3,36,"Action, Doer, or Receiver?",EXAMPLE,الْكِتَابَةُ سَهْلَةٌ.,Writing is easy.,"An open notebook with a smooth flowing line being drawn by a pen, a gentle green downhill arrow beside it. No figures"
ch36-ahmad-writer.png,chapter-36-lesson-08.json,ch36-l09,4,36,"Action, Doer, or Receiver?",EXAMPLE,أَحْمَدُ كَاتِبٌ.,Ahmad is a writer.,"A boy seen from behind at a desk, shelves of notebooks behind him, a plain name tag in the corner; faceless figures: blank featureless faces or turned away"
ch36-lesson-written.png,chapter-36-lesson-08.json,ch36-l09,5,36,"Action, Doer, or Receiver?",EXAMPLE,الدَّرْسُ مَكْتُوبٌ.,The lesson is written.,"A notebook page filled with neat lines, a pen laid beside it. No figures"
ch36-noun-no-clock.png,chapter-36-lesson-08.json,ch36-l09,6,36,"Action, Doer, or Receiver?",CONCEPT,لَا زَمَنَ فِي الِاسْمِ,No time on its own,A clock face with no hands beside a notebook on a desk. No figures
ch36-three-nouns-one-root.png,chapter-36-lesson-09-review.json,ch36-l06,1,36,Chapter 36 Review,CONCEPT,الْمَصْدَرُ · الْفَاعِلُ · الْمَفْعُولُ,Chapter 36 at a glance,"One tree trunk splitting into three branches that end in a pen, a boy's silhouette from behind and a written page; faceless figures: blank featureless faces or turned away"
ch36-three-nouns-one-root.png,chapter-36-lesson-09-review.json,ch36-l06,2,36,Chapter 36 Review,EXAMPLE,الْكِتَابَةُ سَهْلَةٌ، وَأَحْمَدُ كَاتِبٌ، وَالدَّرْسُ مَكْتُوبٌ.,"Writing is easy, Ahmad is a writer, and the lesson is written.","One tree trunk splitting into three branches that end in a pen, a boy's silhouette from behind and a written page; faceless figures: blank featureless faces or turned away"
ch37-feminine-forms-grid.png,chapter-37-lesson-06-review.json,ch37-l06,1,37,Chapter 37 Review,CONCEPT,هِيَ · أَنْتِ · هُنَّ · أَنْتُنَّ,Chapter 37 at a glance,"Four small panels of silhouettes from behind: one woman walking, one woman reading, a small group of women, one woman praying; faceless figures: blank featureless faces or turned away"
ch37-believing-woman-prays.png,chapter-37-lesson-06-review.json,ch37-l06,2,37,Chapter 37 Review,EXAMPLE,الْمُؤْمِنَةُ تُصَلِّي الْفَجْرَ.,The believing woman prays the dawn prayer.,A woman in a long garment seen from behind on a prayer mat at dawn; faceless figures: blank featureless faces or turned away
ch38-dual-glance.png,chapter-38-lesson-07-review.json,ch38-l06,1,38,Chapter 38 Review,CONCEPT,الْمُثَنَّى,Chapter 38 at a glance,"Two identical books, two identical pens and two doors side by side. No figures"
ch38-two-students-write.png,chapter-38-lesson-07-review.json,ch38-l06,2,38,Chapter 38 Review,EXAMPLE,الطَّالِبَانِ الْمُجْتَهِدَانِ يَكْتُبَانِ.,The two diligent students write.,"Two students seen from behind sharing one bench, each writing in a notebook; faceless figures: blank featureless faces or turned away"
ch39-surah-four-ayat-symbolic.png,chapter-39-lesson-06-review.json,ch39-l06,1,39,Chapter 39 Review,CONCEPT,سُورَةُ قُرَيْشٍ,Surah Quraysh at a glance,Symbolic: four lanterns in a row along a road at dusk. No figures
ch39-lord-of-this-house-symbolic.png,chapter-39-lesson-06-review.json,ch39-l06,2,39,Chapter 39 Review,EXAMPLE,رَبَّ هَٰذَا الْبَيْتِ,the Lord of this House,"Symbolic: the Kaʿbah seen from far across an open plain at dawn; no figures, no crowd"
ch40-prep-phrase-tag.png,chapter-40-lesson-03.json,ch40-l09,1,40,Add a Prepositional Phrase,CONCEPT,الْجَارُّ وَالْمَجْرُورُ,A prepositional phrase,"A small blank tag hung on a pen that rests in a box: a phrase attached to a thing. No lettering, no figures"
ch40-mosque-statement-or-description.png,chapter-40-lesson-03.json,ch40-l09,2,40,Add a Prepositional Phrase,CONTRAST,الْمَسْجِدُ فِي الْمَدِينَةِ / مَسْجِدٌ فِي الْمَدِينَةِ,Definite or indefinite first noun,"Split panel: left, one particular mosque in a city with a green tick (the mosque is in the city); right, a nameless mosque among rooftops with a small question tag (a mosque in the city). No figures"
ch40-book-on-desk-statement.png,chapter-40-lesson-03.json,ch40-l09,3,40,Add a Prepositional Phrase,CONTRAST,الْكِتَابُ عَلَى الْمَكْتَبِ / كِتَابٌ عَلَى الْمَكْتَبِ,The same with another noun,Split panel: one specific book clearly set apart on a desk with a green tick; a plain unnamed book on a desk. No figures
ch40-teacher-knows-quran.png,chapter-40-lesson-03.json,ch40-l09,4,40,Add a Prepositional Phrase,EXAMPLE,الْمُعَلِّمُ عَالِمٌ بِالْقُرْآنِ.,The teacher is knowledgeable about the Quran.,"A teacher seen from behind at a lectern with an open Mushaf and full shelves, a thought-bubble holding the same Mushaf; faceless figures: blank featureless faces or turned away"
ch40-knows-everything-symbolic.png,chapter-40-lesson-03.json,ch40-l09,5,40,Add a Prepositional Phrase,AYAH_PREVIEW,وَهُوَ بِكُلِّ شَيْءٍ عَلِيمٌ,2:29: of all things,Symbolic: a vast open ledger of stars under a night sky with soft light across all of it. No figures
ch40-student-book-on-desk.png,chapter-40-lesson-03.json,ch40-l09,6,40,Add a Prepositional Phrase,EXAMPLE,كِتَابُ هَذَا الطَّالِبِ الْمُجْتَهِدِ عَلَى الْمَكْتَبِ.,The book of this diligent student is on the desk.,"A student's desk with a notebook and a pen, a school bag on the chair beside it. No figures"
ch40-one-to-group.png,chapter-40-lesson-05.json,ch40-l08,1,40,"Describe a Group: الَّذِينَ, اللَّاتِي, الَّتِي",CONCEPT,الَّذِي → الَّذِينَ,Singular to group,"Left, one man seen from behind; right, a row of men seen from behind; faceless figures: blank featureless faces or turned away"
ch40-one-to-group.png,chapter-40-lesson-05.json,ch40-l08,2,40,"Describe a Group: الَّذِينَ, اللَّاتِي, الَّتِي",CONTRAST,الَّذِي / الَّذِينَ,A man or a group of men,"Left, one man seen from behind; right, a row of men seen from behind; faceless figures: blank featureless faces or turned away"
ch40-students-write-lesson.png,chapter-40-lesson-05.json,ch40-l08,3,40,"Describe a Group: الَّذِينَ, اللَّاتِي, الَّتِي",EXAMPLE,الطُّلَّابُ الَّذِينَ يَكْتُبُونَ الدَّرْسَ,the students who write the lesson,A row of students seen from behind writing at their desks; faceless figures: blank featureless faces or turned away
ch40-women-in-classroom.png,chapter-40-lesson-05.json,ch40-l08,4,40,"Describe a Group: الَّذِينَ, اللَّاتِي, الَّتِي",CONTRAST,اللَّاتِي,A group of women,A group of women students seen from behind in a bright classroom; faceless figures: blank featureless faces or turned away
ch40-women-writing.png,chapter-40-lesson-05.json,ch40-l08,5,40,"Describe a Group: الَّذِينَ, اللَّاتِي, الَّتِي",EXAMPLE,الطَّالِبَاتُ اللَّاتِي يَكْتُبْنَ الدَّرْسَ,the students (f.) who write the lesson,"A group of women students seen from behind, all writing in notebooks; faceless figures: blank featureless faces or turned away"
ch40-books-on-desk.png,chapter-40-lesson-05.json,ch40-l08,6,40,"Describe a Group: الَّذِينَ, اللَّاتِي, الَّتِي",CONTRAST,الَّتِي,Things in the plural,A neat stack of three books on a desk. No figures
ch40-path-of-the-favoured-symbolic.png,chapter-40-lesson-05.json,ch40-l08,7,40,"Describe a Group: الَّذِينَ, اللَّاتِي, الَّتِي",AYAH_PREVIEW,صِرَاطَ الَّذِينَ أَنْعَمْتَ عَلَيْهِمْ,1:7: those upon whom You bestowed favour,Symbolic: a straight sunlit path across a green plain with many footprints along it. No figures
ch40-three-groups-sort.png,chapter-40-lesson-05.json,ch40-l08,8,40,"Describe a Group: الَّذِينَ, اللَّاتِي, الَّتِي",CONCEPT,مَنْ هُمْ؟,Choose by who,"Three baskets: one holding silhouettes of men from behind, one holding silhouettes of women from behind, one holding a stack of books; faceless figures: blank featureless faces or turned away"
ch40-student-book-on-desk.png,chapter-40-lesson-09-review.json,ch40-l07,1,40,Chapter 40 Review,CONCEPT,الْأَوْصَافُ,Chapter 40 at a glance,"A student's desk with a notebook and a pen, a school bag on the chair beside it. No figures"
ch40-students-write-lesson.png,chapter-40-lesson-09-review.json,ch40-l07,2,40,Chapter 40 Review,EXAMPLE,الطُّلَّابُ الَّذِينَ يَكْتُبُونَ فِي الْفَصْلِ,the students who write in the classroom,A row of students seen from behind writing at their desks; faceless figures: blank featureless faces or turned away
ch45-aim-arrow-and-target.png,chapter-45-lesson-03.json,ch45-l08,1,45,Purpose — كَيْ and لِـ,CONCEPT,الْغَرَضُ: كَيْ وَلِـ,Purpose: 'in order to',A bow-less arrow resting beside a target board with a path leading from a desk to it; no figures
ch45-aim-arrow-and-target.png,chapter-45-lesson-03.json,ch45-l08,2,45,Purpose — كَيْ and لِـ,EXAMPLE,أَدْرُسُ كَيْ أَنْجَحَ.,I study so that I succeed.,A bow-less arrow resting beside a target board with a path leading from a desk to it; no figures
ch45-aim-arrow-and-target.png,chapter-45-lesson-03.json,ch45-l08,3,45,Purpose — كَيْ and لِـ,EXAMPLE,أَدْرُسُ لِأَنْجَحَ.,I study so that I succeed.,A bow-less arrow resting beside a target board with a path leading from a desk to it; no figures
ch45-aim-arrow-and-target.png,chapter-45-lesson-03.json,ch45-l08,5,45,Purpose — كَيْ and لِـ,GRAMMAR_NOTE,"Two frames, one meaning","Two frames, one meaning",A bow-less arrow resting beside a target board with a path leading from a desk to it; no figures
ch45-two-lam-jobs-book-and-desk.png,chapter-45-lesson-03.json,ch45-l08,4,45,Purpose — كَيْ and لِـ,CONTRAST,لِـ لِلِاسْمِ وَلِلْفِعْلِ,Two jobs for لِـ,"Split scene: a book resting on a student's desk on the left (for the student), a chair pulled out in front of a notebook and pen on the right (so that I write); no figures"
ch45-exalt-night-sky-stars.png,chapter-45-lesson-03.json,ch45-l08,6,45,Purpose — كَيْ and لِـ,AYAH_PREVIEW,كَيْ نُسَبِّحَكَ كَثِيرًا,so that we may exalt You much,A wide quiet night sky with stars above a still desert; no figures
ch45-out-of-dark-into-light-door.png,chapter-45-lesson-03.json,ch45-l08,7,45,Purpose — كَيْ and لِـ,AYAH_PREVIEW,لِتُخْرِجَ النَّاسَ مِنَ الظُّلُمَاتِ إِلَى النُّورِ,that you might bring mankind out of darknesses into the light,A doorway between a dark room on the left and sunlight on the right; no figures
ch45-wait-bench-until-arrival.png,chapter-45-lesson-04.json,ch45-l09,1,45,Until — حَتَّى and a Verb,CONCEPT,حَتَّى لِلْغَايَةِ,'Until': a verb after حَتَّى,"A bench at a school gate with a closed bag on it, a long road empty in the distance and a rising sun; no figures"
ch45-wait-bench-until-arrival.png,chapter-45-lesson-04.json,ch45-l09,2,45,Until — حَتَّى and a Verb,EXAMPLE,أَجْلِسُ هُنَا حَتَّى يَحْضُرَ الْمُعَلِّمُ.,I sit here until the teacher arrives.,"A bench at a school gate with a closed bag on it, a long road empty in the distance and a rising sun; no figures"
ch45-wait-bench-until-arrival.png,chapter-45-lesson-04.json,ch45-l09,3,45,Until — حَتَّى and a Verb,EXAMPLE,أَدْرُسُ حَتَّى أَنْجَحَ.,I study until I succeed.,"A bench at a school gate with a closed bag on it, a long road empty in the distance and a rising sun; no figures"
ch45-wait-bench-until-arrival.png,chapter-45-lesson-04.json,ch45-l09,5,45,Until — حَتَّى and a Verb,GRAMMAR_NOTE,Spelling is not enough,Spelling is not enough,"A bench at a school gate with a closed bag on it, a long road empty in the distance and a rising sun; no figures"
ch45-aim-or-endpoint-two-paths.png,chapter-45-lesson-04.json,ch45-l09,4,45,Until — حَتَّى and a Verb,CONTRAST,,Aim or endpoint?,"Two panels: on the left an arrow flying to a target (the aim), on the right a path running to a finish line marked by a flag (the endpoint); no figures"
ch45-waiting-camp-for-return.png,chapter-45-lesson-04.json,ch45-l09,6,45,Until — حَتَّى and a Verb,AYAH_PREVIEW,حَتَّىٰ يَرْجِعَ إِلَيْنَا مُوسَىٰ,until Moses returns to us,"A quiet desert camp at dusk with a lit lamp and an empty path toward the horizon; no figures, no animals"
ch45-waiting-camp-for-return.png,chapter-45-lesson-04.json,ch45-l09,7,45,Until — حَتَّى and a Verb,EXAMPLE,لَنْ نَبْرَحَ … حَتَّىٰ يَرْجِعَ,we will not cease … until he returns (20:91),"A quiet desert camp at dusk with a lit lamp and an empty path toward the horizon; no figures, no animals"
ch41-reading-lamp-open-book.png,chapter-41-lesson-01.json,ch41-l01,1,41,Read for the Gist and the Order,CONCEPT,الْفِكْرَةُ الْعَامَّةُ,Read a text for its gist,"An open book on a wooden desk under a warm reading lamp, a pen beside it. No figures"
ch41-reading-lamp-open-book.png,chapter-41-lesson-01.json,ch41-l01,6,41,Read for the Gist and the Order,CONTRAST,الْفِكْرَةُ أَمِ التَّرْتِيبُ؟,Gist or order?,"An open book on a wooden desk under a warm reading lamp, a pen beside it. No figures"
ch41-masjid-house-book-three-steps.png,chapter-41-lesson-01.json,ch41-l01,2,41,Read for the Gist and the Order,EXAMPLE,ذَهَبَ يُوسُفُ إِلَى الْمَسْجِدِ صَبَاحًا. ثُمَّ رَجَعَ إِلَى الْبَيْتِ. بَعْدَ ذَلِكَ قَرَأَ كِتَابًا.,Yusuf went to the masjid in the morning. Then he returned to the house. After that he read a book.,"Three panels left to right: a masjid in morning light, a house with an open door, a book on a table; faceless figures: blank featureless faces or turned away if any figure appears (prefer none)"
ch41-masjid-house-book-three-steps.png,chapter-41-lesson-01.json,ch41-l01,5,41,Read for the Gist and the Order,EXAMPLE,قَبْلَ الْفَصْلِ قَرَأَتْ فَاطِمَةُ كِتَابًا فِي الْبَيْتِ. ثُمَّ ذَهَبَتْ إِلَى الْمَدْرَسَةِ.,Before class Fatima read a book at home. Then she went to the school.,"Three panels left to right: a masjid in morning light, a house with an open door, a book on a table; faceless figures: blank featureless faces or turned away if any figure appears (prefer none)"
ch41-order-arrows-timeline.png,chapter-41-lesson-01.json,ch41-l01,3,41,Read for the Gist and the Order,CONCEPT,ثُمَّ، بَعْدَ ذَلِكَ، قَبْلَ,Words that give the order,"A simple horizontal path with three stones numbered by dots (one, two, three) and a small arrow between each, no lettering"
ch41-order-arrows-timeline.png,chapter-41-lesson-01.json,ch41-l01,4,41,Read for the Gist and the Order,GRAMMAR_NOTE,وَ does not give the order,وَ does not give the order,"A simple horizontal path with three stones numbered by dots (one, two, three) and a small arrow between each, no lettering"
ch41-two-desks-one-pen-one-book.png,chapter-41-lesson-02.json,ch41-l02,1,41,Who Is Described? Descriptions and References,CONCEPT,الْوَصْفُ,Who is described?,"A classroom with two separate desks seen from the back: one holds a pen and a notebook, the other an open book; no faces visible"
ch41-two-desks-one-pen-one-book.png,chapter-41-lesson-02.json,ch41-l02,2,41,Who Is Described? Descriptions and References,EXAMPLE,فِي الْفَصْلِ طَالِبٌ مُجْتَهِدٌ وَطَالِبَةٌ مُجْتَهِدَةٌ. هُوَ كَتَبَ الدَّرْسَ، وَهِيَ قَرَأَتْ كِتَابًا.,"In the class there is a diligent boy student and a diligent girl student. He wrote the lesson, and she read a book.","A classroom with two separate desks seen from the back: one holds a pen and a notebook, the other an open book; no faces visible"
ch41-two-desks-one-pen-one-book.png,chapter-41-lesson-02.json,ch41-l02,3,41,Who Is Described? Descriptions and References,CONCEPT,هُوَ، هِيَ,Who is 'he' and 'she'?,"A classroom with two separate desks seen from the back: one holds a pen and a notebook, the other an open book; no faces visible"
ch41-two-desks-one-pen-one-book.png,chapter-41-lesson-02.json,ch41-l02,6,41,Who Is Described? Descriptions and References,GRAMMAR_NOTE,"Context decides, not guessing","Context decides, not guessing","A classroom with two separate desks seen from the back: one holds a pen and a notebook, the other an open book; no faces visible"
ch41-two-markers-he-she.png,chapter-41-lesson-02.json,ch41-l02,4,41,Who Is Described? Descriptions and References,EXAMPLE,الطَّالِبُ الَّذِي كَتَبَ الدَّرْسَ,the boy student who wrote the lesson,"Two simple wooden name markers on a table, one tall blue, one short green, each beside a different object (a book, a notebook). No figures"
ch41-two-markers-he-she.png,chapter-41-lesson-02.json,ch41-l02,5,41,Who Is Described? Descriptions and References,EXAMPLE,الطَّالِبَةُ الَّتِي قَرَأَتْ كِتَابًا,the girl student who read a book,"Two simple wooden name markers on a table, one tall blue, one short green, each beside a different object (a book, a notebook). No figures"
ch41-pointer-arrow-back-to-noun.png,chapter-41-lesson-02.json,ch41-l02,7,41,Who Is Described? Descriptions and References,AYAH_PREVIEW,الَّذِي خَلَقَ فَسَوَّىٰ,Who created and proportioned,"A curved arrow from a lantern on the right back to a large lamp on the left, no lettering"
ch41-masjid-interior-empty-mat.png,chapter-41-lesson-03.json,ch41-l03,1,41,"Phrases of Place, Time and Company",CONCEPT,أَيْنَ؟ مَتَى؟ مَعَ مَنْ؟,"Phrases tell where, when, with whom",The inside of a masjid with a prayer mat on carpet and soft light through a window. No figures
ch41-masjid-interior-empty-mat.png,chapter-41-lesson-03.json,ch41-l03,2,41,"Phrases of Place, Time and Company",EXAMPLE,جَلَسَ أَحْمَدُ فِي الْمَسْجِدِ.,Ahmad sat in the masjid.,The inside of a masjid with a prayer mat on carpet and soft light through a window. No figures
ch41-school-gate-after-prayer.png,chapter-41-lesson-03.json,ch41-l03,3,41,"Phrases of Place, Time and Company",EXAMPLE,ذَهَبَ أَحْمَدُ إِلَى الْمَدْرَسَةِ بَعْدَ الصَّلَاةِ.,Ahmad went to the school after the prayer.,A school gate in afternoon light with a path from a distant masjid dome. No figures
ch41-two-books-two-seats-bench.png,chapter-41-lesson-03.json,ch41-l03,4,41,"Phrases of Place, Time and Company",EXAMPLE,قَرَأَ أَحْمَدُ كِتَابًا مَعَ أَخِيهِ.,Ahmad read a book with his brother.,"A bench with two open books side by side, one slightly larger, as if shared. No figures"
ch41-two-books-two-seats-bench.png,chapter-41-lesson-03.json,ch41-l03,5,41,"Phrases of Place, Time and Company",EXAMPLE,جَلَسَ أَحْمَدُ فِي الْمَسْجِدِ بَعْدَ الصَّلَاةِ مَعَ أَخِيهِ.,Ahmad sat in the masjid after the prayer with his brother.,"A bench with two open books side by side, one slightly larger, as if shared. No figures"
ch41-three-labels-where-when-whom.png,chapter-41-lesson-03.json,ch41-l03,6,41,"Phrases of Place, Time and Company",GRAMMAR_NOTE,Read the phrase with its event,Read the phrase with its event,"Three objects in a row — a house, a sun-clock, two cups — with a small thread joining them, no lettering"
ch41-dark-to-light-path.png,chapter-41-lesson-03.json,ch41-l03,7,41,"Phrases of Place, Time and Company",AYAH_PREVIEW,مِنَ الظُّلُمَاتِ إِلَى النُّورِ,from the darknesses into the light,A path from a dark cave mouth on the left to a bright open field on the right. No figures
ch41-pointing-to-words-magnifier.png,chapter-41-lesson-04.json,ch41-l04,1,41,Reading With Evidence,CONCEPT,الدَّلِيلُ مِنَ النَّصِّ,Answer from the words,"A magnifying glass resting over a blank line of text on an open page, no readable writing. No figures"
ch41-ayah-three-actions-symbols.png,chapter-41-lesson-04.json,ch41-l04,2,41,Reading With Evidence,AYAH_PREVIEW,الَّذِينَ يُؤْمِنُونَ بِالْغَيْبِ وَيُقِيمُونَ الصَّلَاةَ وَمِمَّا رَزَقْنَاهُمْ يُنفِقُونَ,"Those who believe in the unseen, establish the prayer, and spend from what We have provided for them.","Three symbolic objects in a row — a closed sealed box (the unseen), a prayer mat, an open hand with coins — no figures"
ch41-ayah-three-actions-symbols.png,chapter-41-lesson-04.json,ch41-l04,3,41,Reading With Evidence,CONCEPT,الَّذِينَ,"Three actions, one group","Three symbolic objects in a row — a closed sealed box (the unseen), a prayer mat, an open hand with coins — no figures"
ch41-ayah-three-actions-symbols.png,chapter-41-lesson-04.json,ch41-l04,4,41,Reading With Evidence,GRAMMAR_NOTE,Supplied forms,Supplied forms,"Three symbolic objects in a row — a closed sealed box (the unseen), a prayer mat, an open hand with coins — no figures"
ch41-fatima-home-evidence-desk.png,chapter-41-lesson-04.json,ch41-l04,5,41,Reading With Evidence,EXAMPLE,دَخَلَتْ فَاطِمَةُ الْفَصْلَ وَجَلَسَتْ. هِيَ كَتَبَتِ الدَّرْسَ. ثُمَّ ذَهَبَتْ إِلَى الْبَيْتِ مَعَ أَخِيهَا.,Fatima entered the class and sat down. She wrote the lesson. Then she went home with her brother.,"A desk with a notebook and a pen, two chairs, a school bag by the door; faceless figures: blank featureless faces or turned away if any figures appear (prefer none)"
ch41-fatima-home-evidence-desk.png,chapter-41-lesson-04.json,ch41-l04,6,41,Reading With Evidence,GRAMMAR_NOTE,Stated or not stated?,Stated or not stated?,"A desk with a notebook and a pen, two chairs, a school bag by the door; faceless figures: blank featureless faces or turned away if any figures appear (prefer none)"
ch41-fatima-home-evidence-desk.png,chapter-41-lesson-04.json,ch41-l04,7,41,Reading With Evidence,EXAMPLE,ذَهَبَتْ سَلْمَى إِلَى الْمَسْجِدِ مَعَ أَبِيهَا. هِيَ قَرَأَتْ كِتَابًا بَعْدَ الصَّلَاةِ.,Salma went to the masjid with her father. She read a book after the prayer.,"A desk with a notebook and a pen, two chairs, a school bag by the door; faceless figures: blank featureless faces or turned away if any figures appear (prefer none)"
ch41-fil-surah-steps.png,chapter-41-lesson-05.json,ch41-l06,1,41,Reading Surah Al-Fil,CONCEPT,سُورَةُ الْفِيلِ,A complete surah: Al-Fil,"A stone path with two low steps and then a wider platform, calm light; symbolic, no figures"
ch41-elephant-silhouette-far-hill.png,chapter-41-lesson-05.json,ch41-l06,2,41,Reading Surah Al-Fil,AYAH_PREVIEW,أَلَمْ تَرَ كَيْفَ فَعَلَ رَبُّكَ بِأَصْحَابِ الْفِيلِ أَلَمْ يَجْعَلْ كَيْدَهُمْ فِي تَضْلِيلٍ,Have you not considered how your Lord dealt with the companions of the elephant? Did He not make their plan into misguidance?,A large elephant silhouette on a distant hill at dusk beside a tangled net-like plan drawn as a faded rope pattern; no people
ch41-elephant-silhouette-far-hill.png,chapter-41-lesson-05.json,ch41-l06,4,41,Reading Surah Al-Fil,GRAMMAR_NOTE,أَلَمْ — a form you will study later,أَلَمْ — a form you will study later,A large elephant silhouette on a distant hill at dusk beside a tangled net-like plan drawn as a faded rope pattern; no people
ch41-birds-flock-sky-clay.png,chapter-41-lesson-05.json,ch41-l06,3,41,Reading Surah Al-Fil,AYAH_PREVIEW,وَأَرْسَلَ عَلَيْهِمْ طَيْرًا أَبَابِيلَ تَرْمِيهِم بِحِجَارَةٍ مِّن سِجِّيلٍ فَجَعَلَهُمْ كَعَصْفٍ مَّأْكُولٍ,"And He sent against them birds in flocks, striking them with stones of hard clay, and He made them like eaten straw.","A wide sky with a great flock of small birds, and a few small clay-colored stones falling below; no people"
ch41-them-arrow-pointing-back.png,chapter-41-lesson-05.json,ch41-l06,5,41,Reading Surah Al-Fil,CONCEPT,هُمْ,Who is 'them'?,"Three arrows from three small stones all curving back to the silhouette of one large elephant, no lettering"
ch41-order-four-stones-path.png,chapter-41-lesson-05.json,ch41-l06,6,41,Reading Surah Al-Fil,GRAMMAR_NOTE,Read the events in the order stated,Read the events in the order stated,"A winding path with four numbered-by-dots stones leading to a heap of straw, no lettering"
ch41-qariah-question-gate.png,chapter-41-lesson-06.json,ch41-l07,1,41,Reading Surah Al-Qari'ah (Part 1),CONCEPT,سُورَةُ الْقَارِعَةِ,A complete surah: Al-Qari'ah (part 1),A large closed gate under a dim sky with a single question-mark-shaped lantern hanging in front; no figures
ch41-qariah-question-gate.png,chapter-41-lesson-06.json,ch41-l07,4,41,Reading Surah Al-Qari'ah (Part 1),GRAMMAR_NOTE,A question and its answer,A question and its answer,A large closed gate under a dim sky with a single question-mark-shaped lantern hanging in front; no figures
ch41-qariah-big-door-knocking.png,chapter-41-lesson-06.json,ch41-l07,2,41,Reading Surah Al-Qari'ah (Part 1),AYAH_PREVIEW,الْقَارِعَةُ مَا الْقَارِعَةُ وَمَا أَدْرَاكَ مَا الْقَارِعَةُ,The Striking Calamity! What is the Striking Calamity? And what can make you know what the Striking Calamity is?,"A heavy wooden door with a large iron knocker mid-swing, shadow trembling on the wall; no figures"
ch41-moths-scattered-night.png,chapter-41-lesson-06.json,ch41-l07,3,41,Reading Surah Al-Qari'ah (Part 1),AYAH_PREVIEW,يَوْمَ يَكُونُ النَّاسُ كَالْفَرَاشِ الْمَبْثُوثِ وَتَكُونُ الْجِبَالُ كَالْعِهْنِ الْمَنفُوشِ,"It is the Day when people will be like moths, dispersed, and the mountains will be like wool, fluffed up.",Hundreds of moths scattered in all directions around a faint lamp in the night sky; no figures
ch41-moths-scattered-night.png,chapter-41-lesson-06.json,ch41-l07,5,41,Reading Surah Al-Qari'ah (Part 1),CONCEPT,كَـ,كَـ means 'like',Hundreds of moths scattered in all directions around a faint lamp in the night sky; no figures
ch41-mountains-like-wool.png,chapter-41-lesson-06.json,ch41-l07,3,41,Reading Surah Al-Qari'ah (Part 1),AYAH_PREVIEW,يَوْمَ يَكُونُ النَّاسُ كَالْفَرَاشِ الْمَبْثُوثِ وَتَكُونُ الْجِبَالُ كَالْعِهْنِ الْمَنفُوشِ,"It is the Day when people will be like moths, dispersed, and the mountains will be like wool, fluffed up.",Mountain shapes drawn as soft fluffed tufts of colored wool drifting apart; no figures
ch41-mountains-like-wool.png,chapter-41-lesson-06.json,ch41-l07,5,41,Reading Surah Al-Qari'ah (Part 1),CONCEPT,كَـ,كَـ means 'like',Mountain shapes drawn as soft fluffed tufts of colored wool drifting apart; no figures
ch41-stay-with-given-meaning-ruler.png,chapter-41-lesson-06.json,ch41-l07,6,41,Reading Surah Al-Qari'ah (Part 1),GRAMMAR_NOTE,Keep to the meaning given,Keep to the meaning given,"A ruler laid under a line on a blank page, keeping to the line; no figures"
ch41-scales-heavy-light-balance.png,chapter-41-lesson-07.json,ch41-l08,1,41,Reading Surah Al-Qari'ah (Part 2),CONCEPT,سُورَةُ الْقَارِعَةِ,A complete surah: Al-Qari'ah (part 2),"A brass balance scale: one pan low with many stones, one pan high and nearly empty; no figures"
ch41-scales-heavy-light-balance.png,chapter-41-lesson-07.json,ch41-l08,2,41,Reading Surah Al-Qari'ah (Part 2),AYAH_PREVIEW,فَأَمَّا مَن ثَقُلَتْ مَوَازِينُهُ فَهُوَ فِي عِيشَةٍ رَّاضِيَةٍ,"Then as for one whose scales are heavy, he will be in a pleasant life.","A brass balance scale: one pan low with many stones, one pan high and nearly empty; no figures"
ch41-scales-heavy-light-balance.png,chapter-41-lesson-07.json,ch41-l08,3,41,Reading Surah Al-Qari'ah (Part 2),AYAH_PREVIEW,وَأَمَّا مَنْ خَفَّتْ مَوَازِينُهُ فَأُمُّهُ هَاوِيَةٌ,"But as for one whose scales are light, his refuge will be an abyss.","A brass balance scale: one pan low with many stones, one pan high and nearly empty; no figures"
ch41-pleasant-garden-spring.png,chapter-41-lesson-07.json,ch41-l08,2,41,Reading Surah Al-Qari'ah (Part 2),AYAH_PREVIEW,فَأَمَّا مَن ثَقُلَتْ مَوَازِينُهُ فَهُوَ فِي عِيشَةٍ رَّاضِيَةٍ,"Then as for one whose scales are heavy, he will be in a pleasant life.",A calm green garden with a spring and soft morning light; no figures
ch41-deep-hollow-abyss.png,chapter-41-lesson-07.json,ch41-l08,3,41,Reading Surah Al-Qari'ah (Part 2),AYAH_PREVIEW,وَأَمَّا مَنْ خَفَّتْ مَوَازِينُهُ فَأُمُّهُ هَاوِيَةٌ,"But as for one whose scales are light, his refuge will be an abyss.","A deep dark hollow in the ground seen from above, edges of rock; no figures"
ch41-blazing-fire-embers.png,chapter-41-lesson-07.json,ch41-l08,4,41,Reading Surah Al-Qari'ah (Part 2),AYAH_PREVIEW,وَمَا أَدْرَاكَ مَا هِيَهْ نَارٌ حَامِيَةٌ,"And what can make you know what that is? It is a Fire, intensely hot.",A large bed of glowing embers and flames in a dark pit; no figures
ch41-two-roads-split.png,chapter-41-lesson-07.json,ch41-l08,5,41,Reading Surah Al-Qari'ah (Part 2),CONTRAST,,Two branches,"A path splitting into two roads at a fork, one toward a green garden, one toward a dark hollow; no figures"
ch41-two-roads-split.png,chapter-41-lesson-07.json,ch41-l08,6,41,Reading Surah Al-Qari'ah (Part 2),GRAMMAR_NOTE,أَمَّا is supplied,أَمَّا is supplied,"A path splitting into two roads at a fork, one toward a green garden, one toward a dark hollow; no figures"
ch41-two-roads-split.png,chapter-41-lesson-07.json,ch41-l08,7,41,Reading Surah Al-Qari'ah (Part 2),GRAMMAR_NOTE,Read all eleven ayat as one surah,Read all eleven ayat as one surah,"A path splitting into two roads at a fork, one toward a green garden, one toward a dark hollow; no figures"
ch41-reading-checklist-desk.png,chapter-41-lesson-08-review.json,ch41-l05,1,41,Chapter 41 Review,CONCEPT,الْقِرَاءَةُ الْمُتَّصِلَةُ,Chapter 41 at a glance,"A desk with an open book, a magnifying glass, a small clock and a notebook arranged in a row. No figures"
ch41-market-and-home-path.png,chapter-41-lesson-08-review.json,ch41-l05,2,41,Chapter 41 Review,EXAMPLE,ذَهَبَتْ سَلْمَى إِلَى السُّوقِ صَبَاحًا. بَعْدَ ذَلِكَ رَجَعَتْ إِلَى الْبَيْتِ وَجَلَسَتْ مَعَ أُمِّهَا.,Salma went to the market in the morning. After that she returned to the house and sat with her mother.,A path from a market stall at sunrise to a house with a lit doorway. No figures
ch41-village-masjid-books-lesson.png,chapter-41-lesson-08-review.json,ch41-l05,3,41,Chapter 41 Review,EXAMPLE,فِي الْقَرْيَةِ مُعَلِّمٌ كَرِيمٌ وَمُعَلِّمَةٌ كَرِيمَةٌ. هِيَ قَرَأَتْ كِتَابًا، وَهُوَ كَتَبَ الدَّرْسَ فِي الْمَسْجِدِ.,"In the village there is a generous male teacher and a generous female teacher. She read a book, and he wrote the lesson in the masjid.",A village lane with a small masjid and a house; two desks with books seen through a window. No figures
ch42-counting-books-on-shelf.png,chapter-42-lesson-01.json,ch42-l01,1,42,How Many? — كَمْ,CONCEPT,كَمْ؟,How many? — كَمْ,"A shelf holding a small stack of books, a row of pens in a cup and a few notebooks, each group clearly separate and countable. No figures"
ch42-counting-books-on-shelf.png,chapter-42-lesson-01.json,ch42-l01,2,42,How Many? — كَمْ,EXAMPLE,كَمْ كِتَابًا قَرَأْتَ؟,How many books did you read?,"A shelf holding a small stack of books, a row of pens in a cup and a few notebooks, each group clearly separate and countable. No figures"
ch42-counting-books-on-shelf.png,chapter-42-lesson-01.json,ch42-l01,3,42,How Many? — كَمْ,EXAMPLE,كَمْ كِتَابًا قَرَأْتَ؟ — ٣,How many books did you read? — 3,"A shelf holding a small stack of books, a row of pens in a cup and a few notebooks, each group clearly separate and countable. No figures"
ch42-counting-books-on-shelf.png,chapter-42-lesson-01.json,ch42-l01,6,42,How Many? — كَمْ,GRAMMAR_NOTE,What follows كَمْ,What follows كَمْ,"A shelf holding a small stack of books, a row of pens in a cup and a few notebooks, each group clearly separate and countable. No figures"
ch42-class-of-students-from-behind.png,chapter-42-lesson-01.json,ch42-l01,4,42,How Many? — كَمْ,EXAMPLE,كَمْ طَالِبًا فِي الْفَصْلِ؟,How many students are in the class?,A classroom seen from the back: rows of desks with students sitting at them; faceless figures: blank featureless faces or turned away
ch42-cave-sleepers-sunlight.png,chapter-42-lesson-01.json,ch42-l01,5,42,How Many? — كَمْ,EXAMPLE,كَمْ لَبِثْتُمْ؟,How long did you stay?,A quiet cave mouth with morning sunlight falling on the floor; no figures; nothing symbolic of people
ch42-books-or-place-split.png,chapter-42-lesson-01.json,ch42-l01,7,42,How Many? — كَمْ,CONTRAST,كَمْ أَمْ أَيْنَ؟,Which information is missing?,"Split scene: on one side a short stack of books, on the other a bookcase in a different room across a doorway. No figures"
ch42-three-day-calendar-strip.png,chapter-42-lesson-02.json,ch42-l02,1,42,When? — مَتَى,CONCEPT,مَتَى؟,When? — مَتَى,"A simple strip of three day cards: a past day with a check mark, today highlighted, tomorrow with an empty circle; a small bag and a school building beside each. No figures"
ch42-three-day-calendar-strip.png,chapter-42-lesson-02.json,ch42-l02,2,42,When? — مَتَى,EXAMPLE,مَتَى ذَهَبْتَ إِلَى الْمَدْرَسَةِ؟,When did you go to the school?,"A simple strip of three day cards: a past day with a check mark, today highlighted, tomorrow with an empty circle; a small bag and a school building beside each. No figures"
ch42-three-day-calendar-strip.png,chapter-42-lesson-02.json,ch42-l02,3,42,When? — مَتَى,EXAMPLE,ذَهَبْتُ أَمْسِ.,I went yesterday.,"A simple strip of three day cards: a past day with a check mark, today highlighted, tomorrow with an empty circle; a small bag and a school building beside each. No figures"
ch42-three-day-calendar-strip.png,chapter-42-lesson-02.json,ch42-l02,4,42,When? — مَتَى,EXAMPLE,مَتَى سَتَذْهَبُ إِلَى الْمَدْرَسَةِ؟ — سَأَذْهَبُ غَدًا.,When will you go to the school? — I will go tomorrow.,"A simple strip of three day cards: a past day with a check mark, today highlighted, tomorrow with an empty circle; a small bag and a school building beside each. No figures"
ch42-three-day-calendar-strip.png,chapter-42-lesson-02.json,ch42-l02,6,42,When? — مَتَى,GRAMMAR_NOTE,Let the verb guide the answer,Let the verb guide the answer,"A simple strip of three day cards: a past day with a check mark, today highlighted, tomorrow with an empty circle; a small bag and a school building beside each. No figures"
ch42-morning-routine-sun.png,chapter-42-lesson-02.json,ch42-l02,5,42,When? — مَتَى,EXAMPLE,مَتَى تَذْهَبُ إِلَى الْمَدْرَسَةِ؟ — أَذْهَبُ كُلَّ صَبَاحٍ.,When do you go to the school? — I go every morning.,"A rising sun over a quiet street leading to a school gate, with a repeating arrow suggesting every morning. No figures"
ch42-dawn-horizon-hope.png,chapter-42-lesson-02.json,ch42-l02,7,42,When? — مَتَى,AYAH_PREVIEW,مَتَىٰ نَصْرُ اللَّهِ ۗ أَلَا إِنَّ نَصْرَ اللَّهِ قَرِيبٌ,"'When is Allah's help?' — Indeed, Allah's help is near.","A wide horizon at first light with a soft path leading toward it, calm and symbolic. No figures"
ch42-near-masjid-street.png,chapter-42-lesson-03.json,ch42-l03,1,42,Why? — لِمَاذَا,CONCEPT,لِمَاذَا؟,Why? — لِمَاذَا,"A short street ending at a nearby masjid with a dome and a minaret, the building clearly close. No figures"
ch42-near-masjid-street.png,chapter-42-lesson-03.json,ch42-l03,2,42,Why? — لِمَاذَا,EXAMPLE,لِمَاذَا ذَهَبْتَ إِلَى الْمَسْجِدِ؟,Why did you go to the masjid?,"A short street ending at a nearby masjid with a dome and a minaret, the building clearly close. No figures"
ch42-near-masjid-street.png,chapter-42-lesson-03.json,ch42-l03,3,42,Why? — لِمَاذَا,EXAMPLE,لِأَنَّ الْمَسْجِدَ قَرِيبٌ.,Because the masjid is near.,"A short street ending at a nearby masjid with a dome and a minaret, the building clearly close. No figures"
ch42-arabic-quran-book-pair.png,chapter-42-lesson-03.json,ch42-l03,4,42,Why? — لِمَاذَا,EXAMPLE,لِمَاذَا تَدْرُسُ الْعَرَبِيَّةَ؟ — لِأَنَّ الْعَرَبِيَّةَ لُغَةُ الْقُرْآنِ.,Why do you study Arabic? — Because Arabic is the language of the Quran.,An open Arabic book beside a closed Quran on a wooden desk with a reading lamp. No figures
ch42-why-vs-when-panels.png,chapter-42-lesson-03.json,ch42-l03,5,42,Why? — لِمَاذَا,CONTRAST,لِمَاذَا أَمْ مَتَى؟,"Same verb, different question","Two panels: a lit lightbulb beside a door on the left, a wall clock beside the same door on the right. No figures"
ch42-why-vs-when-panels.png,chapter-42-lesson-03.json,ch42-l03,6,42,Why? — لِمَاذَا,GRAMMAR_NOTE,A reason is a statement,A reason is a statement,"Two panels: a lit lightbulb beside a door on the left, a wall clock beside the same door on the right. No figures"
ch42-pause-and-think-path.png,chapter-42-lesson-03.json,ch42-l03,7,42,Why? — لِمَاذَا,AYAH_PREVIEW,لِمَ تَقُولُونَ مَا لَا تَفْعَلُونَ,Why do you say what you do not do?,"A quiet path with a single signpost shaped like a question mark made of wood, no lettering. No figures"
ch42-how-state-and-manner.png,chapter-42-lesson-04.json,ch42-l04,1,42,"How? — كَيْفَ, and Mixed Questions",CONCEPT,كَيْفَ؟,How? — كَيْفَ,"Split scene: on the left a calm open hand-drawn sunrise (well-being), on the right a small car on a road to a school. No figures"
ch42-how-state-and-manner.png,chapter-42-lesson-04.json,ch42-l04,2,42,"How? — كَيْفَ, and Mixed Questions",EXAMPLE,كَيْفَ حَالُكَ؟ — بِخَيْرٍ.,How are you? — Well.,"Split scene: on the left a calm open hand-drawn sunrise (well-being), on the right a small car on a road to a school. No figures"
ch42-how-state-and-manner.png,chapter-42-lesson-04.json,ch42-l04,3,42,"How? — كَيْفَ, and Mixed Questions",EXAMPLE,كَيْفَ تَذْهَبُ إِلَى الْمَدْرَسَةِ؟ — بِالسَّيَّارَةِ.,How do you go to the school? — By car.,"Split scene: on the left a calm open hand-drawn sunrise (well-being), on the right a small car on a road to a school. No figures"
ch42-how-state-and-manner.png,chapter-42-lesson-04.json,ch42-l04,4,42,"How? — كَيْفَ, and Mixed Questions",GRAMMAR_NOTE,State and manner are two jobs,State and manner are two jobs,"Split scene: on the left a calm open hand-drawn sunrise (well-being), on the right a small car on a road to a school. No figures"
ch42-wonder-night-sky.png,chapter-42-lesson-04.json,ch42-l04,5,42,"How? — كَيْفَ, and Mixed Questions",AYAH_PREVIEW,كَيْفَ تَكْفُرُونَ بِاللَّهِ,How can you disbelieve in Allah?,"A wide night sky with stars over a quiet desert, symbolic of wonder. No figures"
ch42-four-signposts.png,chapter-42-lesson-04.json,ch42-l04,6,42,"How? — كَيْفَ, and Mixed Questions",CONTRAST,كَمْ، مَتَى، لِمَاذَا، كَيْفَ,"Four questions, four answers","Four wooden signposts at a crossroads, each pointing to a different object: a pile of books, a clock, a lightbulb, a road. No lettering"
ch42-takathur-reading-in-steps.png,chapter-42-lesson-05.json,ch42-l07,1,42,Reading Surah At-Takathur,CONCEPT,سُورَةُ التَّكَاثُرِ,Reading a whole surah,"A quiet stone path with four low steps leading toward a calm gate, the steps lit one by one; symbolic and without figures"
ch42-busy-piles-of-goods.png,chapter-42-lesson-05.json,ch42-l07,2,42,Reading Surah At-Takathur,AYAH_PREVIEW,أَلْهَاكُمُ التَّكَاثُرُ حَتَّىٰ زُرْتُمُ الْمَقَابِرَ,Competition in [worldly] increase diverts you until you visit the graveyards.,"A heap of bags, boxes and coins piled high in a dim room beside a narrow doorway. No figures"
ch42-two-gentle-warnings.png,chapter-42-lesson-05.json,ch42-l07,3,42,Reading Surah At-Takathur,AYAH_PREVIEW,كَلَّا سَوْفَ تَعْلَمُونَ ثُمَّ كَلَّا سَوْفَ تَعْلَمُونَ,"No! You are going to know. Then, no! You are going to know.","Two identical lanterns side by side lighting a dark path, the second a little brighter. No figures"
ch42-if-you-only-knew-horizon.png,chapter-42-lesson-05.json,ch42-l07,4,42,Reading Surah At-Takathur,AYAH_PREVIEW,كَلَّا لَوْ تَعْلَمُونَ عِلْمَ الْيَقِينِ لَتَرَوُنَّ الْجَحِيمَ,No! If you only knew with knowledge of certainty — you will surely see the Hellfire.,"A hazy horizon seen through a window, clearing slightly toward the right. No figures"
ch42-eye-of-certainty-clear-sky.png,chapter-42-lesson-05.json,ch42-l07,5,42,Reading Surah At-Takathur,AYAH_PREVIEW,ثُمَّ لَتَرَوُنَّهَا عَيْنَ الْيَقِينِ ثُمَّ لَتُسْأَلُنَّ يَوْمَئِذٍ عَنِ النَّعِيمِ,Then you will surely see it with the eye of certainty. Then you will surely be asked that Day about pleasure.,"A clear sky with a single bright star over a still lake, symbolic of certainty. No figures"
ch42-chunk-reading-markers.png,chapter-42-lesson-05.json,ch42-l07,6,42,Reading Surah At-Takathur,GRAMMAR_NOTE,Emphatic endings are not the ordinary present,Emphatic endings are not the ordinary present,"A long scroll shown from the side with colored ribbon markers on it separating it into chunks, no writing visible"
ch42-chunk-reading-markers.png,chapter-42-lesson-05.json,ch42-l07,7,42,Reading Surah At-Takathur,GRAMMAR_NOTE,Say what the text says,Say what the text says,"A long scroll shown from the side with colored ribbon markers on it separating it into chunks, no writing visible"
ch42-four-question-tools.png,chapter-42-lesson-06-review.json,ch42-l05,1,42,Chapter 42 Review — Questions and Answers,CONCEPT,الْأَسْئِلَةُ,Chapter 42 at a glance,"Four simple objects on a desk — a stack of books, a clock, a lightbulb and a small toy car — each next to a blank speech bubble shape. No figures"
ch42-village-houses-count.png,chapter-42-lesson-06-review.json,ch42-l05,2,42,Chapter 42 Review — Questions and Answers,EXAMPLE,كَمْ بَيْتًا فِي الْقَرْيَةِ؟ — ٢٠,How many houses are in the village? — 20,A small village of clearly separated houses seen from above on a hillside. No figures
ch42-open-quran-reading-lamp.png,chapter-42-lesson-06-review.json,ch42-l05,3,42,Chapter 42 Review — Questions and Answers,EXAMPLE,لِمَاذَا تَقْرَأُ الْقُرْآنَ؟ — لِأَنَّ الْقُرْآنَ كِتَابُ اللَّهِ.,Why do you read the Quran? — Because the Quran is the Book of Allah.,"An open Quran on a stand beside a reading lamp, soft evening light. No figures"
ch43-three-day-record-cards.png,chapter-43-lesson-01.json,ch43-l01,1,43,Time and Action in Context,CONCEPT,الزَّمَنُ فِي الْجُمْلَةِ,Two clues for time,"Three cards in a row on a desk — a faded one, a bright one, an empty one — each beside a small object (a closed book, an open book, a blank notebook). No figures"
ch43-three-day-record-cards.png,chapter-43-lesson-01.json,ch43-l01,2,43,Time and Action in Context,EXAMPLE,أَمْسِ كَتَبَ أَحْمَدُ الدَّرْسَ.,Yesterday Ahmad wrote the lesson.,"Three cards in a row on a desk — a faded one, a bright one, an empty one — each beside a small object (a closed book, an open book, a blank notebook). No figures"
ch43-three-day-record-cards.png,chapter-43-lesson-01.json,ch43-l01,3,43,Time and Action in Context,EXAMPLE,الْيَوْمَ يَقْرَأُ أَحْمَدُ كِتَابًا.,Today Ahmad is reading a book.,"Three cards in a row on a desk — a faded one, a bright one, an empty one — each beside a small object (a closed book, an open book, a blank notebook). No figures"
ch43-three-day-record-cards.png,chapter-43-lesson-01.json,ch43-l01,4,43,Time and Action in Context,EXAMPLE,غَدًا سَيَذْهَبُ أَحْمَدُ إِلَى الْمَدْرَسَةِ.,Tomorrow Ahmad will go to the school.,"Three cards in a row on a desk — a faded one, a bright one, an empty one — each beside a small object (a closed book, an open book, a blank notebook). No figures"
ch43-three-day-record-cards.png,chapter-43-lesson-01.json,ch43-l01,5,43,Time and Action in Context,GRAMMAR_NOTE,Check both clues,Check both clues,"Three cards in a row on a desk — a faded one, a bright one, an empty one — each beside a small object (a closed book, an open book, a blank notebook). No figures"
ch43-three-day-record-cards.png,chapter-43-lesson-01.json,ch43-l01,6,43,Time and Action in Context,EXAMPLE,أَمْسِ ذَهَبَ أَحْمَدُ إِلَى الْمَسْجِدِ. الْيَوْمَ هُوَ فِي الْمَدْرَسَةِ. غَدًا سَيَذْهَبُ إِلَى الْبَيْتِ.,Yesterday Ahmad went to the masjid. Today he is at the school. Tomorrow he will go home.,"Three cards in a row on a desk — a faded one, a bright one, an empty one — each beside a small object (a closed book, an open book, a blank notebook). No figures"
ch43-sentence-parts-blocks.png,chapter-43-lesson-02.json,ch43-l02,1,43,Putting a Sentence Together,CONCEPT,أَجْزَاءُ الْجُمْلَةِ,"Who did what, to what, where","Four colored wooden blocks (action, doer, object, place) joined on a rail like a train, no lettering. No figures"
ch43-sentence-parts-blocks.png,chapter-43-lesson-02.json,ch43-l02,2,43,Putting a Sentence Together,EXAMPLE,قَرَأَ الطَّالِبُ الْمُجْتَهِدُ كِتَابَ الْمُعَلِّمِ فِي الْفَصْلِ.,The diligent student read the teacher's book in the class.,"Four colored wooden blocks (action, doer, object, place) joined on a rail like a train, no lettering. No figures"
ch43-sentence-parts-blocks.png,chapter-43-lesson-02.json,ch43-l02,3,43,Putting a Sentence Together,GRAMMAR_NOTE,A describing word matches its own noun,A describing word matches its own noun,"Four colored wooden blocks (action, doer, object, place) joined on a rail like a train, no lettering. No figures"
ch43-sentence-parts-blocks.png,chapter-43-lesson-02.json,ch43-l02,6,43,Putting a Sentence Together,GRAMMAR_NOTE,Stated or not stated?,Stated or not stated?,"Four colored wooden blocks (action, doer, object, place) joined on a rail like a train, no lettering. No figures"
ch43-sentence-parts-blocks.png,chapter-43-lesson-02.json,ch43-l02,7,43,Putting a Sentence Together,EXAMPLE,كَتَبَ الْمُعَلِّمُ الْكَرِيمُ دَرْسَ الطَّالِبَةِ فِي الْبَيْتِ.,The generous teacher wrote the female student's lesson at home.,"Four colored wooden blocks (action, doer, object, place) joined on a rail like a train, no lettering. No figures"
ch43-desk-with-book-and-pen.png,chapter-43-lesson-02.json,ch43-l02,4,43,Putting a Sentence Together,EXAMPLE,فَاطِمَةُ طَالِبَةٌ. كِتَابُهَا عَلَى الْمَكْتَبِ.,Fatima is a student. Her book is on the desk.,"A school desk with a book and pen on top, a chair pushed in. No figures"
ch43-desk-with-book-and-pen.png,chapter-43-lesson-02.json,ch43-l02,5,43,Putting a Sentence Together,CONCEPT,ـهَا,Where does ـهَا point?,"A school desk with a book and pen on top, a chair pushed in. No figures"
ch43-kawthar-flowing-river-garden.png,chapter-43-lesson-03.json,ch43-l06,1,43,Reading Surah Al-Kawthar,CONCEPT,سُورَةُ الْكَوْثَرِ,A complete surah: Al-Kawthar,"A wide clear river flowing through a green garden with many trees, abundant and calm; no figures"
ch43-kawthar-flowing-river-garden.png,chapter-43-lesson-03.json,ch43-l06,2,43,Reading Surah Al-Kawthar,AYAH_PREVIEW,إِنَّا أَعْطَيْنَاكَ الْكَوْثَرَ,"Indeed, We have granted you al-Kawthar.","A wide clear river flowing through a green garden with many trees, abundant and calm; no figures"
ch43-pray-and-sacrifice-symbols.png,chapter-43-lesson-03.json,ch43-l06,3,43,Reading Surah Al-Kawthar,AYAH_PREVIEW,فَصَلِّ لِرَبِّكَ وَانْحَرْ,So pray to your Lord and sacrifice.,"A prayer mat beside a small field gate, soft morning light; no figures, no animals"
ch43-the-hater-cut-branch.png,chapter-43-lesson-03.json,ch43-l06,4,43,Reading Surah Al-Kawthar,AYAH_PREVIEW,إِنَّ شَانِئَكَ هُوَ الْأَبْتَرُ,"Indeed, your enemy is the one cut off.",A tree branch snapped off and lying on dry ground beside a living tree; no figures
ch43-one-arrow-three-ayat.png,chapter-43-lesson-03.json,ch43-l06,5,43,Reading Surah Al-Kawthar,GRAMMAR_NOTE,"One ـكَ, three ayat","One ـكَ, three ayat",Three small lanterns on a shelf all pointed at by one long arrow; no lettering; no figures
ch43-one-arrow-three-ayat.png,chapter-43-lesson-03.json,ch43-l06,6,43,Reading Surah Al-Kawthar,GRAMMAR_NOTE,Three parts of the surah,Three parts of the surah,Three small lanterns on a shelf all pointed at by one long arrow; no lettering; no figures
ch43-humazah-treasure-counted.png,chapter-43-lesson-04.json,ch43-l07,1,43,Reading Surah Al-Humazah (Part 1),CONCEPT,سُورَةُ الْهُمَزَةِ,A complete surah: Al-Humazah (part 1),A heap of coins and sacks with a hand-held abacus counting them in a dim room; no figures
ch43-humazah-treasure-counted.png,chapter-43-lesson-04.json,ch43-l07,2,43,Reading Surah Al-Humazah (Part 1),AYAH_PREVIEW,وَيْلٌ لِّكُلِّ هُمَزَةٍ لُّمَزَةٍ الَّذِي جَمَعَ مَالًا وَعَدَّدَهُ يَحْسَبُ أَنَّ مَالَهُ أَخْلَدَهُ,"Woe to every scorner and mocker, who collects wealth and counts it, thinking that his wealth will make him immortal.",A heap of coins and sacks with a hand-held abacus counting them in a dim room; no figures
ch43-humazah-treasure-counted.png,chapter-43-lesson-04.json,ch43-l07,4,43,Reading Surah Al-Humazah (Part 1),CONCEPT,الَّذِي,Who is described?,A heap of coins and sacks with a hand-held abacus counting them in a dim room; no figures
ch43-humazah-no-barrier-crusher.png,chapter-43-lesson-04.json,ch43-l07,3,43,Reading Surah Al-Humazah (Part 1),AYAH_PREVIEW,كَلَّا ۖ لَيُنبَذَنَّ فِي الْحُطَمَةِ وَمَا أَدْرَاكَ مَا الْحُطَمَةُ,No! He will surely be thrown into the Crusher. And what can make you know what the Crusher is?,"A heavy stone gateway shaped like a crusher with rough rock teeth, dark and far; no figures"
ch43-description-then-answer-bridge.png,chapter-43-lesson-04.json,ch43-l07,5,43,Reading Surah Al-Humazah (Part 1),GRAMMAR_NOTE,Supplied forms and emphasis,Supplied forms and emphasis,"A short bridge connecting two cliffs, the first with a lantern, the second with a closed door; no figures"
ch43-description-then-answer-bridge.png,chapter-43-lesson-04.json,ch43-l07,6,43,Reading Surah Al-Humazah (Part 1),GRAMMAR_NOTE,Link the two sections,Link the two sections,"A short bridge connecting two cliffs, the first with a lantern, the second with a closed door; no figures"
ch43-recall-first-section-scroll.png,chapter-43-lesson-05.json,ch43-l08,1,43,Reading Surah Al-Humazah (Part 2),CONCEPT,سُورَةُ الْهُمَزَةِ,A complete surah: Al-Humazah (part 2),"A scroll with its first third unrolled and glowing, the rest rolled up; no writing visible; no figures"
ch43-recall-first-section-scroll.png,chapter-43-lesson-05.json,ch43-l08,5,43,Reading Surah Al-Humazah (Part 2),GRAMMAR_NOTE,Read it as one surah,Read it as one surah,"A scroll with its first third unrolled and glowing, the rest rolled up; no writing visible; no figures"
ch43-kindled-fire-rising-hearts.png,chapter-43-lesson-05.json,ch43-l08,2,43,Reading Surah Al-Humazah (Part 2),AYAH_PREVIEW,نَارُ اللَّهِ الْمُوقَدَةُ الَّتِي تَطَّلِعُ عَلَى الْأَفْئِدَةِ,"It is the fire of Allah, kindled, which rises over the hearts.",A tall fire in a dark hall rising toward the ceiling; no figures
ch43-sealed-door-long-columns.png,chapter-43-lesson-05.json,ch43-l08,3,43,Reading Surah Al-Humazah (Part 2),AYAH_PREVIEW,إِنَّهَا عَلَيْهِم مُّؤْصَدَةٌ فِي عَمَدٍ مُّمَدَّدَةٍ,"Indeed, it is closed over them, in extended columns.",A long hall of tall stone columns with a heavy door closing at the far end; no figures
ch43-sealed-door-long-columns.png,chapter-43-lesson-05.json,ch43-l08,4,43,Reading Surah Al-Humazah (Part 2),CONCEPT,هَا، هِمْ,"Who is 'it', who is 'them'?",A long hall of tall stone columns with a heavy door closing at the far end; no figures
ch43-maun-question-open-door.png,chapter-43-lesson-06.json,ch43-l03,1,43,Reading Surah Al-Ma'un (Part 1),CONCEPT,سُورَةُ الْمَاعُونِ,A complete surah: Al-Ma'un (part 1),"An open doorway with a single lantern hanging at its threshold, a question-shaped shadow on the floor; no figures"
ch43-maun-question-open-door.png,chapter-43-lesson-06.json,ch43-l03,2,43,Reading Surah Al-Ma'un (Part 1),AYAH_PREVIEW,أَرَأَيْتَ الَّذِي يُكَذِّبُ بِالدِّينِ,Have you seen the one who denies the Recompense?,"An open doorway with a single lantern hanging at its threshold, a question-shaped shadow on the floor; no figures"
ch43-orphan-empty-bowl-door.png,chapter-43-lesson-06.json,ch43-l03,3,43,Reading Surah Al-Ma'un (Part 1),AYAH_PREVIEW,فَذَٰلِكَ الَّذِي يَدُعُّ الْيَتِيمَ وَلَا يَحُضُّ عَلَىٰ طَعَامِ الْمِسْكِينِ,For that is the one who drives away the orphan and does not encourage the feeding of the poor.,A small empty wooden bowl set beside a closed door on a stone step; no figures
ch43-orphan-empty-bowl-door.png,chapter-43-lesson-06.json,ch43-l03,5,43,Reading Surah Al-Ma'un (Part 1),GRAMMAR_NOTE,The verse boundary is not the sentence boundary,The verse boundary is not the sentence boundary,A small empty wooden bowl set beside a closed door on a stone step; no figures
ch43-one-person-two-footprints.png,chapter-43-lesson-06.json,ch43-l03,4,43,Reading Surah Al-Ma'un (Part 1),CONCEPT,فَذَلِكَ الَّذِي,"One person, two actions","One set of footprints in sand leading away from a house, with two forks in the trail; no figures"
ch43-supplied-meanings-cards.png,chapter-43-lesson-06.json,ch43-l03,6,43,Reading Surah Al-Ma'un (Part 1),GRAMMAR_NOTE,Supplied forms,Supplied forms,"Four small cards laid out in a row on a table, each with a plain icon (eye, hand, push, call) and no writing; no figures"
ch43-recall-first-three-ayat-lantern.png,chapter-43-lesson-07.json,ch43-l09,1,43,Reading Surah Al-Ma'un (Part 2),CONCEPT,سُورَةُ الْمَاعُونِ,A complete surah: Al-Ma'un (part 2),"A lantern with three small lit windows, the rest of its panes dark; no figures"
ch43-prayer-mat-turned-away.png,chapter-43-lesson-07.json,ch43-l09,2,43,Reading Surah Al-Ma'un (Part 2),AYAH_PREVIEW,فَوَيْلٌ لِّلْمُصَلِّينَ الَّذِينَ هُمْ عَن صَلَاتِهِمْ سَاهُونَ,"So woe to those who pray, who are heedless of their prayer.","A prayer mat on a floor with a small clock and a distant window, the mat slightly turned from the direction of the window; no figures"
ch43-prayer-mat-turned-away.png,chapter-43-lesson-07.json,ch43-l09,4,43,Reading Surah Al-Ma'un (Part 2),GRAMMAR_NOTE,Not a claim about everyone who prays,Not a claim about everyone who prays,"A prayer mat on a floor with a small clock and a distant window, the mat slightly turned from the direction of the window; no figures"
ch43-show-and-hidden-pot.png,chapter-43-lesson-07.json,ch43-l09,3,43,Reading Surah Al-Ma'un (Part 2),AYAH_PREVIEW,الَّذِينَ هُمْ يُرَاءُونَ وَيَمْنَعُونَ الْمَاعُونَ,"Those who make show, and withhold simple assistance.","A decorated lantern lit for show beside a plain pot kept under a cloth, never lent out; no figures"
ch43-show-and-hidden-pot.png,chapter-43-lesson-07.json,ch43-l09,5,43,Reading Surah Al-Ma'un (Part 2),CONCEPT,الَّذِينَ هُمْ,Same group,"A decorated lantern lit for show beside a plain pot kept under a cloth, never lent out; no figures"
ch43-question-person-group-steps.png,chapter-43-lesson-07.json,ch43-l09,6,43,Reading Surah Al-Ma'un (Part 2),GRAMMAR_NOTE,Read all seven ayat,Read all seven ayat,"A path with three markers: a question-mark lantern, a single stone, a group of many stones; no figures"
ch43-question-person-group-steps.png,chapter-43-lesson-07.json,ch43-l09,7,43,Reading Surah Al-Ma'un (Part 2),GRAMMAR_NOTE,Supplied forms,Supplied forms,"A path with three markers: a question-mark lantern, a single stone, a group of many stones; no figures"
ch43-review-desk-three-surahs.png,chapter-43-lesson-09-review.json,ch43-l05,1,43,Chapter 43 Review,CONCEPT,الْفَصْلُ الثَّالِثُ وَالْأَرْبَعُونَ,Chapter 43 at a glance,"A desk with three small open books side by side, a clock, and a cup of water; no figures"
ch43-yusuf-two-day-books.png,chapter-43-lesson-09-review.json,ch43-l05,2,43,Chapter 43 Review,EXAMPLE,أَمْسِ قَرَأَ يُوسُفُ كِتَابًا. غَدًا سَيَكْتُبُ الدَّرْسَ.,Yesterday Yusuf read a book. Tomorrow he will write the lesson.,Two panels: a closed book with a small tick (yesterday) and a blank notebook with a pen (tomorrow); no figures
ch43-salma-pen-in-class.png,chapter-43-lesson-09-review.json,ch43-l05,3,43,Chapter 43 Review,EXAMPLE,سَلْمَى مُعَلِّمَةٌ. قَلَمُهَا فِي الْفَصْلِ.,Salma is a teacher. Her pen is in the class.,"A classroom desk with a pen resting on it, a chalkboard behind; no figures"
ch46-verb-governor-state-cards.png,chapter-46-lesson-07-review.json,ch46-l07,1,46,Chapter 46 Review — Clause to Explanation,CONCEPT,خُطُوَاتُ التَّحْلِيلِ,Chapter 46 routine,"A desk with an open notebook, a small magnifying glass and four index cards in a row (verb, governor, state, ending); no figures"
ch46-three-signs-statement-ban-command.png,chapter-46-lesson-07-review.json,ch46-l07,2,46,Chapter 46 Review — Clause to Explanation,GRAMMAR_NOTE,"Statement, prohibition, command","Statement, prohibition, command","Three small road signs standing in a row: a plain forward arrow, a round sign with a bar across it, and an arrow pointing up; no figures"
ch48-hours-one-to-twelve.png,chapter-48-lesson-02.json,ch48-l04,2,48,Telling Time and Daily Schedule,CONCEPT,سَاعَاتُ الْيَوْمِ,"The hours, 1 to 12",A wall clock showing seven o’clock above a row of twelve small numbered hour plates; no figures
ch48-eleven-to-twenty-stones.png,chapter-48-lesson-04.json,ch48-l06,1,48,Numbers 11–20,CONCEPT,الْأَعْدَادُ مِنْ ١١ إِلَى ٢٠,11 to 20: two-part numbers,"Two rows of smooth stones: a row of ten with one more beside it, and a longer line of twenty; no figures"
ch48-eleven-to-twenty-stones.png,chapter-48-lesson-04.json,ch48-l06,6,48,Numbers 11–20,WORD,عِشْرُونَ,twenty,"Two rows of smooth stones: a row of ten with one more beside it, and a longer line of twenty; no figures"
ch48-eleven-stars-sun-moon.png,chapter-48-lesson-04.json,ch48-l06,2,48,Numbers 11–20,EXAMPLE,رَأَيْتُ أَحَدَ عَشَرَ كَوْكَبًا,I saw eleven stars. (Yusuf 12:4),"A quiet night sky with eleven stars, a sun and a moon; symbolic, no figures"
ch48-twelve-months-moon-wheel.png,chapter-48-lesson-04.json,ch48-l06,3,48,Numbers 11–20,EXAMPLE,اثْنَا عَشَرَ شَهْرًا,twelve months (At-Tawbah 9:36),A circular calendar wheel with twelve small moons around it; no figures
ch48-twelve-springs-from-rock.png,chapter-48-lesson-04.json,ch48-l06,4,48,Numbers 11–20,EXAMPLE,اثْنَتَا عَشْرَةَ عَيْنًا,twelve springs (Al-Baqarah 2:60),A large rock with twelve thin streams of water running down it into a dry bed; no figures
ch48-thirteen-to-nineteen-days.png,chapter-48-lesson-04.json,ch48-l06,5,48,Numbers 11–20,WORD,ثَلَاثَةَ عَشَرَ / ثَلَاثَ عَشْرَةَ,13 (masculine / feminine),"A calendar page with thirteen day-boxes ticked, next to a stack of three books and a stack of thirteen; no figures"
ch48-thirteen-to-nineteen-days.png,chapter-48-lesson-04.json,ch48-l06,7,48,Numbers 11–20,GRAMMAR_NOTE,3–10 versus 11–99,3–10 versus 11–99,"A calendar page with thirteen day-boxes ticked, next to a stack of three books and a stack of thirteen; no figures"
ch48-tens-row-of-boards.png,chapter-48-lesson-05.json,ch48-l07,1,48,"Tens, Compounds and One Hundred",CONCEPT,الْعُقُودُ مِنْ ٢٠ إِلَى ٩٠,The tens: 20 to 90,"Eight rods in a row, each carrying a different number of notches from twenty to ninety; no figures"
ch48-tens-row-of-boards.png,chapter-48-lesson-05.json,ch48-l07,7,48,"Tens, Compounds and One Hundred",GRAMMAR_NOTE,Two noun shapes,Two noun shapes,"Eight rods in a row, each carrying a different number of notches from twenty to ninety; no figures"
ch48-long-years-calendar.png,chapter-48-lesson-05.json,ch48-l07,2,48,"Tens, Compounds and One Hundred",EXAMPLE,أَلْفَ سَنَةٍ إِلَّا خَمْسِينَ عَامًا,a thousand years less fifty years (Al-Ankabut 29:14),"A tall stack of calendar pages with a few torn off at the bottom, showing the idea of many years less a few; no figures"
ch48-ninety-nine-and-one-flock.png,chapter-48-lesson-05.json,ch48-l07,3,48,"Tens, Compounds and One Hundred",CONCEPT,الْأَعْدَادُ الْمُرَكَّبَةُ بِالْوَاوِ,Units and tens: 21 to 99,A hillside with a large flock of sheep seen from behind and one sheep set apart near a fence; no figures
ch48-ninety-nine-and-one-flock.png,chapter-48-lesson-05.json,ch48-l07,4,48,"Tens, Compounds and One Hundred",EXAMPLE,لَهُۥ تِسْعٌ وَتِسْعُونَ نَعْجَةً,he has ninety-nine ewes (Sad 38:23),A hillside with a large flock of sheep seen from behind and one sheep set apart near a fence; no figures
ch48-hundred-years-sleeping-donkey-bones.png,chapter-48-lesson-05.json,ch48-l07,5,48,"Tens, Compounds and One Hundred",CONCEPT,مِائَةٌ,One hundred,"A quiet hillside with a donkey standing at a distance, a small heap of bones and a clay jug; symbolic, no figures"
ch48-hundred-years-sleeping-donkey-bones.png,chapter-48-lesson-05.json,ch48-l07,6,48,"Tens, Compounds and One Hundred",EXAMPLE,فَأَمَاتَهُ اللَّهُ مِائَةَ عَامٍ,so Allah caused him to die for a hundred years (Al-Baqarah 2:259),"A quiet hillside with a donkey standing at a distance, a small heap of bones and a clay jug; symbolic, no figures"
ch48-review-clock-numbers-scale.png,chapter-48-lesson-08-review.json,ch48-l08,1,48,"Chapter 48 Review — Time, Numbers and Measures",CONCEPT,خُلَاصَةُ الْبَابِ,Chapter 48 summary,"A desk with a small clock, a row of numbered tiles and a balance scale; no figures"
ch48-review-clock-numbers-scale.png,chapter-48-lesson-08-review.json,ch48-l08,2,48,"Chapter 48 Review — Time, Numbers and Measures",GRAMMAR_NOTE,Instrument or unit?,Instrument or unit?,"A desk with a small clock, a row of numbered tiles and a balance scale; no figures"
ch49-said-and-known-two-speech-bubbles.png,chapter-49-lesson-01.json,ch49-l01,1,49,Reading a Sentence in Layers,CONCEPT,جُمْلَةٌ دَاخِلَ جُمْلَةٍ,A clause inside a clause,"Two clean speech-bubble shapes on a desk, the second tucked inside the first, next to a closed book; no figures"
ch49-said-and-known-two-speech-bubbles.png,chapter-49-lesson-01.json,ch49-l01,2,49,Reading a Sentence in Layers,EXAMPLE,قَالَ الْمُعَلِّمُ إِنَّ الدَّرْسَ سَهْلٌ,"The teacher said, ""Indeed, the lesson is easy."" (constructed)","Two clean speech-bubble shapes on a desk, the second tucked inside the first, next to a closed book; no figures"
ch49-said-and-known-two-speech-bubbles.png,chapter-49-lesson-01.json,ch49-l01,3,49,Reading a Sentence in Layers,EXAMPLE,عَلِمَ الطَّالِبُ أَنَّ الدَّرْسَ سَهْلٌ,The student knew that the lesson is easy. (constructed),"Two clean speech-bubble shapes on a desk, the second tucked inside the first, next to a closed book; no figures"
ch49-said-and-known-two-speech-bubbles.png,chapter-49-lesson-01.json,ch49-l01,4,49,Reading a Sentence in Layers,EXAMPLE,قَالَ إِنِّي أَعْلَمُ مَا لَا تَعْلَمُونَ,"He said, ""Indeed, I know that which you do not know."" (Al-Baqarah 2:30)","Two clean speech-bubble shapes on a desk, the second tucked inside the first, next to a closed book; no figures"
ch49-clause-as-predicate-bracket.png,chapter-49-lesson-01.json,ch49-l01,5,49,Reading a Sentence in Layers,GRAMMAR_NOTE,A short reminder: a clause as predicate,A short reminder: a clause as predicate,A notebook page with a curly bracket drawn around the second half of a short line; no figures
ch49-that-and-as-if-lantern-and-lion.png,chapter-49-lesson-02.json,ch49-l02,1,49,أَنَّ and كَأَنَّ,CONCEPT,إِنَّ وَأَنَّ,إِنَّ and أَنَّ: a quick retrieval,Split scene: a lit lantern beside an open book (that) and a small statue of a lion next to a sleeping cat’s basket (as if); no figures
ch49-that-and-as-if-lantern-and-lion.png,chapter-49-lesson-02.json,ch49-l02,2,49,أَنَّ and كَأَنَّ,EXAMPLE,أَلَمْ تَعْلَمْ أَنَّ اللَّهَ عَلَىٰ كُلِّ شَيْءٍ قَدِيرٌ,Do you not know that Allah is over all things competent? (Al-Baqarah 2:106),Split scene: a lit lantern beside an open book (that) and a small statue of a lion next to a sleeping cat’s basket (as if); no figures
ch49-that-and-as-if-lantern-and-lion.png,chapter-49-lesson-02.json,ch49-l02,3,49,أَنَّ and كَأَنَّ,CONCEPT,كَأَنَّ لِلتَّشْبِيهِ,"كَأَنَّ: ""as if""",Split scene: a lit lantern beside an open book (that) and a small statue of a lion next to a sleeping cat’s basket (as if); no figures
ch49-that-and-as-if-lantern-and-lion.png,chapter-49-lesson-02.json,ch49-l02,4,49,أَنَّ and كَأَنَّ,EXAMPLE,كَأَنَّهُمْ لَا يَعْلَمُونَ,as if they do not know (Al-Baqarah 2:101),Split scene: a lit lantern beside an open book (that) and a small statue of a lion next to a sleeping cat’s basket (as if); no figures
ch49-that-and-as-if-lantern-and-lion.png,chapter-49-lesson-02.json,ch49-l02,5,49,أَنَّ and كَأَنَّ,GRAMMAR_NOTE,Short أَنْ is a different word,Short أَنْ is a different word,Split scene: a lit lantern beside an open book (that) and a small statue of a lion next to a sleeping cat’s basket (as if); no figures
ch49-three-sisters-signposts.png,chapter-49-lesson-03.json,ch49-l07,1,49,"لَكِنَّ, لَعَلَّ and لَيْتَ",CONCEPT,أَخَوَاتُ إِنَّ,Three more sisters of إِنَّ,"Three signposts at a crossing: one pointing two ways (but), one with a rising sun (perhaps), one with a star above a closed door (if only); no figures"
ch49-three-sisters-signposts.png,chapter-49-lesson-03.json,ch49-l07,2,49,"لَكِنَّ, لَعَلَّ and لَيْتَ",EXAMPLE,الدَّرْسُ طَوِيلٌ لَكِنَّهُ سَهْلٌ,"The lesson is long, but it is easy. (constructed)","Three signposts at a crossing: one pointing two ways (but), one with a rising sun (perhaps), one with a star above a closed door (if only); no figures"
ch49-three-sisters-signposts.png,chapter-49-lesson-03.json,ch49-l07,3,49,"لَكِنَّ, لَعَلَّ and لَيْتَ",EXAMPLE,وَلَٰكِنَّ أَكْثَرَ النَّاسِ لَا يَعْلَمُونَ,but most of the people do not know (Al-A’raf 7:187),"Three signposts at a crossing: one pointing two ways (but), one with a rising sun (perhaps), one with a star above a closed door (if only); no figures"
ch49-three-sisters-signposts.png,chapter-49-lesson-03.json,ch49-l07,4,49,"لَكِنَّ, لَعَلَّ and لَيْتَ",EXAMPLE,لَعَلَّ الطَّالِبَ فِي الْمَسْجِدِ,Perhaps the student is in the masjid. (constructed),"Three signposts at a crossing: one pointing two ways (but), one with a rising sun (perhaps), one with a star above a closed door (if only); no figures"
ch49-three-sisters-signposts.png,chapter-49-lesson-03.json,ch49-l07,5,49,"لَكِنَّ, لَعَلَّ and لَيْتَ",EXAMPLE,لَعَلَّكُمْ تَتَّقُونَ,so that you may become mindful (Al-Baqarah 2:21),"Three signposts at a crossing: one pointing two ways (but), one with a rising sun (perhaps), one with a star above a closed door (if only); no figures"
ch49-three-sisters-signposts.png,chapter-49-lesson-03.json,ch49-l07,6,49,"لَكِنَّ, لَعَلَّ and لَيْتَ",EXAMPLE,يَا لَيْتَنِي كُنْتُ مَعَهُمْ,"Oh, I wish I had been with them! (An-Nisa 4:73)","Three signposts at a crossing: one pointing two ways (but), one with a rising sun (perhaps), one with a star above a closed door (if only); no figures"
ch49-three-sisters-signposts.png,chapter-49-lesson-03.json,ch49-l07,7,49,"لَكِنَّ, لَعَلَّ and لَيْتَ",EXAMPLE,لَيْتَ الدَّرْسَ سَهْلٌ,If only the lesson were easy. (constructed),"Three signposts at a crossing: one pointing two ways (but), one with a rising sun (perhaps), one with a star above a closed door (if only); no figures"
ch49-which-word-phrase-links.png,chapter-49-lesson-04.json,ch49-l03,1,49,Which Word Does the Phrase Belong To?,CONCEPT,ثَلَاثَةُ أَنْوَاعٍ,Three phrase types you know,"A desk with three books connected by coloured threads to a lamp, a pen and a bookshelf, showing which item goes with which; no figures"
ch49-which-word-phrase-links.png,chapter-49-lesson-04.json,ch49-l03,2,49,Which Word Does the Phrase Belong To?,EXAMPLE,رَبِّ الْعَالَمِينَ,Lord of the worlds (Al-Fatihah 1:2) — iḍāfa,"A desk with three books connected by coloured threads to a lamp, a pen and a bookshelf, showing which item goes with which; no figures"
ch49-which-word-phrase-links.png,chapter-49-lesson-04.json,ch49-l03,3,49,Which Word Does the Phrase Belong To?,EXAMPLE,الصِّرَاطَ الْمُسْتَقِيمَ,the straight path (Al-Fatihah 1:6) — adjective,"A desk with three books connected by coloured threads to a lamp, a pen and a bookshelf, showing which item goes with which; no figures"
ch49-which-word-phrase-links.png,chapter-49-lesson-04.json,ch49-l03,4,49,Which Word Does the Phrase Belong To?,EXAMPLE,حِينٌ مِنَ الدَّهْرِ,a period of time (Al-Insan 76:1) — noun + preposition phrase,"A desk with three books connected by coloured threads to a lamp, a pen and a bookshelf, showing which item goes with which; no figures"
ch49-which-word-phrase-links.png,chapter-49-lesson-04.json,ch49-l03,5,49,Which Word Does the Phrase Belong To?,GRAMMAR_NOTE,When the case settles it,When the case settles it,"A desk with three books connected by coloured threads to a lamp, a pen and a bookshelf, showing which item goes with which; no figures"
ch49-relative-clause-thread-to-book.png,chapter-49-lesson-05.json,ch49-l04,1,49,Relative Clauses and Their Links,CONCEPT,الْجُمْلَةُ الْوَاصِفَةُ,A clause that describes a noun,An open book with a single thread running from its cover back to a small card that reads like a note; no figures
ch49-relative-clause-thread-to-book.png,chapter-49-lesson-05.json,ch49-l04,2,49,Relative Clauses and Their Links,EXAMPLE,الْكِتَابُ الَّذِي قَرَأْتُهُ جَدِيدٌ,The book that I read is new. (constructed),An open book with a single thread running from its cover back to a small card that reads like a note; no figures
ch49-relative-clause-thread-to-book.png,chapter-49-lesson-05.json,ch49-l04,3,49,Relative Clauses and Their Links,EXAMPLE,الطَّالِبُ الَّذِي كَتَبَ الدَّرْسَ مُجْتَهِدٌ,The student who wrote the lesson is hardworking. (constructed),An open book with a single thread running from its cover back to a small card that reads like a note; no figures
ch49-relative-clause-thread-to-book.png,chapter-49-lesson-05.json,ch49-l04,4,49,Relative Clauses and Their Links,EXAMPLE,صِرَاطَ الَّذِينَ أَنْعَمْتَ عَلَيْهِمْ,the path of those upon whom You have bestowed favour (Al-Fatihah 1:7),An open book with a single thread running from its cover back to a small card that reads like a note; no figures
ch49-relative-clause-thread-to-book.png,chapter-49-lesson-05.json,ch49-l04,5,49,Relative Clauses and Their Links,EXAMPLE,الَّذِي بِيَدِهِ الْمُلْكُ,He in whose hand is the dominion (Al-Mulk 67:1),An open book with a single thread running from its cover back to a small card that reads like a note; no figures
ch49-relative-clause-thread-to-book.png,chapter-49-lesson-05.json,ch49-l04,6,49,Relative Clauses and Their Links,GRAMMAR_NOTE,"A selected pattern, not a rule for every clause","A selected pattern, not a rule for every clause",An open book with a single thread running from its cover back to a small card that reads like a note; no figures
ch49-review-layers-stack.png,chapter-49-lesson-07-review.json,ch49-l06,1,49,Chapter 49 Review — Clauses and Links,CONCEPT,خُلَاصَةُ الْبَابِ,Chapter 49 summary,"Three stacked transparent trays on a desk, each holding a small card; no figures"
ch49-review-layers-stack.png,chapter-49-lesson-07-review.json,ch49-l06,2,49,Chapter 49 Review — Clauses and Links,GRAMMAR_NOTE,Short أَنْ is different,Short أَنْ is different,"Three stacked transparent trays on a desk, each holding a small card; no figures"
ch50-reading-clues-pointing-arrows.png,chapter-50-lesson-02.json,ch50-l02,1,50,"Pronouns, Connectors and What They Point To",CONCEPT,الْقِرَاءَةُ بِالْقَرَائِنِ,Reading with clues,A page of text with three small arrows pointing from three words to objects beside the page; no figures
ch50-reading-clues-pointing-arrows.png,chapter-50-lesson-02.json,ch50-l02,4,50,"Pronouns, Connectors and What They Point To",GRAMMAR_NOTE,"Two ayat, one sentence","Two ayat, one sentence",A page of text with three small arrows pointing from three words to objects beside the page; no figures
ch50-promise-and-exception-gate.png,chapter-50-lesson-02.json,ch50-l02,2,50,"Pronouns, Connectors and What They Point To",AYAH_PREVIEW,وَلَا تَقُولَنَّ لِشَا۟ىْءٍ إِنِّى فَاعِلٌ ذَٰلِكَ غَدًا,"And never say of anything, ""Indeed, I will do that tomorrow,""","A path to a distant hill that passes through a gate standing slightly open, with a calendar page showing tomorrow; no figures"
ch50-promise-and-exception-gate.png,chapter-50-lesson-02.json,ch50-l02,3,50,"Pronouns, Connectors and What They Point To",AYAH_PREVIEW,إِلَّآ أَن يَشَآءَ اللَّهُ ۚ وَاذْكُر رَّبَّكَ إِذَا نَسِيتَ وَقُلْ عَسَىٰٓ أَن يَهْدِيَنِ رَبِّى لِأَقْرَبَ مِنْ هَٰذَا رَشَدًا,"Except [when adding], ""If Allah wills.""","A path to a distant hill that passes through a gate standing slightly open, with a calendar page showing tomorrow; no figures"
ch50-ayah-cut-in-three-chunks.png,chapter-50-lesson-03.json,ch50-l03,1,50,Reading 24:25 in Chunks,CONCEPT,قِطَعُ الْآيَةِ,Read a long ayah in chunks,A long ribbon of paper cut into three parts laid side by side on a desk; no figures
ch50-ayah-cut-in-three-chunks.png,chapter-50-lesson-03.json,ch50-l03,2,50,Reading 24:25 in Chunks,EXAMPLE,يَوْمَئِذٍ,that Day,A long ribbon of paper cut into three parts laid side by side on a desk; no figures
ch50-ayah-cut-in-three-chunks.png,chapter-50-lesson-03.json,ch50-l03,3,50,Reading 24:25 in Chunks,EXAMPLE,يُوَفِّيهِمُ اللَّهُ دِينَهُمُ الْحَقَّ,Allah will pay them in full their true due,A long ribbon of paper cut into three parts laid side by side on a desk; no figures
ch50-ayah-cut-in-three-chunks.png,chapter-50-lesson-03.json,ch50-l03,4,50,Reading 24:25 in Chunks,EXAMPLE,وَيَعْلَمُونَ أَنَّ اللَّهَ هُوَ الْحَقُّ الْمُبِينُ,and they will know that Allah is the manifest Truth,A long ribbon of paper cut into three parts laid side by side on a desk; no figures
ch50-ayah-cut-in-three-chunks.png,chapter-50-lesson-03.json,ch50-l03,5,50,Reading 24:25 in Chunks,WORD,الْحَقُّ الْمُبِينُ,the manifest Truth,A long ribbon of paper cut into three parts laid side by side on a desk; no figures
ch50-adiyat-racers-dawn-dust.png,chapter-50-lesson-06.json,ch50-l07,1,50,Al-Adiyat 100:1–5: Follow the Sequence,CONCEPT,قِرَاءَةُ السُّورَةِ بِالتَّسَلْسُلِ,Read a surah as a sequence,"A wide dawn landscape: a trail of dust and sparks across rocky ground, hoof-marks and a line of riderless silhouettes seen from far away; no figures, no faces"
ch50-adiyat-racers-dawn-dust.png,chapter-50-lesson-06.json,ch50-l07,2,50,Al-Adiyat 100:1–5: Follow the Sequence,AYAH_PREVIEW,وَالْعَٰدِيَٰتِ ضَبْحًا,"By the racers, panting,","A wide dawn landscape: a trail of dust and sparks across rocky ground, hoof-marks and a line of riderless silhouettes seen from far away; no figures, no faces"
ch50-adiyat-racers-dawn-dust.png,chapter-50-lesson-06.json,ch50-l07,3,50,Al-Adiyat 100:1–5: Follow the Sequence,AYAH_PREVIEW,فَالْمُورِيَٰتِ قَدْحًا,"and those that strike sparks of fire,","A wide dawn landscape: a trail of dust and sparks across rocky ground, hoof-marks and a line of riderless silhouettes seen from far away; no figures, no faces"
ch50-adiyat-racers-dawn-dust.png,chapter-50-lesson-06.json,ch50-l07,4,50,Al-Adiyat 100:1–5: Follow the Sequence,AYAH_PREVIEW,فَالْمُغِيرَٰتِ صُبْحًا,"and those that raid at dawn,","A wide dawn landscape: a trail of dust and sparks across rocky ground, hoof-marks and a line of riderless silhouettes seen from far away; no figures, no faces"
ch50-adiyat-racers-dawn-dust.png,chapter-50-lesson-06.json,ch50-l07,5,50,Al-Adiyat 100:1–5: Follow the Sequence,AYAH_PREVIEW,فَأَثَرْنَ بِهِۦ نَقْعًا,"and stir up dust thereby,","A wide dawn landscape: a trail of dust and sparks across rocky ground, hoof-marks and a line of riderless silhouettes seen from far away; no figures, no faces"
ch50-adiyat-racers-dawn-dust.png,chapter-50-lesson-06.json,ch50-l07,6,50,Al-Adiyat 100:1–5: Follow the Sequence,AYAH_PREVIEW,فَوَسَطْنَ بِهِۦ جَمْعًا,and penetrate thereby into the middle of a gathering.,"A wide dawn landscape: a trail of dust and sparks across rocky ground, hoof-marks and a line of riderless silhouettes seen from far away; no figures, no faces"
ch50-adiyat-racers-dawn-dust.png,chapter-50-lesson-06.json,ch50-l07,7,50,Al-Adiyat 100:1–5: Follow the Sequence,GRAMMAR_NOTE,"One order, five pictures","One order, five pictures","A wide dawn landscape: a trail of dust and sparks across rocky ground, hoof-marks and a line of riderless silhouettes seen from far away; no figures, no faces"
ch50-adiyat-turn-ungrateful-wealth-and-graves.png,chapter-50-lesson-07.json,ch50-l08,1,50,Al-Adiyat 100:6–11 and the Whole Surah,CONCEPT,السُّورَةُ تَنْتَقِلُ,The surah turns,"Split scene: a heap of coins and a locked chest on one side, an open field of small earth mounds on the other; no figures"
ch50-adiyat-turn-ungrateful-wealth-and-graves.png,chapter-50-lesson-07.json,ch50-l08,2,50,Al-Adiyat 100:6–11 and the Whole Surah,AYAH_PREVIEW,إِنَّ الْإِنسَٰنَ لِرَبِّهِۦ لَكَنُودٌ,"Indeed, mankind is very ungrateful to his Lord,","Split scene: a heap of coins and a locked chest on one side, an open field of small earth mounds on the other; no figures"
ch50-adiyat-turn-ungrateful-wealth-and-graves.png,chapter-50-lesson-07.json,ch50-l08,3,50,Al-Adiyat 100:6–11 and the Whole Surah,AYAH_PREVIEW,وَإِنَّهُۥ عَلَىٰ ذَٰلِكَ لَشَهِيدٌ,"and indeed, he is a witness to that,","Split scene: a heap of coins and a locked chest on one side, an open field of small earth mounds on the other; no figures"
ch50-adiyat-turn-ungrateful-wealth-and-graves.png,chapter-50-lesson-07.json,ch50-l08,4,50,Al-Adiyat 100:6–11 and the Whole Surah,AYAH_PREVIEW,وَإِنَّهُۥ لِحُبِّ الْخَيْرِ لَشَدِيدٌ,"and indeed, he is intense in the love of wealth.","Split scene: a heap of coins and a locked chest on one side, an open field of small earth mounds on the other; no figures"
ch50-adiyat-turn-ungrateful-wealth-and-graves.png,chapter-50-lesson-07.json,ch50-l08,5,50,Al-Adiyat 100:6–11 and the Whole Surah,AYAH_PREVIEW,۞ أَفَلَا يَعْلَمُ إِذَا بُعْثِرَ مَا فِى الْقُبُورِ,"Does he not know, when what is in the graves is scattered","Split scene: a heap of coins and a locked chest on one side, an open field of small earth mounds on the other; no figures"
ch50-adiyat-turn-ungrateful-wealth-and-graves.png,chapter-50-lesson-07.json,ch50-l08,6,50,Al-Adiyat 100:6–11 and the Whole Surah,AYAH_PREVIEW,وَحُصِّلَ مَا فِى الصُّدُورِ,and what is in the breasts is brought out —,"Split scene: a heap of coins and a locked chest on one side, an open field of small earth mounds on the other; no figures"
ch50-adiyat-turn-ungrateful-wealth-and-graves.png,chapter-50-lesson-07.json,ch50-l08,7,50,Al-Adiyat 100:6–11 and the Whole Surah,AYAH_PREVIEW,إِنَّ رَبَّهُم بِهِمْ يَوْمَئِذٍ لَّخَبِيرٌۢ,"that their Lord, on that Day, is fully aware of them?","Split scene: a heap of coins and a locked chest on one side, an open field of small earth mounds on the other; no figures"
ch50-adiyat-turn-ungrateful-wealth-and-graves.png,chapter-50-lesson-07.json,ch50-l08,8,50,Al-Adiyat 100:6–11 and the Whole Surah,AYAH_PREVIEW,وَالْعَٰدِيَٰتِ ضَبْحًا فَالْمُورِيَٰتِ قَدْحًا فَالْمُغِيرَٰتِ صُبْحًا فَأَثَرْنَ بِهِۦ نَقْعًا فَوَسَطْنَ بِهِۦ جَمْعًا إِنَّ الْإِنسَٰنَ لِرَبِّهِۦ لَكَنُودٌ وَإِنَّهُۥ عَلَىٰ ذَٰلِكَ لَشَهِيدٌ وَإِنَّهُۥ لِحُبِّ الْخَيْرِ لَشَدِيدٌ أَفَلَا يَعْلَمُ إِذَا بُعْثِرَ مَا فِى الْقُبُورِ وَحُصِّلَ مَا فِى الصُّدُورِ إِنَّ رَبَّهُم بِهِمْ يَوْمَئِذٍ لَّخَبِيرٌۢ,"By the racers, panting, and those that strike sparks of fire, and those that raid at dawn, and stir up dust thereby, and penetrate thereby into the middle of a gathering. Indeed, mankind is very ungrateful to his Lord, and indeed, he is a witness to that, and indeed, he is intense in the love of wealth. Does he not know, when what is in the graves is scattered and what is in the breasts is brought out — that their Lord, on that Day, is fully aware of them?","Split scene: a heap of coins and a locked chest on one side, an open field of small earth mounds on the other; no figures"
ch50-zalzalah-shaking-earth-burdens.png,chapter-50-lesson-08.json,ch50-l09,1,50,"Az-Zalzalah: Events, Reference and Outcomes",CONCEPT,الْأَحْدَاثُ ثُمَّ النَّتَائِجُ,"Events, then outcomes","A wide plain with cracks in the earth, loose stones and chests rising to the surface and a distant crowd of tiny silhouettes seen from far above; no faces"
ch50-zalzalah-shaking-earth-burdens.png,chapter-50-lesson-08.json,ch50-l09,2,50,"Az-Zalzalah: Events, Reference and Outcomes",AYAH_PREVIEW,إِذَا زُلْزِلَتِ الْأَرْضُ زِلْزَالَهَا,"When the earth is shaken with its quake,","A wide plain with cracks in the earth, loose stones and chests rising to the surface and a distant crowd of tiny silhouettes seen from far above; no faces"
ch50-zalzalah-shaking-earth-burdens.png,chapter-50-lesson-08.json,ch50-l09,3,50,"Az-Zalzalah: Events, Reference and Outcomes",AYAH_PREVIEW,وَأَخْرَجَتِ الْأَرْضُ أَثْقَالَهَا,"and the earth brings out its burdens,","A wide plain with cracks in the earth, loose stones and chests rising to the surface and a distant crowd of tiny silhouettes seen from far above; no faces"
ch50-zalzalah-shaking-earth-burdens.png,chapter-50-lesson-08.json,ch50-l09,4,50,"Az-Zalzalah: Events, Reference and Outcomes",AYAH_PREVIEW,وَقَالَ الْإِنسَٰنُ مَا لَهَا,"and man says, ""What is the matter with it?""","A wide plain with cracks in the earth, loose stones and chests rising to the surface and a distant crowd of tiny silhouettes seen from far above; no faces"
ch50-zalzalah-shaking-earth-burdens.png,chapter-50-lesson-08.json,ch50-l09,5,50,"Az-Zalzalah: Events, Reference and Outcomes",AYAH_PREVIEW,يَوْمَئِذٍ تُحَدِّثُ أَخْبَارَهَا,"That Day, it will tell its news,","A wide plain with cracks in the earth, loose stones and chests rising to the surface and a distant crowd of tiny silhouettes seen from far above; no faces"
ch50-zalzalah-shaking-earth-burdens.png,chapter-50-lesson-08.json,ch50-l09,6,50,"Az-Zalzalah: Events, Reference and Outcomes",AYAH_PREVIEW,بِأَنَّ رَبَّكَ أَوْحَىٰ لَهَا,because your Lord has inspired it.,"A wide plain with cracks in the earth, loose stones and chests rising to the surface and a distant crowd of tiny silhouettes seen from far above; no faces"
ch50-zalzalah-atom-weight-scales.png,chapter-50-lesson-08.json,ch50-l09,7,50,"Az-Zalzalah: Events, Reference and Outcomes",AYAH_PREVIEW,يَوْمَئِذٍ يَصْدُرُ النَّاسُ أَشْتَاتًا لِّيُرَوْا۟ أَعْمَٰلَهُمْ,"That Day, the people will come forth in separate groups to be shown their deeds.","A balance scale holding one tiny grain on each pan, with a small light on one side and a small dark cloud on the other; no figures"
ch50-zalzalah-atom-weight-scales.png,chapter-50-lesson-08.json,ch50-l09,8,50,"Az-Zalzalah: Events, Reference and Outcomes",AYAH_PREVIEW,فَمَن يَعْمَلْ مِثْقَالَ ذَرَّةٍ خَيْرًا يَرَهُۥ,"So whoever does the weight of an atom of good will see it,","A balance scale holding one tiny grain on each pan, with a small light on one side and a small dark cloud on the other; no figures"
ch50-zalzalah-atom-weight-scales.png,chapter-50-lesson-08.json,ch50-l09,9,50,"Az-Zalzalah: Events, Reference and Outcomes",AYAH_PREVIEW,وَمَن يَعْمَلْ مِثْقَالَ ذَرَّةٍ شَرًّا يَرَهُۥ,and whoever does the weight of an atom of evil will see it.,"A balance scale holding one tiny grain on each pan, with a small light on one side and a small dark cloud on the other; no figures"
ch50-zalzalah-atom-weight-scales.png,chapter-50-lesson-08.json,ch50-l09,10,50,"Az-Zalzalah: Events, Reference and Outcomes",AYAH_PREVIEW,إِذَا زُلْزِلَتِ الْأَرْضُ زِلْزَالَهَا وَأَخْرَجَتِ الْأَرْضُ أَثْقَالَهَا وَقَالَ الْإِنسَٰنُ مَا لَهَا يَوْمَئِذٍ تُحَدِّثُ أَخْبَارَهَا بِأَنَّ رَبَّكَ أَوْحَىٰ لَهَا يَوْمَئِذٍ يَصْدُرُ النَّاسُ أَشْتَاتًا لِّيُرَوْا۟ أَعْمَٰلَهُمْ فَمَن يَعْمَلْ مِثْقَالَ ذَرَّةٍ خَيْرًا يَرَهُۥ وَمَن يَعْمَلْ مِثْقَالَ ذَرَّةٍ شَرًّا يَرَهُۥ,"When the earth is shaken with its quake, and the earth brings out its burdens, and man says, ""What is the matter with it?"" That Day, it will tell its news, because your Lord has inspired it. That Day, the people will come forth in separate groups to be shown their deeds. So whoever does the weight of an atom of good will see it, and whoever does the weight of an atom of evil will see it.","A balance scale holding one tiny grain on each pan, with a small light on one side and a small dark cloud on the other; no figures"
ch50-review-reading-desk.png,chapter-50-lesson-09-review.json,ch50-l06,1,50,Chapter 50 Review — Connected Reading,CONCEPT,خُلَاصَةُ الْبَابِ,Chapter 50 summary,"A reading desk with an open book, a ribbon bookmark and a small notepad with three ticks; no figures"
ch50-review-reading-desk.png,chapter-50-lesson-09-review.json,ch50-l06,2,50,Chapter 50 Review — Connected Reading,GRAMMAR_NOTE,Evidence first,Evidence first,"A reading desk with an open book, a ribbon bookmark and a small notepad with three ticks; no figures"
ch51-teacher-teaching-board.png,chapter-51-lesson-05.json,ch51-l09,1,51,Form II — عَلَّمَ / يُعَلِّمُ,CONCEPT,الْوَزْنُ الثَّانِي: عَلَّمَ / يُعَلِّمُ,Form II: عَلَّمَ / يُعَلِّمُ,"An empty classroom with a board and a pointer resting on its ledge, rows of desks; no figures"
ch51-teacher-teaching-board.png,chapter-51-lesson-05.json,ch51-l09,2,51,Form II — عَلَّمَ / يُعَلِّمُ,EXAMPLE,عَلَّمَ أَبِي الْوَلَدَ.,My father taught the boy.,"An empty classroom with a board and a pointer resting on its ledge, rows of desks; no figures"
ch51-teacher-teaching-board.png,chapter-51-lesson-05.json,ch51-l09,3,51,Form II — عَلَّمَ / يُعَلِّمُ,EXAMPLE,يُعَلِّمُ أَبِي الْوَلَدَ.,My father teaches the boy.,"An empty classroom with a board and a pointer resting on its ledge, rows of desks; no figures"
ch51-teacher-teaching-board.png,chapter-51-lesson-05.json,ch51-l09,4,51,Form II — عَلَّمَ / يُعَلِّمُ,EXAMPLE,عَلَّمَتْ أُمِّي الْبِنْتَ. · تُعَلِّمُ أُمِّي الْبِنْتَ.,My mother taught the girl. · My mother teaches the girl.,"An empty classroom with a board and a pointer resting on its ledge, rows of desks; no figures"
ch51-knew-vs-taught-panels.png,chapter-51-lesson-05.json,ch51-l09,5,51,Form II — عَلَّمَ / يُعَلِّمُ,CONTRAST,,"Same root, different stem","Split panel: left, a notebook open to a filled page with a small lit lamp (knowing); right, a hand (no face) passing a book across a desk (teaching)"
ch51-knew-vs-taught-panels.png,chapter-51-lesson-05.json,ch51-l09,6,51,Form II — عَلَّمَ / يُعَلِّمُ,GRAMMAR_NOTE,Read the whole stem,Read the whole stem,"Split panel: left, a notebook open to a filled page with a small lit lamp (knowing); right, a hand (no face) passing a book across a desk (teaching)"
ch51-adam-names-symbolic.png,chapter-51-lesson-05.json,ch51-l09,7,51,Form II — عَلَّمَ / يُعَلِّمُ,AYAH_PREVIEW,وَعَلَّمَ آدَمَ الْأَسْمَاءَ كُلَّهَا,And He taught Adam the names — all of them,Symbolic: a long table of plain unlabelled objects under soft light; no figures
ch51-sealed-letter-on-path.png,chapter-51-lesson-06.json,ch51-l10,1,51,Form IV — أَرْسَلَ / يُرْسِلُ,CONCEPT,الْوَزْنُ الرَّابِعُ: أَرْسَلَ / يُرْسِلُ,Form IV: أَرْسَلَ / يُرْسِلُ,A sealed letter leaving a hand (no face) towards a distant doorway along a dotted path
ch51-sealed-letter-on-path.png,chapter-51-lesson-06.json,ch51-l10,2,51,Form IV — أَرْسَلَ / يُرْسِلُ,EXAMPLE,أَرْسَلَ أَبِي الْكِتَابَ.,My father sent the book.,A sealed letter leaving a hand (no face) towards a distant doorway along a dotted path
ch51-sealed-letter-on-path.png,chapter-51-lesson-06.json,ch51-l10,3,51,Form IV — أَرْسَلَ / يُرْسِلُ,EXAMPLE,يُرْسِلُ أَبِي الْكِتَابَ. · تُرْسِلُ أُمِّي الْكِتَابَ.,My father sends the book. · My mother sends the book.,A sealed letter leaving a hand (no face) towards a distant doorway along a dotted path
ch51-sealed-letter-on-path.png,chapter-51-lesson-06.json,ch51-l10,5,51,Form IV — أَرْسَلَ / يُرْسِلُ,EXAMPLE,لَنْ يُرْسِلَ أَبِي الْكِتَابَ. · لَمْ يُرْسِلْ أَبِي الْكِتَابَ.,My father will not send the book. · My father did not send the book.,A sealed letter leaving a hand (no face) towards a distant doorway along a dotted path
ch51-hamza-two-jobs-panels.png,chapter-51-lesson-06.json,ch51-l10,4,51,Form IV — أَرْسَلَ / يُرْسِلُ,CONTRAST,,Is the أَ a person marker?,"Split panel: left, a notebook with a pen mid-stroke (I write); right, a parcel set on a doorstep (it was sent); no figures"
ch51-one-family-only-signpost.png,chapter-51-lesson-06.json,ch51-l10,6,51,Form IV — أَرْسَلَ / يُرْسِلُ,GRAMMAR_NOTE,One verb family only,One verb family only,"A wooden signpost with one path marked and other paths fading into mist. No lettering, no figures"
ch51-sent-guidance-symbolic.png,chapter-51-lesson-06.json,ch51-l10,7,51,Form IV — أَرْسَلَ / يُرْسِلُ,AYAH_PREVIEW,هُوَ الَّذِي أَرْسَلَ رَسُولَهُ,He is the One who sent His Messenger,Symbolic: a lamp placed on a hilltop sending a line of light across a dark plain. No figures
ch51-lesson-written-notebook.png,chapter-51-lesson-07.json,ch51-l07,1,51,The Passive Past — فُعِلَ,CONCEPT,الْمَاضِي الْمَجْهُولُ: فُعِلَ,The passive past: فُعِلَ,"A notebook page filled with neat lines, a pen laid beside it. No figures"
ch51-lesson-written-notebook.png,chapter-51-lesson-07.json,ch51-l07,4,51,The Passive Past — فُعِلَ,CONTRAST,,Doer named or not,"A notebook page filled with neat lines, a pen laid beside it. No figures"
ch51-door-open-courtyard.png,chapter-51-lesson-07.json,ch51-l07,2,51,The Passive Past — فُعِلَ,EXAMPLE,فَتَحَ الْوَلَدُ الْبَابَ. ← فُتِحَ الْبَابُ.,The boy opened the door. → The door was opened.,"A wooden door standing open onto a bright courtyard, a key still in the lock. No figures"
ch51-window-opened-morning.png,chapter-51-lesson-07.json,ch51-l07,3,51,The Passive Past — فُعِلَ,EXAMPLE,فُتِحَتِ النَّافِذَةُ.,The window was opened.,"A window thrown open onto a morning garden, the curtain moving. No figures"
ch51-doer-left-out-panel.png,chapter-51-lesson-07.json,ch51-l07,5,51,The Passive Past — فُعِلَ,GRAMMAR_NOTE,Not named does not mean unknown,Not named does not mean unknown,Two panels: a hand (no face) opening a door; the same door open with the hand gone. No figures
ch51-fasting-prescribed-symbolic.png,chapter-51-lesson-07.json,ch51-l07,6,51,The Passive Past — فُعِلَ,AYAH_PREVIEW,كُتِبَ عَلَيْكُمُ الصِّيَامُ,Fasting has been prescribed for you,Symbolic: a crescent moon over a quiet street with a lantern lit at a doorway; no figures
ch51-created-weak-symbolic.png,chapter-51-lesson-07.json,ch51-l07,7,51,The Passive Past — فُعِلَ,AYAH_PREVIEW,وَخُلِقَ الْإِنسَانُ ضَعِيفًا,and man was created weak,"Symbolic: a single small seedling growing through cracked earth, soft light on it; no figures"
ch51-written-every-day-notebook.png,chapter-51-lesson-08.json,ch51-l08,1,51,The Passive Present — يُفْعَلُ,CONCEPT,الْمُضَارِعُ الْمَجْهُولُ: يُفْعَلُ,The passive present: يُفْعَلُ,"A notebook page being filled line by line with a pen that is lifted off the page, no hand visible. No figures"
ch51-door-and-window-opened.png,chapter-51-lesson-08.json,ch51-l08,2,51,The Passive Present — يُفْعَلُ,EXAMPLE,يُفْتَحُ الْبَابُ. · تُفْتَحُ النَّافِذَةُ.,The door is opened. · The window is opened.,A courtyard with a wooden door and a window both standing open in the morning. No figures
ch51-same-stem-two-ends.png,chapter-51-lesson-08.json,ch51-l08,3,51,The Passive Present — يُفْعَلُ,CONTRAST,,"Voice changes the stem, mood changes the end","Two identical wooden blocks, one with a small gold peg on its left end, one on its right: same shape, different end. No lettering, no figures"
ch51-three-yu-doors.png,chapter-51-lesson-08.json,ch51-l08,4,51,The Passive Present — يُفْعَلُ,CONTRAST,,Three verbs that all start with يُـ,"Three identical doorways side by side with three different keys hanging beside them. No lettering, no figures"
ch51-verb-vs-noun-panels.png,chapter-51-lesson-08.json,ch51-l08,5,51,The Passive Present — يُفْعَلُ,GRAMMAR_NOTE,"A verb, not a noun form","A verb, not a noun form","Split panel: left, a pen mid-stroke (an action); right, a page already written (a described thing). No figures"
ch51-scales-nothing-taken-symbolic.png,chapter-51-lesson-08.json,ch51-l08,6,51,The Passive Present — يُفْعَلُ,AYAH_PREVIEW,يُؤْخَذُ مِنْهَا عَدْلٌ,nor will any compensation be taken from it,Symbolic: an empty balance scale with both pans level under a plain sky. No figures
ch51-review-verb-desk.png,chapter-51-lesson-10-review.json,ch51-l06,1,51,Chapter 51 Review — Verb Forms,CONCEPT,خُلَاصَةُ الْبَابِ,Chapter 51 summary,"A reading desk with an open book, a ribbon bookmark and a notepad with three ticks; no figures"
ch51-review-verb-desk.png,chapter-51-lesson-10-review.json,ch51-l06,2,51,Chapter 51 Review — Verb Forms,GRAMMAR_NOTE,"Whole word, not first letter","Whole word, not first letter","A reading desk with an open book, a ribbon bookmark and a notepad with three ticks; no figures"
ch53-signs-sky-and-earth.png,chapter-53-lesson-02.json,ch53-l05,1,53,Reading in Chunks — Āl ʿImrān 3:190–191,CONCEPT,الْقِرَاءَةُ بِالْأَجْزَاءِ,Reading in chunks,"A wide view of a night sky turning to dawn over a plain with a lone tree and a river, light on both halves; no figures"
ch53-signs-sky-and-earth.png,chapter-53-lesson-02.json,ch53-l05,2,53,Reading in Chunks — Āl ʿImrān 3:190–191,AYAH_PREVIEW,إِنَّ فِي خَلْقِ السَّمَاوَاتِ وَالْأَرْضِ وَاخْتِلَافِ اللَّيْلِ وَالنَّهَارِ لَآيَاتٍ لِّأُولِي الْأَلْبَابِ,"Indeed, in the creation of the heavens and the earth and the alternation of the night and the day are signs for those of understanding -","A wide view of a night sky turning to dawn over a plain with a lone tree and a river, light on both halves; no figures"
ch53-signs-sky-and-earth.png,chapter-53-lesson-02.json,ch53-l05,3,53,Reading in Chunks — Āl ʿImrān 3:190–191,AYAH_PREVIEW,الَّذِينَ يَذْكُرُونَ اللَّهَ,those who remember Allah,"A wide view of a night sky turning to dawn over a plain with a lone tree and a river, light on both halves; no figures"
ch53-three-postures-rug.png,chapter-53-lesson-02.json,ch53-l05,4,53,Reading in Chunks — Āl ʿImrān 3:190–191,AYAH_PREVIEW,قِيَامًا وَقُعُودًا وَعَلَىٰ جُنُوبِهِمْ,standing and sitting and on their sides,"Three prayer rugs side by side seen from above, each with a different set of footprints marks: standing, seated, resting on one side; no figures"
ch53-reflect-lamp-window.png,chapter-53-lesson-02.json,ch53-l05,5,53,Reading in Chunks — Āl ʿImrān 3:190–191,AYAH_PREVIEW,وَيَتَفَكَّرُونَ فِي خَلْقِ السَّمَاوَاتِ وَالْأَرْضِ,and they reflect on the creation of the heavens and the earth,A lit lamp on a sill beside an open window looking out at the stars; no figures
ch53-reflect-lamp-window.png,chapter-53-lesson-02.json,ch53-l05,6,53,Reading in Chunks — Āl ʿImrān 3:190–191,AYAH_PREVIEW,رَبَّنَا مَا خَلَقْتَ هَٰذَا بَاطِلًا,"Our Lord, You did not create this in vain",A lit lamp on a sill beside an open window looking out at the stars; no figures
ch53-ask-protection-hands.png,chapter-53-lesson-02.json,ch53-l05,7,53,Reading in Chunks — Āl ʿImrān 3:190–191,AYAH_PREVIEW,فَقِنَا عَذَابَ النَّارِ,so protect us from the punishment of the Fire,Two open hands raised together in dua seen from a low angle against the sky; no faces
ch53-chunk-markers-path.png,chapter-53-lesson-02.json,ch53-l05,8,53,Reading in Chunks — Āl ʿImrān 3:190–191,GRAMMAR_NOTE,"Chunk, then connect","Chunk, then connect","A winding path cut by small wooden markers into five sections; no lettering, no figures"
ch53-open-window-wide-sky.png,chapter-53-lesson-05.json,ch53-l08,1,53,Ash-Sharh — The Whole Surah,CONCEPT,الشَّرْحُ: أَرْبَعُ نِعَمٍ وَوَعْدٌ وَطَلَبَانِ,"Ash-Sharh: four gifts, a promise, two requests",A wide window thrown open onto an expanse of sky and hills at dawn; no figures
ch53-open-window-wide-sky.png,chapter-53-lesson-05.json,ch53-l08,2,53,Ash-Sharh — The Whole Surah,AYAH_PREVIEW,أَلَمْ نَشْرَحْ لَكَ صَدْرَكَ,"Did We not expand for you, [O Muḥammad], your breast?",A wide window thrown open onto an expanse of sky and hills at dawn; no figures
ch53-burden-set-down-road.png,chapter-53-lesson-05.json,ch53-l08,3,53,Ash-Sharh — The Whole Surah,AYAH_PREVIEW,وَوَضَعْنَا عَنكَ وِزْرَكَ الَّذِي أَنقَضَ ظَهْرَكَ,And We removed from you your burden Which had weighed upon your back,A heavy bundle set down beside a road with a pack-strap lying loose; no figures
ch53-raised-banner-symbolic.png,chapter-53-lesson-05.json,ch53-l08,4,53,Ash-Sharh — The Whole Surah,AYAH_PREVIEW,وَرَفَعْنَا لَكَ ذِكْرَكَ,And raised high for you your repute.,Symbolic: a plain unmarked banner flying high above rooftops against a clear sky; no figures
ch53-two-doors-one-key.png,chapter-53-lesson-05.json,ch53-l08,5,53,Ash-Sharh — The Whole Surah,AYAH_PREVIEW,فَإِنَّ مَعَ الْعُسْرِ يُسْرًا,"For indeed, with hardship [will be] ease [i.e., relief].","Two doors side by side, one dark and one lit, with the same key hanging between them; no figures"
ch53-finished-then-rise-mat.png,chapter-53-lesson-05.json,ch53-l08,6,53,Ash-Sharh — The Whole Surah,AYAH_PREVIEW,فَإِذَا فَرَغْتَ فَانصَبْ,"So when you have finished [your duties], then stand up [for worship].",A folded work apron beside a prayer rug laid out and ready; no figures
ch53-finished-then-rise-mat.png,chapter-53-lesson-05.json,ch53-l08,7,53,Ash-Sharh — The Whole Surah,AYAH_PREVIEW,وَإِلَىٰ رَبِّكَ فَارْغَب,And to your Lord direct [your] longing.,A folded work apron beside a prayer rug laid out and ready; no figures
ch53-finished-then-rise-mat.png,chapter-53-lesson-05.json,ch53-l08,8,53,Ash-Sharh — The Whole Surah,AYAH_PREVIEW,أَلَمْ نَشْرَحْ لَكَ صَدْرَكَ وَوَضَعْنَا عَنكَ وِزْرَكَ الَّذِي أَنقَضَ ظَهْرَكَ وَرَفَعْنَا لَكَ ذِكْرَكَ فَإِنَّ مَعَ الْعُسْرِ يُسْرًا إِنَّ مَعَ الْعُسْرِ يُسْرًا فَإِذَا فَرَغْتَ فَانصَبْ وَإِلَىٰ رَبِّكَ فَارْغَب,"Did We not expand for you, [O Muḥammad], your breast? And We removed from you your burden Which had weighed upon your back And raised high for you your repute. For indeed, with hardship [will be] ease [i.e., relief]. Indeed, with hardship [will be] ease. So when you have finished [your duties], then stand up [for worship]. And to your Lord direct [your] longing.",A folded work apron beside a prayer rug laid out and ready; no figures
ch53-morning-light-over-dunes.png,chapter-53-lesson-06.json,ch53-l06,1,53,Ad-Duha I — 93:1–5,CONCEPT,الضُّحَى: الِافْتِتَاحُ,Ad-Duha: opening,"Bright mid-morning light across a wide plain, long soft shadows, a distant ridge; no figures"
ch53-morning-light-over-dunes.png,chapter-53-lesson-06.json,ch53-l06,2,53,Ad-Duha I — 93:1–5,AYAH_PREVIEW,وَالضُّحَىٰ,By the morning brightness,"Bright mid-morning light across a wide plain, long soft shadows, a distant ridge; no figures"
ch53-night-settling-still-sky.png,chapter-53-lesson-06.json,ch53-l06,3,53,Ad-Duha I — 93:1–5,AYAH_PREVIEW,وَاللَّيْلِ إِذَا سَجَىٰ,"And [by] the night when it covers with darkness,",A still dark sky settling over a quiet town with one lit window; no figures
ch53-not-abandoned-open-door.png,chapter-53-lesson-06.json,ch53-l06,4,53,Ad-Duha I — 93:1–5,AYAH_PREVIEW,مَا وَدَّعَكَ رَبُّكَ وَمَا قَلَىٰ,"Your Lord has not taken leave of you, [O Muḥammad], nor has He detested [you].",A door left open with a lamp lit just inside; no figures
ch53-better-ahead-road-two-lights.png,chapter-53-lesson-06.json,ch53-l06,5,53,Ad-Duha I — 93:1–5,AYAH_PREVIEW,وَلَلْآخِرَةُ خَيْرٌ لَّكَ مِنَ الْأُولَىٰ,And the Hereafter is better for you than the first [life].,"A road that climbs towards a distant brighter horizon, a small lamp nearer the start; no figures"
ch53-promise-full-cup.png,chapter-53-lesson-06.json,ch53-l06,6,53,Ad-Duha I — 93:1–5,AYAH_PREVIEW,وَلَسَوْفَ يُعْطِيكَ رَبُّكَ فَتَرْضَىٰ,"And your Lord is going to give you, and you will be satisfied.","A cup being filled steadily from a pitcher until it is full, no hands or faces; soft morning light"
ch53-two-oaths-denials-promises.png,chapter-53-lesson-06.json,ch53-l06,7,53,Ad-Duha I — 93:1–5,AYAH_PREVIEW,وَالضُّحَىٰ وَاللَّيْلِ إِذَا سَجَىٰ مَا وَدَّعَكَ رَبُّكَ وَمَا قَلَىٰ وَلَلْآخِرَةُ خَيْرٌ لَّكَ مِنَ الْأُولَىٰ وَلَسَوْفَ يُعْطِيكَ رَبُّكَ فَتَرْضَىٰ,"By the morning brightness And [by] the night when it covers with darkness, Your Lord has not taken leave of you, [O Muḥammad], nor has He detested [you]. And the Hereafter is better for you than the first [life]. And your Lord is going to give you, and you will be satisfied.",Three lanterns of different sizes in a row on a low wall at dawn; no figures
ch53-memory-to-request-bridge.png,chapter-53-lesson-07.json,ch53-l07,1,53,Ad-Duha II — 93:6–11 and the Whole Surah,CONCEPT,الضُّحَى: مِنَ التَّذْكِيرِ إِلَى الْأَمْرِ,Ad-Duha: from memory to request,A short stone bridge between two lit courtyards over a quiet stream; no figures
ch53-memory-to-request-bridge.png,chapter-53-lesson-07.json,ch53-l07,8,53,Ad-Duha II — 93:6–11 and the Whole Surah,AYAH_PREVIEW,وَالضُّحَىٰ وَاللَّيْلِ إِذَا سَجَىٰ مَا وَدَّعَكَ رَبُّكَ وَمَا قَلَىٰ وَلَلْآخِرَةُ خَيْرٌ لَّكَ مِنَ الْأُولَىٰ وَلَسَوْفَ يُعْطِيكَ رَبُّكَ فَتَرْضَىٰ أَلَمْ يَجِدْكَ يَتِيمًا فَآوَىٰ وَوَجَدَكَ ضَالًّا فَهَدَىٰ وَوَجَدَكَ عَائِلًا فَأَغْنَىٰ فَأَمَّا الْيَتِيمَ فَلَا تَقْهَرْ وَأَمَّا السَّائِلَ فَلَا تَنْهَرْ وَأَمَّا بِنِعْمَةِ رَبِّكَ فَحَدِّثْ,"By the morning brightness And [by] the night when it covers with darkness, Your Lord has not taken leave of you, [O Muḥammad], nor has He detested [you]. And the Hereafter is better for you than the first [life]. And your Lord is going to give you, and you will be satisfied. Did He not find you an orphan and give [you] refuge? And He found you lost and guided [you], And He found you poor and made [you] self-sufficient. So as for the orphan, do not oppress [him]. And as for the petitioner, do not repel [him]. But as for the favor of your Lord, report [it].",A short stone bridge between two lit courtyards over a quiet stream; no figures
ch53-refuge-small-house-lamp.png,chapter-53-lesson-07.json,ch53-l07,2,53,Ad-Duha II — 93:6–11 and the Whole Surah,AYAH_PREVIEW,أَلَمْ يَجِدْكَ يَتِيمًا فَآوَىٰ,Did He not find you an orphan and give [you] refuge?,A small house with a warm lit window on a quiet street at dusk; no figures
ch53-guided-path-signpost.png,chapter-53-lesson-07.json,ch53-l07,3,53,Ad-Duha II — 93:6–11 and the Whole Surah,AYAH_PREVIEW,وَوَجَدَكَ ضَالًّا فَهَدَىٰ,"And He found you lost and guided [you],",A winding path through hills marked by a single wooden signpost and a lamp; no figures
ch53-enriched-full-granary.png,chapter-53-lesson-07.json,ch53-l07,4,53,Ad-Duha II — 93:6–11 and the Whole Surah,AYAH_PREVIEW,وَوَجَدَكَ عَائِلًا فَأَغْنَىٰ,And He found you poor and made [you] self-sufficient.,A modest granary with its door open on filled sacks; no figures
ch53-orphan-small-shoes-bench.png,chapter-53-lesson-07.json,ch53-l07,5,53,Ad-Duha II — 93:6–11 and the Whole Surah,AYAH_PREVIEW,فَأَمَّا الْيَتِيمَ فَلَا تَقْهَرْ,"So as for the orphan, do not oppress [him].",A pair of small shoes set beside a bench in a courtyard with a cup of water and a plate of bread; no figures
ch53-petitioner-open-gate-bread.png,chapter-53-lesson-07.json,ch53-l07,6,53,Ad-Duha II — 93:6–11 and the Whole Surah,AYAH_PREVIEW,وَأَمَّا السَّائِلَ فَلَا تَنْهَرْ,"And as for the petitioner, do not repel [him].",A gate left open with a loaf of bread set on the wall beside it; no figures
ch53-favor-spoken-lamp-window.png,chapter-53-lesson-07.json,ch53-l07,7,53,Ad-Duha II — 93:6–11 and the Whole Surah,AYAH_PREVIEW,وَأَمَّا بِنِعْمَةِ رَبِّكَ فَحَدِّثْ,"But as for the favor of your Lord, report [it].","A lit lamp in a window open toward the street, a ribbon of light falling outside; no figures"
ch54-wisdom-lantern-open-book.png,chapter-54-lesson-02.json,ch54-l08,1,54,"Luqman 31:12 — Condition, Response and إِنَّمَا",CONCEPT,حِكْمَةُ لُقْمَانَ فِي ثَلَاثَةِ أَجْزَاءٍ,Luqman's wisdom in three parts,A lit lantern beside an open plain book on a low table in a quiet room; no figures
ch54-wisdom-lantern-open-book.png,chapter-54-lesson-02.json,ch54-l08,2,54,"Luqman 31:12 — Condition, Response and إِنَّمَا",AYAH_PREVIEW,وَلَقَدْ آتَيْنَا لُقْمَانَ الْحِكْمَةَ أَنِ اشْكُرْ لِلَّهِ,And We had certainly given Luqman wisdom: Be grateful to Allah,A lit lantern beside an open plain book on a low table in a quiet room; no figures
ch54-thanks-returns-bowl.png,chapter-54-lesson-02.json,ch54-l08,3,54,"Luqman 31:12 — Condition, Response and إِنَّمَا",AYAH_PREVIEW,وَمَن يَشْكُرْ فَإِنَّمَا يَشْكُرُ لِنَفْسِهِ,And whoever is grateful — he is grateful only for himself,A shallow bowl catching water from a spout and overflowing back into the same basin; no figures
ch54-thanks-returns-bowl.png,chapter-54-lesson-02.json,ch54-l08,6,54,"Luqman 31:12 — Condition, Response and إِنَّمَا",GRAMMAR_NOTE,Find where the response begins,Find where the response begins,A shallow bowl catching water from a spout and overflowing back into the same basin; no figures
ch54-free-of-need-still-lake.png,chapter-54-lesson-02.json,ch54-l08,4,54,"Luqman 31:12 — Condition, Response and إِنَّمَا",AYAH_PREVIEW,وَمَن كَفَرَ فَإِنَّ اللَّهَ غَنِيٌّ حَمِيدٌ,"And whoever denies — then indeed, Allah is Free of need, Praiseworthy",A still mountain lake at dawn with nothing disturbing its surface; no figures
ch54-only-one-door-open.png,chapter-54-lesson-02.json,ch54-l08,5,54,"Luqman 31:12 — Condition, Response and إِنَّمَا",CONTRAST,,إِنَّ or إِنَّمَا?,"A long wall with many doors, only one standing open with a light behind it; no figures"
ch54-forms-toolbox-open.png,chapter-54-lesson-03.json,ch54-l07,1,54,Selected Forms and Word Patterns,CONCEPT,صُوَرٌ مُخْتَارَةٌ، وَاحِدَةً وَاحِدَةً,"Selected forms, one at a time","An open wooden toolbox with differently shaped tools laid in separate compartments; no lettering, no figures"
ch54-forms-toolbox-open.png,chapter-54-lesson-03.json,ch54-l07,5,54,Selected Forms and Word Patterns,GRAMMAR_NOTE,"Command, active, passive","Command, active, passive","An open wooden toolbox with differently shaped tools laid in separate compartments; no lettering, no figures"
ch54-certainly-finished-tick.png,chapter-54-lesson-03.json,ch54-l07,2,54,Selected Forms and Word Patterns,EXAMPLE,قَدْ أَفْلَحَ الْمُؤْمِنُونَ,The believers have certainly succeeded (23:1),"A completed task board with a single large tick over a finished row; no lettering, no figures"
ch54-particle-then-end-panels.png,chapter-54-lesson-03.json,ch54-l07,3,54,Selected Forms and Word Patterns,CONTRAST,,Particle and ending,"Three identical rope ends, each tied with a different knot: nothing, a loop, a flat tie; no figures"
ch54-noun-ending-verb-ending-panels.png,chapter-54-lesson-03.json,ch54-l07,4,54,Selected Forms and Word Patterns,CONTRAST,,A noun ending or a verb form?,"Split panel: left, a row of buildings ending in a shared wall (a joined pair); right, two walkers' footprints in sand going the same way; no faces, no figures"
ch54-numbers-eleven-stars.png,chapter-54-lesson-04.json,ch54-l03,1,54,"Quantities, Phrases and Clauses",CONCEPT,الْمَقَادِيرُ وَالْعِبَارَاتُ وَالْجُمَلُ,"Quantities, phrases and clauses",A night sky with eleven distinct stars in two gentle clusters above a quiet hillside; no figures
ch54-numbers-eleven-stars.png,chapter-54-lesson-04.json,ch54-l03,2,54,"Quantities, Phrases and Clauses",EXAMPLE,ثَلَاثَةُ أَيَّامٍ · أَحَدَ عَشَرَ كَوْكَبًا,three days · eleven stars,A night sky with eleven distinct stars in two gentle clusters above a quiet hillside; no figures
ch54-time-wall-clock-plain.png,chapter-54-lesson-04.json,ch54-l03,3,54,"Quantities, Phrases and Clauses",EXAMPLE,مَا هِيَ السَّاعَةُ؟,What time is it?,"A plain round wall clock with no numerals, reading three o'clock, on a bare wall; no figures"
ch54-three-openers-three-windows.png,chapter-54-lesson-04.json,ch54-l03,4,54,"Quantities, Phrases and Clauses",CONTRAST,,Three small sentence openers,"Three windows in a row: one with a tentative light, one with a closed shutter half-open, one with a lamp set wide for a wish; no figures"
ch54-sit-in-mosque-and-condition.png,chapter-54-lesson-04.json,ch54-l03,5,54,"Quantities, Phrases and Clauses",EXAMPLE,أُرِيدُ أَنْ أَجْلِسَ فِي الْمَسْجِدِ.,I want to sit in the mosque.,A prayer rug in a mosque courtyard with an open door and a lit path beyond; no figures
ch54-fatiha-open-book-light.png,chapter-54-lesson-05.json,ch54-l05,1,54,Al-Fatiha I — 1:1–4,CONCEPT,الْفَاتِحَةُ: الْحَمْدُ وَالْوَصْفُ,Al-Fatiha: praise and description,"An open Mushaf on a rehal in soft morning light, nothing else in the frame; no figures"
ch54-fatiha-open-book-light.png,chapter-54-lesson-05.json,ch54-l05,6,54,Al-Fatiha I — 1:1–4,AYAH_PREVIEW,بِسْمِ اللَّهِ الرَّحْمَٰنِ الرَّحِيمِ الْحَمْدُ لِلَّهِ رَبِّ الْعَالَمِينَ الرَّحْمَٰنِ الرَّحِيمِ مَالِكِ يَوْمِ الدِّينِ,"In the name of Allāh, the Entirely Merciful, the Especially Merciful. [All] praise is [due] to Allāh, Lord of the worlds - The Entirely Merciful, the Especially Merciful, Sovereign of the Day of Recompense.","An open Mushaf on a rehal in soft morning light, nothing else in the frame; no figures"
ch54-name-over-doorway-arch.png,chapter-54-lesson-05.json,ch54-l05,2,54,Al-Fatiha I — 1:1–4,AYAH_PREVIEW,بِسْمِ اللَّهِ الرَّحْمَٰنِ الرَّحِيمِ,"In the name of Allāh, the Entirely Merciful, the Especially Merciful.","A plain arched doorway with an unlettered keystone, light behind it; no figures"
ch54-praise-worlds-sky-sea.png,chapter-54-lesson-05.json,ch54-l05,3,54,Al-Fatiha I — 1:1–4,AYAH_PREVIEW,الْحَمْدُ لِلَّهِ رَبِّ الْعَالَمِينَ,"[All] praise is [due] to Allāh, Lord of the worlds -","A wide view of sea, land and sky meeting at one horizon; no figures"
ch54-mercy-rain-over-fields.png,chapter-54-lesson-05.json,ch54-l05,4,54,Al-Fatiha I — 1:1–4,AYAH_PREVIEW,الرَّحْمَٰنِ الرَّحِيمِ,"The Entirely Merciful, the Especially Merciful,",Gentle rain falling over green fields from a lit grey sky; no figures
ch54-sovereignty-scale-and-hourglass.png,chapter-54-lesson-05.json,ch54-l05,5,54,Al-Fatiha I — 1:1–4,AYAH_PREVIEW,مَالِكِ يَوْمِ الدِّينِ,Sovereign of the Day of Recompense.,A balance scale beside a large hourglass on a plain table; no figures
ch54-one-path-toward-horizon.png,chapter-54-lesson-06.json,ch54-l06,1,54,Al-Fatiha II — 1:5–7 and the Whole Surah,CONCEPT,الْفَاتِحَةُ: الدُّعَاءُ,Al-Fatiha: the request,A single straight path across an open plain towards a bright horizon; no figures
ch54-one-path-toward-horizon.png,chapter-54-lesson-06.json,ch54-l06,2,54,Al-Fatiha II — 1:5–7 and the Whole Surah,AYAH_PREVIEW,إِيَّاكَ نَعْبُدُ وَإِيَّاكَ نَسْتَعِينُ,It is You we worship and You we ask for help.,A single straight path across an open plain towards a bright horizon; no figures
ch54-one-path-toward-horizon.png,chapter-54-lesson-06.json,ch54-l06,6,54,Al-Fatiha II — 1:5–7 and the Whole Surah,GRAMMAR_NOTE,The request and its description,The request and its description,A single straight path across an open plain towards a bright horizon; no figures
ch54-two-hands-cupped-ask.png,chapter-54-lesson-06.json,ch54-l06,3,54,Al-Fatiha II — 1:5–7 and the Whole Surah,AYAH_PREVIEW,اهْدِنَا الصِّرَاطَ الْمُسْتَقِيمَ,Guide us to the straight path -,Two cupped hands held open at chest height against a soft sky; no faces
ch54-path-with-fenced-sides.png,chapter-54-lesson-06.json,ch54-l06,4,54,Al-Fatiha II — 1:5–7 and the Whole Surah,AYAH_PREVIEW,صِرَاطَ الَّذِينَ أَنْعَمْتَ عَلَيْهِمْ غَيْرِ الْمَغْضُوبِ عَلَيْهِمْ وَلَا الضَّالِّينَ,"The path of those upon whom You have bestowed favor, not of those who have earned [Your] anger or of those who are astray.",A straight path with a plain fence on each side and open fields beyond the fence; no figures
ch54-fatiha-seven-lamps.png,chapter-54-lesson-06.json,ch54-l06,5,54,Al-Fatiha II — 1:5–7 and the Whole Surah,AYAH_PREVIEW,بِسْمِ اللَّهِ الرَّحْمَٰنِ الرَّحِيمِ الْحَمْدُ لِلَّهِ رَبِّ الْعَالَمِينَ الرَّحْمَٰنِ الرَّحِيمِ مَالِكِ يَوْمِ الدِّينِ إِيَّاكَ نَعْبُدُ وَإِيَّاكَ نَسْتَعِينُ اهْدِنَا الصِّرَاطَ الْمُسْتَقِيمَ صِرَاطَ الَّذِينَ أَنْعَمْتَ عَلَيْهِمْ غَيْرِ الْمَغْضُوبِ عَلَيْهِمْ وَلَا الضَّالِّينَ,"In the name of Allāh, the Entirely Merciful, the Especially Merciful. [All] praise is [due] to Allāh, Lord of the worlds - The Entirely Merciful, the Especially Merciful, Sovereign of the Day of Recompense. It is You we worship and You we ask for help. Guide us to the straight path - The path of those upon whom You have bestowed favor, not of those who have earned [Your] anger or of those who are astray.",Seven small lamps in a row along a low wall at dawn; no figures
ch55-three-signs-one-kasra.png,chapter-55-lesson-08.json,ch55-l12,1,55,"Sound Feminine Plural — One Kasra, Two Cases",CONCEPT,كَسْرَةٌ وَاحِدَةٌ، حَالَتَانِ,"One kasra, two cases","Three small wooden signs on posts, two painted identically and one different, beside a path; no lettering, no figures"
ch55-three-signs-one-kasra.png,chapter-55-lesson-08.json,ch55-l12,5,55,"Sound Feminine Plural — One Kasra, Two Cases",CONTRAST,,"The same kasra, two roles","Three small wooden signs on posts, two painted identically and one different, beside a path; no lettering, no figures"
ch55-three-signs-one-kasra.png,chapter-55-lesson-08.json,ch55-l12,6,55,"Sound Feminine Plural — One Kasra, Two Cases",GRAMMAR_NOTE,Other plurals have their own signs,Other plurals have their own signs,"Three small wooden signs on posts, two painted identically and one different, beside a path; no lettering, no figures"
ch55-teachers-in-school-seen-behind.png,chapter-55-lesson-08.json,ch55-l12,2,55,"Sound Feminine Plural — One Kasra, Two Cases",EXAMPLE,الْمُعَلِّمَاتُ فِي الْمَدْرَسَةِ.,The (female) teachers are in the school.,A classroom seen from the back of the room with rows of desks and a board; no figures
ch55-seen-teachers-from-gate.png,chapter-55-lesson-08.json,ch55-l12,3,55,"Sound Feminine Plural — One Kasra, Two Cases",EXAMPLE,رَأَيْتُ الْمُعَلِّمَاتِ.,I saw the (female) teachers.,"A school gate looking onto a courtyard with benches, light on the benches; no figures"
ch55-went-to-teachers-path.png,chapter-55-lesson-08.json,ch55-l12,4,55,"Sound Feminine Plural — One Kasra, Two Cases",EXAMPLE,ذَهَبْتُ إِلَى الْمُعَلِّمَاتِ. · كِتَابُ الْمُعَلِّمَاتِ.,I went to the (female) teachers. · The teachers' book.,A short path leading from a gate across a courtyard to a lit doorway; no figures
ch55-heavens-and-earth-created.png,chapter-55-lesson-08.json,ch55-l12,7,55,"Sound Feminine Plural — One Kasra, Two Cases",AYAH_PREVIEW,خَلَقَ السَّمَاوَاتِ وَالْأَرْضَ,He created the heavens and the earth,"Sky above and land below meeting at a quiet horizon, a thin line of light between them; no figures"
ch55-heavens-and-earth-created.png,chapter-55-lesson-08.json,ch55-l12,8,55,"Sound Feminine Plural — One Kasra, Two Cases",AYAH_PREVIEW,فِي خَلْقِ السَّمَاوَاتِ وَالْأَرْضِ,in the creation of the heavens and the earth,"Sky above and land below meeting at a quiet horizon, a thin line of light between them; no figures"
ch55-believing-women-men-symbolic.png,chapter-55-lesson-08.json,ch55-l12,9,55,"Sound Feminine Plural — One Kasra, Two Cases",AYAH_PREVIEW,وَالْمُؤْمِنُونَ وَالْمُؤْمِنَاتُ,The believing men and the believing women,Symbolic: two rows of folded prayer rugs side by side in a quiet mosque; no figures
ch55-staircase-of-events-light.png,chapter-55-lesson-10.json,ch55-l09,1,55,At-Takwir I — 81:1–14,CONCEPT,إِذَا كَثِيرَةٌ وَجَوَابٌ وَاحِدٌ,"Many 'whens', one conclusion",A long stone staircase of twelve steps rising towards a single lit doorway at the top; no figures
ch55-staircase-of-events-light.png,chapter-55-lesson-10.json,ch55-l09,7,55,At-Takwir I — 81:1–14,AYAH_PREVIEW,إِذَا الشَّمْسُ كُوِّرَتْ وَإِذَا النُّجُومُ انكَدَرَتْ وَإِذَا الْجِبَالُ سُيِّرَتْ وَإِذَا الْعِشَارُ عُطِّلَتْ وَإِذَا الْوُحُوشُ حُشِرَتْ وَإِذَا الْبِحَارُ سُجِّرَتْ وَإِذَا النُّفُوسُ زُوِّجَتْ وَإِذَا الْمَوْءُودَةُ سُئِلَتْ بِأَيِّ ذَنبٍ قُتِلَتْ وَإِذَا الصُّحُفُ نُشِرَتْ وَإِذَا السَّمَاءُ كُشِطَتْ وَإِذَا الْجَحِيمُ سُعِّرَتْ وَإِذَا الْجَنَّةُ أُزْلِفَتْ عَلِمَتْ نَفْسٌ مَّا أَحْضَرَتْ,"When the sun is wrapped up [in darkness] And when the stars fall, dispersing, And when the mountains are removed And when full-term she-camels are neglected And when the wild beasts are gathered And when the seas are filled with flame And when the souls are paired And when the girl [who was] buried alive is asked For what sin she was killed And when the pages are spread [i.e., made public] And when the sky is stripped away And when Hellfire is set ablaze And when Paradise is brought near, A soul will [then] know what it has brought [with it].",A long stone staircase of twelve steps rising towards a single lit doorway at the top; no figures
ch55-staircase-of-events-light.png,chapter-55-lesson-10.json,ch55-l09,8,55,At-Takwir I — 81:1–14,GRAMMAR_NOTE,Events wait for the conclusion,Events wait for the conclusion,A long stone staircase of twelve steps rising towards a single lit doorway at the top; no figures
ch55-sun-stars-mountains-dim-sky.png,chapter-55-lesson-10.json,ch55-l09,2,55,At-Takwir I — 81:1–14,AYAH_PREVIEW,إِذَا الشَّمْسُ كُوِّرَتْ وَإِذَا النُّجُومُ انكَدَرَتْ وَإِذَا الْجِبَالُ سُيِّرَتْ,"When the sun is wrapped up [in darkness] And when the stars fall, dispersing, And when the mountains are removed","A darkening sky with a dimmed sun, scattered stars and distant mountains on the horizon; no figures"
ch55-camels-beasts-seas-souls.png,chapter-55-lesson-10.json,ch55-l09,3,55,At-Takwir I — 81:1–14,AYAH_PREVIEW,وَإِذَا الْعِشَارُ عُطِّلَتْ وَإِذَا الْوُحُوشُ حُشِرَتْ وَإِذَا الْبِحَارُ سُجِّرَتْ وَإِذَا النُّفُوسُ زُوِّجَتْ,And when full-term she-camels are neglected And when the wild beasts are gathered And when the seas are filled with flame And when the souls are paired,"A wide plain with empty camel pens, wild animals gathered at a distance and a sea glowing at the horizon; no figures"
ch55-question-quiet-field-sober.png,chapter-55-lesson-10.json,ch55-l09,4,55,At-Takwir I — 81:1–14,AYAH_PREVIEW,وَإِذَا الْمَوْءُودَةُ سُئِلَتْ بِأَيِّ ذَنبٍ قُتِلَتْ,And when the girl [who was] buried alive is asked For what sin she was killed,"A quiet empty field under a pale sky with one small stone marker; no figures, no graphic content"
ch55-pages-sky-fire-garden.png,chapter-55-lesson-10.json,ch55-l09,5,55,At-Takwir I — 81:1–14,AYAH_PREVIEW,وَإِذَا الصُّحُفُ نُشِرَتْ وَإِذَا السَّمَاءُ كُشِطَتْ وَإِذَا الْجَحِيمُ سُعِّرَتْ وَإِذَا الْجَنَّةُ أُزْلِفَتْ,"And when the pages are spread [i.e., made public] And when the sky is stripped away And when Hellfire is set ablaze And when Paradise is brought near,","Four panels: open pages in a ledger, a peeled-back sky, a distant fire glow, a green garden drawn near; no figures"
ch55-soul-knows-brought-bundle.png,chapter-55-lesson-10.json,ch55-l09,6,55,At-Takwir I — 81:1–14,AYAH_PREVIEW,عَلِمَتْ نَفْسٌ مَّا أَحْضَرَتْ,A soul will [then] know what it has brought [with it].,A small bundle set down on a table in a still room with a lamp beside it; no figures
ch55-oaths-sky-stars-dawn.png,chapter-55-lesson-11.json,ch55-l10,1,55,At-Takwir II — 81:15–21,CONCEPT,قَسَمٌ وَوَصْفٌ,"An oath, and a description",A night sky with a few stars sinking toward the horizon as the first thin dawn light appears; no figures
ch55-oaths-sky-stars-dawn.png,chapter-55-lesson-11.json,ch55-l10,2,55,At-Takwir II — 81:15–21,AYAH_PREVIEW,فَلَا أُقْسِمُ بِالْخُنَّسِ الْجَوَارِ الْكُنَّسِ,"So I swear by the retreating stars - Those that run [their courses] and disappear [i.e., set]",A night sky with a few stars sinking toward the horizon as the first thin dawn light appears; no figures
ch55-oaths-sky-stars-dawn.png,chapter-55-lesson-11.json,ch55-l10,3,55,At-Takwir II — 81:15–21,AYAH_PREVIEW,وَاللَّيْلِ إِذَا عَسْعَسَ,And by the night as it closes in,A night sky with a few stars sinking toward the horizon as the first thin dawn light appears; no figures
ch55-oaths-sky-stars-dawn.png,chapter-55-lesson-11.json,ch55-l10,4,55,At-Takwir II — 81:15–21,AYAH_PREVIEW,وَالصُّبْحِ إِذَا تَنَفَّسَ,"And by the dawn when it breathes [i.e., stirs]",A night sky with a few stars sinking toward the horizon as the first thin dawn light appears; no figures
ch55-oaths-sky-stars-dawn.png,chapter-55-lesson-11.json,ch55-l10,8,55,At-Takwir II — 81:15–21,AYAH_PREVIEW,فَلَا أُقْسِمُ بِالْخُنَّسِ الْجَوَارِ الْكُنَّسِ وَاللَّيْلِ إِذَا عَسْعَسَ وَالصُّبْحِ إِذَا تَنَفَّسَ إِنَّهُ لَقَوْلُ رَسُولٍ كَرِيمٍ ذِي قُوَّةٍ عِندَ ذِي الْعَرْشِ مَكِينٍ مُّطَاعٍ ثَمَّ أَمِينٍ,"So I swear by the retreating stars - Those that run [their courses] and disappear [i.e., set] And by the night as it closes in And by the dawn when it breathes [i.e., stirs] [That] indeed, it [i.e., the Qur’ān] is a word [conveyed by] a noble messenger [i.e., Gabriel] [Who is] possessed of power and with the Owner of the Throne, secure [in position], Obeyed there [in the heavens] and trustworthy.",A night sky with a few stars sinking toward the horizon as the first thin dawn light appears; no figures
ch55-noble-messenger-symbolic-light.png,chapter-55-lesson-11.json,ch55-l10,5,55,At-Takwir II — 81:15–21,AYAH_PREVIEW,إِنَّهُ لَقَوْلُ رَسُولٍ كَرِيمٍ,"[That] indeed, it [i.e., the Qur’ān] is a word [conveyed by] a noble messenger [i.e., Gabriel]","Symbolic: a single column of soft light reaching down onto a quiet plain, no shape within it; no figures"
ch55-throne-secure-gate-symbolic.png,chapter-55-lesson-11.json,ch55-l10,6,55,At-Takwir II — 81:15–21,AYAH_PREVIEW,ذِي قُوَّةٍ عِندَ ذِي الْعَرْشِ مَكِينٍ,"[Who is] possessed of power and with the Owner of the Throne, secure [in position],","Symbolic: a tall gate of pale stone standing open on a bright space, nothing visible beyond the threshold; no figures"
ch55-throne-secure-gate-symbolic.png,chapter-55-lesson-11.json,ch55-l10,7,55,At-Takwir II — 81:15–21,AYAH_PREVIEW,مُّطَاعٍ ثَمَّ أَمِينٍ,Obeyed there [in the heavens] and trustworthy.,"Symbolic: a tall gate of pale stone standing open on a bright space, nothing visible beyond the threshold; no figures"
ch55-denials-open-doors-daylight.png,chapter-55-lesson-12.json,ch55-l11,1,55,At-Takwir III — 81:22–29 and the Whole Surah,CONCEPT,نَفْيٌ وَسُؤَالٌ وَتَذْكِيرٌ,"Denials, a question and a reminder","A long hall of open doors in daylight, each opening onto the same bright courtyard; no figures"
ch55-denials-open-doors-daylight.png,chapter-55-lesson-12.json,ch55-l11,2,55,At-Takwir III — 81:22–29 and the Whole Surah,AYAH_PREVIEW,وَمَا صَاحِبُكُم بِمَجْنُونٍ وَلَقَدْ رَآهُ بِالْأُفُقِ الْمُبِينِ وَمَا هُوَ عَلَى الْغَيْبِ بِضَنِينٍ وَمَا هُوَ بِقَوْلِ شَيْطَانٍ رَّجِيمٍ,"And your companion [i.e., Prophet Muḥammad (ﷺ) ] is not [at all] mad. And he has already seen him [i.e., Gabriel] in the clear horizon. And he [i.e., Muḥammad (ﷺ)] is not a withholder of [knowledge of] the unseen. And it [i.e., the Qur’ān] is not the word of a devil, expelled [from the heavens].","A long hall of open doors in daylight, each opening onto the same bright courtyard; no figures"
ch55-where-going-crossroads.png,chapter-55-lesson-12.json,ch55-l11,3,55,At-Takwir III — 81:22–29 and the Whole Surah,AYAH_PREVIEW,فَأَيْنَ تَذْهَبُونَ,So where are you going?,"A crossroads with four paths, one of them straight and lit by a lamp; no figures"
ch55-reminder-lamp-on-sill.png,chapter-55-lesson-12.json,ch55-l11,4,55,At-Takwir III — 81:22–29 and the Whole Surah,AYAH_PREVIEW,إِنْ هُوَ إِلَّا ذِكْرٌ لِّلْعَالَمِينَ,It is not except a reminder to the worlds,A small lamp on a window sill facing a dark street; no figures
ch55-reminder-lamp-on-sill.png,chapter-55-lesson-12.json,ch55-l11,5,55,At-Takwir III — 81:22–29 and the Whole Surah,AYAH_PREVIEW,لِمَن شَاءَ مِنكُمْ أَن يَسْتَقِيمَ,For whoever wills among you to take a right course.,A small lamp on a window sill facing a dark street; no figures
ch55-reminder-lamp-on-sill.png,chapter-55-lesson-12.json,ch55-l11,6,55,At-Takwir III — 81:22–29 and the Whole Surah,AYAH_PREVIEW,وَمَا تَشَاءُونَ إِلَّا أَن يَشَاءَ اللَّهُ رَبُّ الْعَالَمِينَ,And you do not will except that Allāh wills - Lord of the worlds.,A small lamp on a window sill facing a dark street; no figures
ch55-whole-surah-three-lamps.png,chapter-55-lesson-12.json,ch55-l11,7,55,At-Takwir III — 81:22–29 and the Whole Surah,AYAH_PREVIEW,إِذَا الشَّمْسُ كُوِّرَتْ وَإِذَا النُّجُومُ انكَدَرَتْ وَإِذَا الْجِبَالُ سُيِّرَتْ وَإِذَا الْعِشَارُ عُطِّلَتْ وَإِذَا الْوُحُوشُ حُشِرَتْ وَإِذَا الْبِحَارُ سُجِّرَتْ وَإِذَا النُّفُوسُ زُوِّجَتْ وَإِذَا الْمَوْءُودَةُ سُئِلَتْ بِأَيِّ ذَنبٍ قُتِلَتْ وَإِذَا الصُّحُفُ نُشِرَتْ وَإِذَا السَّمَاءُ كُشِطَتْ وَإِذَا الْجَحِيمُ سُعِّرَتْ وَإِذَا الْجَنَّةُ أُزْلِفَتْ عَلِمَتْ نَفْسٌ مَّا أَحْضَرَتْ فَلَا أُقْسِمُ بِالْخُنَّسِ الْجَوَارِ الْكُنَّسِ وَاللَّيْلِ إِذَا عَسْعَسَ وَالصُّبْحِ إِذَا تَنَفَّسَ إِنَّهُ لَقَوْلُ رَسُولٍ كَرِيمٍ ذِي قُوَّةٍ عِندَ ذِي الْعَرْشِ مَكِينٍ مُّطَاعٍ ثَمَّ أَمِينٍ وَمَا صَاحِبُكُم بِمَجْنُونٍ وَلَقَدْ رَآهُ بِالْأُفُقِ الْمُبِينِ وَمَا هُوَ عَلَى الْغَيْبِ بِضَنِينٍ وَمَا هُوَ بِقَوْلِ شَيْطَانٍ رَّجِيمٍ فَأَيْنَ تَذْهَبُونَ إِنْ هُوَ إِلَّا ذِكْرٌ لِّلْعَالَمِينَ لِمَن شَاءَ مِنكُمْ أَن يَسْتَقِيمَ وَمَا تَشَاءُونَ إِلَّا أَن يَشَاءَ اللَّهُ رَبُّ الْعَالَمِينَ,"When the sun is wrapped up [in darkness] And when the stars fall, dispersing, And when the mountains are removed And when full-term she-camels are neglected And when the wild beasts are gathered And when the seas are filled with flame And when the souls are paired And when the girl [who was] buried alive is asked For what sin she was killed And when the pages are spread [i.e., made public] And when the sky is stripped away And when Hellfire is set ablaze And when Paradise is brought near, A soul will [then] know what it has brought [with it]. So I swear by the retreating stars - Those that run [their courses] and disappear [i.e., set] And by the night as it closes in And by the dawn when it breathes [i.e., stirs] [That] indeed, it [i.e., the Qur’ān] is a word [conveyed by] a noble messenger [i.e., Gabriel] [Who is] possessed of power and with the Owner of the Throne, secure [in position], Obeyed there [in the heavens] and trustworthy. And your companion [i.e., Prophet Muḥammad (ﷺ) ] is not [at all] mad. And he has already seen him [i.e., Gabriel] in the clear horizon. And he [i.e., Muḥammad (ﷺ)] is not a withholder of [knowledge of] the unseen. And it [i.e., the Qur’ān] is not the word of a devil, expelled [from the heavens]. So where are you going? It is not except a reminder to the worlds For whoever wills among you to take a right course. And you do not will except that Allāh wills - Lord of the worlds.",Three lamps of different sizes on a low wall at the edge of a field; no figures
ch55-whole-surah-three-lamps.png,chapter-55-lesson-12.json,ch55-l11,8,55,At-Takwir III — 81:22–29 and the Whole Surah,GRAMMAR_NOTE,Read the whole surah,Read the whole surah,Three lamps of different sizes on a low wall at the edge of a field; no figures
ch55-review-reading-desk.png,chapter-55-lesson-13-review.json,ch55-l13,1,55,Chapter 55 Review — Iʿrāb,CONCEPT,خُلَاصَةُ الْبَابِ,Chapter 55 summary,"A reading desk with an open book, a ribbon bookmark and a small notepad with three ticks; no figures"
ch55-review-reading-desk.png,chapter-55-lesson-13-review.json,ch55-l13,2,55,Chapter 55 Review — Iʿrāb,GRAMMAR_NOTE,"Role first, then sign","Role first, then sign","A reading desk with an open book, a ribbon bookmark and a small notepad with three ticks; no figures"
ch52-if-then-two-doors.png,chapter-52-lesson-05.json,ch52-l09,1,52,A Condition and Its Response — مَنْ … فَـ,CONCEPT,الشَّرْطُ وَالْجَوَابُ بِـ مَنْ,Condition and response with مَنْ,"Two doors in a line, the first standing open onto a short path that leads to the second, which is lit from within; no figures"
ch52-if-then-two-doors.png,chapter-52-lesson-05.json,ch52-l09,2,52,A Condition and Its Response — مَنْ … فَـ,EXAMPLE,مَنْ يَدْرُسْ فَهُوَ نَاجِحٌ.,Whoever studies — he is successful.,"Two doors in a line, the first standing open onto a short path that leads to the second, which is lit from within; no figures"
ch52-if-then-two-doors.png,chapter-52-lesson-05.json,ch52-l09,4,52,A Condition and Its Response — مَنْ … فَـ,GRAMMAR_NOTE,Where the condition stops,Where the condition stops,"Two doors in a line, the first standing open onto a short path that leads to the second, which is lit from within; no figures"
ch52-who-or-whoever-panels.png,chapter-52-lesson-05.json,ch52-l09,3,52,A Condition and Its Response — مَنْ … فَـ,CONTRAST,,Question or condition?,"Split panel: left, an empty chair with a question-mark-shaped lamp above it; right, a path that continues past a signpost to a lit doorway. No lettering, no figures"
ch52-reliance-lantern-symbolic.png,chapter-52-lesson-05.json,ch52-l09,5,52,A Condition and Its Response — مَنْ … فَـ,AYAH_PREVIEW,وَمَن يَتَوَكَّلْ عَلَى اللَّهِ فَهُوَ حَسْبُهُ,And whoever relies upon Allah — then He is sufficient for him,"Symbolic: a lit lantern resting on an open palm held up at dusk, no face"
ch52-night-desert-stars-calm.png,chapter-52-lesson-07.json,ch52-l07,1,52,Al-Qadr — The Whole Surah,CONCEPT,لَيْلَةٌ وَاحِدَةٌ تُوصَفُ,"One night, described","A wide still desert under a field of stars, a low crescent moon and a faint line of light along the horizon; no figures"
ch52-night-desert-stars-calm.png,chapter-52-lesson-07.json,ch52-l07,2,52,Al-Qadr — The Whole Surah,AYAH_PREVIEW,إِنَّا أَنزَلْنَاهُ فِي لَيْلَةِ الْقَدْرِ,"Indeed, We sent it [i.e., the Qur’ān] down during the Night of Decree.","A wide still desert under a field of stars, a low crescent moon and a faint line of light along the horizon; no figures"
ch52-night-desert-stars-calm.png,chapter-52-lesson-07.json,ch52-l07,7,52,Al-Qadr — The Whole Surah,AYAH_PREVIEW,إِنَّا أَنزَلْنَاهُ فِي لَيْلَةِ الْقَدْرِ وَمَا أَدْرَاكَ مَا لَيْلَةُ الْقَدْرِ لَيْلَةُ الْقَدْرِ خَيْرٌ مِّنْ أَلْفِ شَهْرٍ تَنَزَّلُ الْمَلَائِكَةُ وَالرُّوحُ فِيهَا بِإِذْنِ رَبِّهِم مِّن كُلِّ أَمْرٍ سَلَامٌ هِيَ حَتَّىٰ مَطْلَعِ الْفَجْرِ,"Indeed, We sent it [i.e., the Qur’ān] down during the Night of Decree. And what can make you know what is the Night of Decree? The Night of Decree is better than a thousand months. The angels and the Spirit [i.e., Gabriel] descend therein by permission of their Lord for every matter. Peace it is until the emergence of dawn.","A wide still desert under a field of stars, a low crescent moon and a faint line of light along the horizon; no figures"
ch52-night-question-open-sky.png,chapter-52-lesson-07.json,ch52-l07,3,52,Al-Qadr — The Whole Surah,AYAH_PREVIEW,وَمَا أَدْرَاكَ مَا لَيْلَةُ الْقَدْرِ,And what can make you know what is the Night of Decree?,A single lantern on a dune looking out over a dark open sky; no figures
ch52-night-scale-thousand-months.png,chapter-52-lesson-07.json,ch52-l07,4,52,Al-Qadr — The Whole Surah,AYAH_PREVIEW,لَيْلَةُ الْقَدْرِ خَيْرٌ مِّنْ أَلْفِ شَهْرٍ,The Night of Decree is better than a thousand months.,A long row of small crescent moons in a line across a plain next to one large glowing one; no figures
ch52-columns-of-light-descend.png,chapter-52-lesson-07.json,ch52-l07,5,52,Al-Qadr — The Whole Surah,AYAH_PREVIEW,تَنَزَّلُ الْمَلَائِكَةُ وَالرُّوحُ فِيهَا بِإِذْنِ رَبِّهِم مِّن كُلِّ أَمْرٍ,"The angels and the Spirit [i.e., Gabriel] descend therein by permission of their Lord for every matter.",Symbolic: soft columns of light descending from a night sky onto a quiet courtyard; no figures
ch52-peace-until-dawn-horizon.png,chapter-52-lesson-07.json,ch52-l07,6,52,Al-Qadr — The Whole Surah,AYAH_PREVIEW,سَلَامٌ هِيَ حَتَّىٰ مَطْلَعِ الْفَجْرِ,Peace it is until the emergence of dawn.,A quiet courtyard just before sunrise with a thin line of dawn light on the horizon; no figures
ch52-four-parts-signposts.png,chapter-52-lesson-08.json,ch52-l08,1,52,At-Tin — The Whole Surah,CONCEPT,سُورَةٌ فِي أَرْبَعَةِ أَجْزَاءٍ,A surah in four parts,"Four wooden signposts in a row along a path, each pointing in a slightly different direction; no lettering, no figures"
ch52-four-parts-signposts.png,chapter-52-lesson-08.json,ch52-l08,8,52,At-Tin — The Whole Surah,AYAH_PREVIEW,وَالتِّينِ وَالزَّيْتُونِ وَطُورِ سِينِينَ وَهَٰذَا الْبَلَدِ الْأَمِينِ لَقَدْ خَلَقْنَا الْإِنسَانَ فِي أَحْسَنِ تَقْوِيمٍ ثُمَّ رَدَدْنَاهُ أَسْفَلَ سَافِلِينَ إِلَّا الَّذِينَ آمَنُوا وَعَمِلُوا الصَّالِحَاتِ فَلَهُمْ أَجْرٌ غَيْرُ مَمْنُونٍ فَمَا يُكَذِّبُكَ بَعْدُ بِالدِّينِ أَلَيْسَ اللَّهُ بِأَحْكَمِ الْحَاكِمِينَ,"By the fig and the olive And [by] Mount Sinai And [by] this secure city [i.e., Makkah], We have certainly created man in the best of stature; Then We return him to the lowest of the low, Except for those who believe and do righteous deeds, for they will have a reward uninterrupted. So what yet causes you to deny the Recompense? Is not Allāh the most just of judges?","Four wooden signposts in a row along a path, each pointing in a slightly different direction; no lettering, no figures"
ch52-fig-olive-sinai-city.png,chapter-52-lesson-08.json,ch52-l08,2,52,At-Tin — The Whole Surah,AYAH_PREVIEW,وَالتِّينِ وَالزَّيْتُونِ وَطُورِ سِينِينَ وَهَٰذَا الْبَلَدِ الْأَمِينِ,"By the fig and the olive And [by] Mount Sinai And [by] this secure city [i.e., Makkah],","A fig tree and an olive tree in the foreground, a rocky mountain behind them and a calm walled city in the far distance; no figures"
ch52-best-form-vessel.png,chapter-52-lesson-08.json,ch52-l08,3,52,At-Tin — The Whole Surah,AYAH_PREVIEW,لَقَدْ خَلَقْنَا الْإِنسَانَ فِي أَحْسَنِ تَقْوِيمٍ,We have certainly created man in the best of stature;,A finely balanced clay vessel with an even shape standing on a flat table in morning light; no figures
ch52-lowest-of-low-stairs-down.png,chapter-52-lesson-08.json,ch52-l08,4,52,At-Tin — The Whole Surah,AYAH_PREVIEW,ثُمَّ رَدَدْنَاهُ أَسْفَلَ سَافِلِينَ,"Then We return him to the lowest of the low,","A long stone staircase descending into shadow, one lit step at the top; no figures"
ch52-exception-open-gate.png,chapter-52-lesson-08.json,ch52-l08,5,52,At-Tin — The Whole Surah,AYAH_PREVIEW,إِلَّا الَّذِينَ آمَنُوا وَعَمِلُوا الصَّالِحَاتِ فَلَهُمْ أَجْرٌ غَيْرُ مَمْنُونٍ,"Except for those who believe and do righteous deeds, for they will have a reward uninterrupted.",A closed row of gates with one gate standing open onto a lit garden path; no figures
ch52-questions-empty-desk.png,chapter-52-lesson-08.json,ch52-l08,6,52,At-Tin — The Whole Surah,AYAH_PREVIEW,فَمَا يُكَذِّبُكَ بَعْدُ بِالدِّينِ,So what yet causes you to deny the Recompense?,"An empty desk with an open notebook and two small lamps, each throwing a pool of light; no figures"
ch52-questions-empty-desk.png,chapter-52-lesson-08.json,ch52-l08,7,52,At-Tin — The Whole Surah,AYAH_PREVIEW,أَلَيْسَ اللَّهُ بِأَحْكَمِ الْحَاكِمِينَ,Is not Allāh the most just of judges?,"An empty desk with an open notebook and two small lamps, each throwing a pool of light; no figures"
ch52-review-reading-desk.png,chapter-52-lesson-09-review.json,ch52-l06,1,52,Chapter 52 Review — Integration,CONCEPT,خُلَاصَةُ الْبَابِ,Chapter 52 summary,"A reading desk with an open book, a ribbon bookmark and a small notepad with three ticks; no figures"
ch52-review-reading-desk.png,chapter-52-lesson-09-review.json,ch52-l06,2,52,Chapter 52 Review — Integration,GRAMMAR_NOTE,Boundaries first,Boundaries first,"A reading desk with an open book, a ribbon bookmark and a small notepad with three ticks; no figures"
ch56-dual-construct-two-books-desk.png,chapter-56-lesson-06.json,ch56-l04,1,56,The Dual as First Term — المثنى المضاف,CONCEPT,الْمُثَنَّى الْمُضَافُ,The dual loses its نِ as the first term of an iḍāfa,Two closed books side by side on a school desk next to a small pencil case; no figures
ch56-dual-construct-two-books-desk.png,chapter-56-lesson-06.json,ch56-l04,2,56,The Dual as First Term — المثنى المضاف,CONTRAST,,Ordinary dual / dual as first term,Two closed books side by side on a school desk next to a small pencil case; no figures
ch56-dual-construct-two-books-desk.png,chapter-56-lesson-06.json,ch56-l04,5,56,The Dual as First Term — المثنى المضاف,EXAMPLE,رَأَيْتُ طَالِبَيِ الْمَدْرَسَةِ,I saw the school's two students,Two closed books side by side on a school desk next to a small pencil case; no figures
ch56-dual-hands-open-symbolic.png,chapter-56-lesson-06.json,ch56-l04,3,56,The Dual as First Term — المثنى المضاف,AYAH_PREVIEW,يَدَا أَبِي لَهَبٍ,the two hands of Abu Lahab,"Symbolic: two open empty palms made of pale stone resting on a cloth; no faces, no figure"
ch56-dual-two-gate-posts.png,chapter-56-lesson-06.json,ch56-l04,4,56,The Dual as First Term — المثنى المضاف,AYAH_PREVIEW,نَبَأَ ابْنَيْ آدَمَ,the news of the two sons of Adam,Two matching gate posts of a school courtyard in morning light; no figures
ch56-dual-two-gardens-walled.png,chapter-56-lesson-06.json,ch56-l04,6,56,The Dual as First Term — المثنى المضاف,AYAH_PREVIEW,وَلِمَنْ خَافَ مَقَامَ رَبِّهِ جَنَّتَانِ,But for he who has feared the position of his Lord are two gardens -,"Two small walled gardens side by side, each with a single tree; no figures"
ch56-dual-rule-two-keys-note.png,chapter-56-lesson-06.json,ch56-l04,7,56,The Dual as First Term — المثنى المضاف,GRAMMAR_NOTE,The head's role decides its ending,The head's role decides its ending,Two small brass keys on a notebook page beside a short pencil; no figures
ch56-dual-relative-two-lamps.png,chapter-56-lesson-07.json,ch56-l05,1,56,The Dual Relatives — اللَّذَانِ وَاللَّتَانِ,CONCEPT,الْأَسْمَاءُ الْمَوْصُولَةُ لِلْمُثَنَّى,The dual relatives,"Two lamps of the same shape on a table, one slightly taller, lit together; no figures"
ch56-dual-relative-two-lamps.png,chapter-56-lesson-07.json,ch56-l05,2,56,The Dual Relatives — اللَّذَانِ وَاللَّتَانِ,CONTRAST,,"One, two, many","Two lamps of the same shape on a table, one slightly taller, lit together; no figures"
ch56-dual-relative-two-paths.png,chapter-56-lesson-07.json,ch56-l05,3,56,The Dual Relatives — اللَّذَانِ وَاللَّتَانِ,AYAH_PREVIEW,وَاللَّذَانِ يَأْتِيَانِهَا مِنكُمْ,And the two who commit it among you,Two parallel footpaths crossing a field toward a mosque gate; no figures
ch56-dual-relative-two-paths.png,chapter-56-lesson-07.json,ch56-l05,4,56,The Dual Relatives — اللَّذَانِ وَاللَّتَانِ,AYAH_PREVIEW,رَبَّنَا أَرِنَا اللَّذَيْنِ أَضَلَّانَا,"Our Lord, show us the two who misled us",Two parallel footpaths crossing a field toward a mosque gate; no figures
ch56-dual-relative-two-notebooks.png,chapter-56-lesson-07.json,ch56-l05,5,56,The Dual Relatives — اللَّذَانِ وَاللَّتَانِ,EXAMPLE,الطَّالِبَتَانِ اللَّتَانِ كَتَبَتَا الدَّرْسَ,the two (female) students who wrote the lesson,Two exercise notebooks with pencils laid across them on a desk; no figures
ch56-dual-relative-two-notebooks.png,chapter-56-lesson-07.json,ch56-l05,6,56,The Dual Relatives — اللَّذَانِ وَاللَّتَانِ,EXAMPLE,سَلَّمْتُ عَلَى الطَّالِبَتَيْنِ اللَّتَيْنِ كَتَبَتَا الدَّرْسَ,I greeted the two (female) students who wrote the lesson,Two exercise notebooks with pencils laid across them on a desk; no figures
ch56-relative-keeps-form-stamp.png,chapter-56-lesson-07.json,ch56-l05,7,56,The Dual Relatives — اللَّذَانِ وَاللَّتَانِ,GRAMMAR_NOTE,The relative keeps its full form,The relative keeps its full form,"A small rubber stamp with a complete word impression beside an ink pad, nothing cut off; no figures"
ch56-abasa-two-arrivals-doorway.png,chapter-56-lesson-08.json,ch56-l10,1,56,Abasa I — 80:1–16,CONCEPT,عَبَسَ — شَخْصَانِ وَتَذْكِرَةٌ وَاحِدَةٌ,"Two people, one reminder","A pale doorway with two sets of footprints approaching it across a dusty floor, one hurried and one slow; no figures"
ch56-abasa-two-arrivals-doorway.png,chapter-56-lesson-08.json,ch56-l10,2,56,Abasa I — 80:1–16,AYAH_PREVIEW,عَبَسَ وَتَوَلَّىٰ أَن جَاءَهُ الْأَعْمَىٰ وَمَا يُدْرِيكَ لَعَلَّهُ يَزَّكَّىٰ أَوْ يَذَّكَّرُ فَتَنفَعَهُ الذِّكْرَىٰ,"He [i.e., the Prophet (ﷺ) ] frowned and turned away Because there came to him the blind man, [interrupting]. But what would make you perceive, [O Muḥammad], that perhaps he might be purified Or be reminded and the remembrance would benefit him?","A pale doorway with two sets of footprints approaching it across a dusty floor, one hurried and one slow; no figures"
ch56-abasa-contrast-two-lamps.png,chapter-56-lesson-08.json,ch56-l10,3,56,Abasa I — 80:1–16,AYAH_PREVIEW,أَمَّا مَنِ اسْتَغْنَىٰ فَأَنتَ لَهُ تَصَدَّىٰ وَمَا عَلَيْكَ أَلَّا يَزَّكَّىٰ وَأَمَّا مَن جَاءَكَ يَسْعَىٰ وَهُوَ يَخْشَىٰ فَأَنتَ عَنْهُ تَلَهَّىٰ,"As for he who thinks himself without need, To him you give attention. And not upon you [is any blame] if he will not be purified. But as for he who came to you striving [for knowledge] While he fears [Allāh], From him you are distracted.","Two lamps on a table, one dimmed with a cloth over it and one burning brightly; no figures"
ch56-abasa-honoured-pages-shelf.png,chapter-56-lesson-08.json,ch56-l10,4,56,Abasa I — 80:1–16,AYAH_PREVIEW,كَلَّا إِنَّهَا تَذْكِرَةٌ فَمَن شَاءَ ذَكَرَهُ فِي صُحُفٍ مُّكَرَّمَةٍ مَّرْفُوعَةٍ مُّطَهَّرَةٍ بِأَيْدِي سَفَرَةٍ كِرَامٍ بَرَرَةٍ,"No! Indeed, they [i.e., these verses] are a reminder; So whoever wills may remember it. [It is recorded] in honored sheets, Exalted and purified, [Carried] by the hands of messenger-angels, Noble and dutiful.","A high wooden shelf with a few clean stacked pages bound in cloth, light falling on them; no figures"
ch56-abasa-first-sixteen-scroll.png,chapter-56-lesson-08.json,ch56-l10,5,56,Abasa I — 80:1–16,AYAH_PREVIEW,عَبَسَ وَتَوَلَّىٰ أَن جَاءَهُ الْأَعْمَىٰ وَمَا يُدْرِيكَ لَعَلَّهُ يَزَّكَّىٰ أَوْ يَذَّكَّرُ فَتَنفَعَهُ الذِّكْرَىٰ أَمَّا مَنِ اسْتَغْنَىٰ فَأَنتَ لَهُ تَصَدَّىٰ وَمَا عَلَيْكَ أَلَّا يَزَّكَّىٰ وَأَمَّا مَن جَاءَكَ يَسْعَىٰ وَهُوَ يَخْشَىٰ فَأَنتَ عَنْهُ تَلَهَّىٰ كَلَّا إِنَّهَا تَذْكِرَةٌ فَمَن شَاءَ ذَكَرَهُ فِي صُحُفٍ مُّكَرَّمَةٍ مَّرْفُوعَةٍ مُّطَهَّرَةٍ بِأَيْدِي سَفَرَةٍ كِرَامٍ بَرَرَةٍ,"He [i.e., the Prophet (ﷺ) ] frowned and turned away Because there came to him the blind man, [interrupting]. But what would make you perceive, [O Muḥammad], that perhaps he might be purified Or be reminded and the remembrance would benefit him? As for he who thinks himself without need, To him you give attention. And not upon you [is any blame] if he will not be purified. But as for he who came to you striving [for knowledge] While he fears [Allāh], From him you are distracted. No! Indeed, they [i.e., these verses] are a reminder; So whoever wills may remember it. [It is recorded] in honored sheets, Exalted and purified, [Carried] by the hands of messenger-angels, Noble and dutiful.","A long scroll laid flat on a low table, partly unrolled, with a stone paperweight on one end; no figures"
ch56-abasa-he-you-signposts.png,chapter-56-lesson-08.json,ch56-l10,6,56,Abasa I — 80:1–16,GRAMMAR_NOTE,Read the pronouns,Read the pronouns,"Two simple signposts on a path, one pointing left and one pointing right, with a bare tree between them; no figures"
ch56-abasa-cursed-question-empty-chair.png,chapter-56-lesson-09.json,ch56-l11,1,56,Abasa II — 80:17–23,CONCEPT,مِنْ نُطْفَةٍ إِلَى الْبَعْثِ,From a drop to the grave to being raised,An empty wooden chair in a bare room with a single window; no figures
ch56-abasa-drop-on-leaf.png,chapter-56-lesson-09.json,ch56-l11,2,56,Abasa II — 80:17–23,AYAH_PREVIEW,قُتِلَ الْإِنسَانُ مَا أَكْفَرَهُ مِنْ أَيِّ شَيْءٍ خَلَقَهُ مِن نُّطْفَةٍ خَلَقَهُ فَقَدَّرَهُ,"Destroyed [i.e., cursed] is man; how disbelieving is he. From what thing [i.e., substance] did He create him? From a sperm-drop He created him and destined for him;",A single water drop resting on a green leaf in soft light; no figures
ch56-abasa-way-eased-path-to-grave-to-sky.png,chapter-56-lesson-09.json,ch56-l11,3,56,Abasa II — 80:17–23,AYAH_PREVIEW,ثُمَّ السَّبِيلَ يَسَّرَهُ ثُمَّ أَمَاتَهُ فَأَقْبَرَهُ ثُمَّ إِذَا شَاءَ أَنشَرَهُ,"Then He eased the way for him; Then He causes his death and provides a grave for him. Then when He wills, He will resurrect him.",A smooth stone path leading up a gentle slope toward an open sky with scattered clouds; no figures
ch56-abasa-not-yet-unfinished-task.png,chapter-56-lesson-09.json,ch56-l11,4,56,Abasa II — 80:17–23,AYAH_PREVIEW,كَلَّا لَمَّا يَقْضِ مَا أَمَرَهُ,"No! He [i.e., man] has not yet accomplished what He commanded him.",A half-finished row of stones on a table beside an open hand-drawn plan; no figures
ch56-abasa-not-yet-unfinished-task.png,chapter-56-lesson-09.json,ch56-l11,5,56,Abasa II — 80:17–23,AYAH_PREVIEW,قُتِلَ الْإِنسَانُ مَا أَكْفَرَهُ مِنْ أَيِّ شَيْءٍ خَلَقَهُ مِن نُّطْفَةٍ خَلَقَهُ فَقَدَّرَهُ ثُمَّ السَّبِيلَ يَسَّرَهُ ثُمَّ أَمَاتَهُ فَأَقْبَرَهُ ثُمَّ إِذَا شَاءَ أَنشَرَهُ كَلَّا لَمَّا يَقْضِ مَا أَمَرَهُ,"Destroyed [i.e., cursed] is man; how disbelieving is he. From what thing [i.e., substance] did He create him? From a sperm-drop He created him and destined for him; Then He eased the way for him; Then He causes his death and provides a grave for him. Then when He wills, He will resurrect him. No! He [i.e., man] has not yet accomplished what He commanded him.",A half-finished row of stones on a table beside an open hand-drawn plan; no figures
ch56-abasa-then-stepping-stones.png,chapter-56-lesson-09.json,ch56-l11,6,56,Abasa II — 80:17–23,GRAMMAR_NOTE,ثُمَّ keeps the order,ثُمَّ keeps the order,"A line of stepping stones across a shallow stream, each marked with a small scratch; no figures"
ch56-abasa-look-at-food-table.png,chapter-56-lesson-10.json,ch56-l12,1,56,Abasa III — 80:24–32,CONCEPT,فَلْيَنظُرِ الْإِنسَانُ إِلَى طَعَامِهِ,Look at your food,"A simple wooden table with a loaf, a bowl of olives and a bunch of grapes, seen from above; no figures"
ch56-abasa-rain-and-split-earth.png,chapter-56-lesson-10.json,ch56-l12,2,56,Abasa III — 80:24–32,AYAH_PREVIEW,فَلْيَنظُرِ الْإِنسَانُ إِلَىٰ طَعَامِهِ أَنَّا صَبَبْنَا الْمَاءَ صَبًّا ثُمَّ شَقَقْنَا الْأَرْضَ شَقًّا فَأَنبَتْنَا فِيهَا حَبًّا,"Then let mankind look at his food - How We poured down water in torrents, Then We broke open the earth, splitting [it with sprouts], And caused to grow within it grain",Rain falling on dry ploughed earth with a long furrow opening across it; no figures
ch56-abasa-harvest-list-orchard.png,chapter-56-lesson-10.json,ch56-l12,3,56,Abasa III — 80:24–32,AYAH_PREVIEW,وَعِنَبًا وَقَضْبًا وَزَيْتُونًا وَنَخْلًا وَحَدَائِقَ غُلْبًا وَفَاكِهَةً وَأَبًّا,And grapes and herbage And olive and palm trees And gardens of dense shrubbery And fruit and grass -,"An orchard edge with a vine, an olive tree and date palms, a haystack nearby; no figures"
ch56-abasa-provision-meadow-flock.png,chapter-56-lesson-10.json,ch56-l12,4,56,Abasa III — 80:24–32,AYAH_PREVIEW,مَّتَاعًا لَّكُمْ وَلِأَنْعَامِكُمْ,"[As] enjoyment [i.e., provision] for you and your grazing livestock.",A green meadow edge with a few grazing sheep seen from behind and a basket of fruit by the fence; no faces
ch56-abasa-provision-meadow-flock.png,chapter-56-lesson-10.json,ch56-l12,5,56,Abasa III — 80:24–32,AYAH_PREVIEW,فَلْيَنظُرِ الْإِنسَانُ إِلَىٰ طَعَامِهِ أَنَّا صَبَبْنَا الْمَاءَ صَبًّا ثُمَّ شَقَقْنَا الْأَرْضَ شَقًّا فَأَنبَتْنَا فِيهَا حَبًّا وَعِنَبًا وَقَضْبًا وَزَيْتُونًا وَنَخْلًا وَحَدَائِقَ غُلْبًا وَفَاكِهَةً وَأَبًّا مَّتَاعًا لَّكُمْ وَلِأَنْعَامِكُمْ,"Then let mankind look at his food - How We poured down water in torrents, Then We broke open the earth, splitting [it with sprouts], And caused to grow within it grain And grapes and herbage And olive and palm trees And gardens of dense shrubbery And fruit and grass - [As] enjoyment [i.e., provision] for you and your grazing livestock.",A green meadow edge with a few grazing sheep seen from behind and a basket of fruit by the fence; no faces
ch56-abasa-own-verbal-noun-note.png,chapter-56-lesson-10.json,ch56-l12,6,56,Abasa III — 80:24–32,GRAMMAR_NOTE,A word and its own verbal noun,A word and its own verbal noun,A page with two short underlined words side by side and a pencil lying across it; no figures
ch56-abasa-the-blast-open-sky-dust.png,chapter-56-lesson-11.json,ch56-l13,1,56,Abasa IV — 80:33–42 and the Whole Surah,CONCEPT,الصَّاخَّةُ وَالْوُجُوهُ,"The Day, the family, and two kinds of faces",A wide empty plain under a pale sky with a faint line of dust rising on the horizon; no figures
ch56-abasa-the-blast-open-sky-dust.png,chapter-56-lesson-11.json,ch56-l13,2,56,Abasa IV — 80:33–42 and the Whole Surah,AYAH_PREVIEW,فَإِذَا جَاءَتِ الصَّاخَّةُ يَوْمَ يَفِرُّ الْمَرْءُ مِنْ أَخِيهِ وَأُمِّهِ وَأَبِيهِ وَصَاحِبَتِهِ وَبَنِيهِ,"But when there comes the Deafening Blast On the Day a man will flee from his brother And his mother and his father And his wife and his children,",A wide empty plain under a pale sky with a faint line of dust rising on the horizon; no figures
ch56-abasa-every-path-its-own.png,chapter-56-lesson-11.json,ch56-l13,3,56,Abasa IV — 80:33–42 and the Whole Surah,AYAH_PREVIEW,لِكُلِّ امْرِئٍ مِّنْهُمْ يَوْمَئِذٍ شَأْنٌ يُغْنِيهِ,"For every man, that Day, will be a matter adequate for him.","Several separate footpaths leaving a single crossing in different directions, each lit differently; no figures"
ch56-abasa-bright-lamplit-window.png,chapter-56-lesson-11.json,ch56-l13,4,56,Abasa IV — 80:33–42 and the Whole Surah,AYAH_PREVIEW,وُجُوهٌ يَوْمَئِذٍ مُّسْفِرَةٌ ضَاحِكَةٌ مُّسْتَبْشِرَةٌ,"[Some] faces, that Day, will be bright - Laughing, rejoicing at good news.","A bright, open window with warm light spilling out onto a clean step; no faces"
ch56-abasa-dust-and-dark-wall.png,chapter-56-lesson-11.json,ch56-l13,5,56,Abasa IV — 80:33–42 and the Whole Surah,AYAH_PREVIEW,وَوُجُوهٌ يَوْمَئِذٍ عَلَيْهَا غَبَرَةٌ تَرْهَقُهَا قَتَرَةٌ أُولَٰئِكَ هُمُ الْكَفَرَةُ الْفَجَرَةُ,"And [other] faces, that Day, will have upon them dust. Blackness will cover them. Those are the disbelievers, the wicked ones.",A grey wall streaked with dust and a heavy dark cloth hanging over a doorway; no faces
ch56-abasa-whole-surah-three-roads.png,chapter-56-lesson-11.json,ch56-l13,6,56,Abasa IV — 80:33–42 and the Whole Surah,AYAH_PREVIEW,عَبَسَ وَتَوَلَّىٰ أَن جَاءَهُ الْأَعْمَىٰ وَمَا يُدْرِيكَ لَعَلَّهُ يَزَّكَّىٰ أَوْ يَذَّكَّرُ فَتَنفَعَهُ الذِّكْرَىٰ أَمَّا مَنِ اسْتَغْنَىٰ فَأَنتَ لَهُ تَصَدَّىٰ وَمَا عَلَيْكَ أَلَّا يَزَّكَّىٰ وَأَمَّا مَن جَاءَكَ يَسْعَىٰ وَهُوَ يَخْشَىٰ فَأَنتَ عَنْهُ تَلَهَّىٰ كَلَّا إِنَّهَا تَذْكِرَةٌ فَمَن شَاءَ ذَكَرَهُ فِي صُحُفٍ مُّكَرَّمَةٍ مَّرْفُوعَةٍ مُّطَهَّرَةٍ بِأَيْدِي سَفَرَةٍ كِرَامٍ بَرَرَةٍ قُتِلَ الْإِنسَانُ مَا أَكْفَرَهُ مِنْ أَيِّ شَيْءٍ خَلَقَهُ مِن نُّطْفَةٍ خَلَقَهُ فَقَدَّرَهُ ثُمَّ السَّبِيلَ يَسَّرَهُ ثُمَّ أَمَاتَهُ فَأَقْبَرَهُ ثُمَّ إِذَا شَاءَ أَنشَرَهُ كَلَّا لَمَّا يَقْضِ مَا أَمَرَهُ فَلْيَنظُرِ الْإِنسَانُ إِلَىٰ طَعَامِهِ أَنَّا صَبَبْنَا الْمَاءَ صَبًّا ثُمَّ شَقَقْنَا الْأَرْضَ شَقًّا فَأَنبَتْنَا فِيهَا حَبًّا وَعِنَبًا وَقَضْبًا وَزَيْتُونًا وَنَخْلًا وَحَدَائِقَ غُلْبًا وَفَاكِهَةً وَأَبًّا مَّتَاعًا لَّكُمْ وَلِأَنْعَامِكُمْ فَإِذَا جَاءَتِ الصَّاخَّةُ يَوْمَ يَفِرُّ الْمَرْءُ مِنْ أَخِيهِ وَأُمِّهِ وَأَبِيهِ وَصَاحِبَتِهِ وَبَنِيهِ لِكُلِّ امْرِئٍ مِّنْهُمْ يَوْمَئِذٍ شَأْنٌ يُغْنِيهِ وُجُوهٌ يَوْمَئِذٍ مُّسْفِرَةٌ ضَاحِكَةٌ مُّسْتَبْشِرَةٌ وَوُجُوهٌ يَوْمَئِذٍ عَلَيْهَا غَبَرَةٌ تَرْهَقُهَا قَتَرَةٌ أُولَٰئِكَ هُمُ الْكَفَرَةُ الْفَجَرَةُ,"He [i.e., the Prophet (ﷺ) ] frowned and turned away Because there came to him the blind man, [interrupting]. But what would make you perceive, [O Muḥammad], that perhaps he might be purified Or be reminded and the remembrance would benefit him? As for he who thinks himself without need, To him you give attention. And not upon you [is any blame] if he will not be purified. But as for he who came to you striving [for knowledge] While he fears [Allāh], From him you are distracted. No! Indeed, they [i.e., these verses] are a reminder; So whoever wills may remember it. [It is recorded] in honored sheets, Exalted and purified, [Carried] by the hands of messenger-angels, Noble and dutiful. Destroyed [i.e., cursed] is man; how disbelieving is he. From what thing [i.e., substance] did He create him? From a sperm-drop He created him and destined for him; Then He eased the way for him; Then He causes his death and provides a grave for him. Then when He wills, He will resurrect him. No! He [i.e., man] has not yet accomplished what He commanded him. Then let mankind look at his food - How We poured down water in torrents, Then We broke open the earth, splitting [it with sprouts], And caused to grow within it grain And grapes and herbage And olive and palm trees And gardens of dense shrubbery And fruit and grass - [As] enjoyment [i.e., provision] for you and your grazing livestock. But when there comes the Deafening Blast On the Day a man will flee from his brother And his mother and his father And his wife and his children, For every man, that Day, will be a matter adequate for him. [Some] faces, that Day, will be bright - Laughing, rejoicing at good news. And [other] faces, that Day, will have upon them dust. Blackness will cover them. Those are the disbelievers, the wicked ones.","Three roads of different widths meeting at one tall stone marker, each beginning at the bottom edge; no figures"
ch56-abasa-five-nouns-genitive-note.png,chapter-56-lesson-11.json,ch56-l13,7,56,Abasa IV — 80:33–42 and the Whole Surah,GRAMMAR_NOTE,"Five nouns, in context","Five nouns, in context","A short wooden ruler lying across two small cards, one with a ي mark drawn on it; no figures"
ch56-review-special-nouns-desk.png,chapter-56-lesson-12-review.json,ch56-l08,1,56,Chapter 56 Review — Special Nouns,CONCEPT,خُلَاصَةُ الْبَابِ,Chapter 56 summary,"A reading desk with an open notebook, four small cards labelled with different final letters and a pencil; no figures"
ch56-review-special-nouns-desk.png,chapter-56-lesson-12-review.json,ch56-l08,2,56,Chapter 56 Review — Special Nouns,GRAMMAR_NOTE,"Check the sentence, then the ending","Check the sentence, then the ending","A reading desk with an open notebook, four small cards labelled with different final letters and a pencil; no figures"
ch57-hollow-rope-short-and-long.png,chapter-57-lesson-04.json,ch57-l11,1,57,Hollow Verbs and the Moods — الأجوف والمزاج,CONCEPT,الْأَجْوَفُ بَيْنَ الرَّفْعِ وَالنَّصْبِ وَالْجَزْمِ,Hollow verbs shorten in the jussive,A long rope and a shorter cut piece of the same rope lying side by side on a wooden floor; no figures
ch57-hollow-rope-short-and-long.png,chapter-57-lesson-04.json,ch57-l11,2,57,Hollow Verbs and the Moods — الأجوف والمزاج,CONTRAST,,قَالَ — three states,A long rope and a shorter cut piece of the same rope lying side by side on a wooden floor; no figures
ch57-hollow-rope-short-and-long.png,chapter-57-lesson-04.json,ch57-l11,3,57,Hollow Verbs and the Moods — الأجوف والمزاج,CONTRAST,,كَانَ — three states,A long rope and a shorter cut piece of the same rope lying side by side on a wooden floor; no figures
ch57-hollow-lamp-always-lit.png,chapter-57-lesson-04.json,ch57-l11,4,57,Hollow Verbs and the Moods — الأجوف والمزاج,AYAH_PREVIEW,وَلَمْ يَكُن لَّهُ كُفُوًا أَحَدٌ,"Nor is there to Him any equivalent.""",A small lamp burning steadily on a bare shelf beside an empty niche; no figures
ch57-hollow-lamp-always-lit.png,chapter-57-lesson-04.json,ch57-l11,5,57,Hollow Verbs and the Moods — الأجوف والمزاج,AYAH_PREVIEW,وَأَنَّا ظَنَنَّا أَن لَّن تَقُولَ الْإِنسُ وَالْجِنُّ عَلَى اللَّهِ كَذِبًا,And we had thought that mankind and the jinn would never speak about Allāh a lie.,A small lamp burning steadily on a bare shelf beside an empty niche; no figures
ch57-hollow-nothing-said-page.png,chapter-57-lesson-04.json,ch57-l11,6,57,Hollow Verbs and the Moods — الأجوف والمزاج,EXAMPLE,لَمْ يَقُلْ شَيْئًا,He did not say anything.,A blank page with a pen resting across it and an empty inkwell; no figures
ch57-hollow-governor-signpost.png,chapter-57-lesson-04.json,ch57-l11,7,57,Hollow Verbs and the Moods — الأجوف والمزاج,GRAMMAR_NOTE,"The governor decides, not the stem","The governor decides, not the stem",A signpost with three plain arms pointing different ways at a quiet crossing; no figures
ch57-final-weak-three-states-thread.png,chapter-57-lesson-05.json,ch57-l12,1,57,Final-Weak Verbs and the Moods — الناقص والمزاج,CONCEPT,النَّاقِصُ بَيْنَ الرَّفْعِ وَالنَّصْبِ وَالْجَزْمِ,"Final-weak verbs: the weak letter stays, shows or goes","Three lengths of the same thread laid out in a row: whole, with a knot, and cut short; no figures"
ch57-final-weak-thrown-stone-ripples.png,chapter-57-lesson-05.json,ch57-l12,2,57,Final-Weak Verbs and the Moods — الناقص والمزاج,WORD,رَمَى,he threw — past; imperfect يَرْمِي,A small stone resting on the edge of a still pond with faint ripples; no figures
ch57-final-weak-thrown-stone-ripples.png,chapter-57-lesson-05.json,ch57-l12,4,57,Final-Weak Verbs and the Moods — الناقص والمزاج,CONTRAST,,رَمَى — three states,A small stone resting on the edge of a still pond with faint ripples; no figures
ch57-final-weak-calling-across-valley.png,chapter-57-lesson-05.json,ch57-l12,3,57,Final-Weak Verbs and the Moods — الناقص والمزاج,WORD,دَعَا,he called — past; imperfect يَدْعُو,An empty valley at dusk with a single lantern on a far ridge; no figures
ch57-final-weak-calling-across-valley.png,chapter-57-lesson-05.json,ch57-l12,5,57,Final-Weak Verbs and the Moods — الناقص والمزاج,CONTRAST,,دَعَا — three states,An empty valley at dusk with a single lantern on a far ridge; no figures
ch57-final-weak-calling-across-valley.png,chapter-57-lesson-05.json,ch57-l12,6,57,Final-Weak Verbs and the Moods — الناقص والمزاج,AYAH_PREVIEW,يَدْعُو مِن دُونِ اللَّهِ مَا لَا يَضُرُّهُ وَمَا لَا يَنفَعُهُ ۚ ذَٰلِكَ هُوَ الضَّلَالُ الْبَعِيدُ,He invokes instead of Allāh that which neither harms him nor benefits him. That is what is the extreme error.,An empty valley at dusk with a single lantern on a far ridge; no figures
ch57-final-weak-jussive-gap.png,chapter-57-lesson-05.json,ch57-l12,7,57,Final-Weak Verbs and the Moods — الناقص والمزاج,AYAH_PREVIEW,كَلَّا لَمَّا يَقْضِ مَا أَمَرَهُ,"No! He [i.e., man] has not yet accomplished what He commanded him.",A row of five small stones with a gap where the last stone has been taken away; no figures
ch57-final-weak-scope-note.png,chapter-57-lesson-05.json,ch57-l12,8,57,Final-Weak Verbs and the Moods — الناقص والمزاج,GRAMMAR_NOTE,Scope and a warning,Scope and a warning,A narrow shelf holding exactly two clay pots with room for no others; no figures
ch57-kana-then-and-now-clock.png,chapter-57-lesson-06.json,ch57-l04,1,57,Kana — كان,CONCEPT,كَانَ — اسْمُهَا مَرْفُوعٌ وَخَبَرُهَا مَنْصُوبٌ,كَانَ — a hollow verb that changes the sentence,"A plain wall clock beside an older wall clock that has stopped, on a shelf; no figures"
ch57-kana-then-and-now-clock.png,chapter-57-lesson-06.json,ch57-l04,2,57,Kana — كان,CONTRAST,,Plain sentence / sentence with كَانَ,"A plain wall clock beside an older wall clock that has stopped, on a shelf; no figures"
ch57-kana-ever-lamp-steady.png,chapter-57-lesson-06.json,ch57-l04,3,57,Kana — كان,AYAH_PREVIEW,وَكَانَ اللَّهُ غَفُورًا رَّحِيمًا,"And Allah is ever Forgiving, Merciful","A lamp burning on a table in an unchanging, quiet room; no figures"
ch57-kana-ever-lamp-steady.png,chapter-57-lesson-06.json,ch57-l04,4,57,Kana — كان,AYAH_PREVIEW,وَكَانَ اللَّهُ عَلَىٰ كُلِّ شَيْءٍ قَدِيرًا,"And ever is Allah, over all things, competent","A lamp burning on a table in an unchanging, quiet room; no figures"
ch57-kana-before-it-door.png,chapter-57-lesson-06.json,ch57-l04,5,57,Kana — كان,AYAH_PREVIEW,إِنَّا كُنَّا مِن قَبْلِهِ مُسْلِمِينَ,"Indeed we were, before it, Muslims",A school doorway seen from the courtyard with the day's first light on the steps; no figures
ch57-kana-before-it-door.png,chapter-57-lesson-06.json,ch57-l04,6,57,Kana — كان,EXAMPLE,كُنَّا مُسْلِمِينَ,We were Muslims.,A school doorway seen from the courtyard with the day's first light on the steps; no figures
ch57-kana-only-one-key.png,chapter-57-lesson-06.json,ch57-l04,7,57,Kana — كان,GRAMMAR_NOTE,Only كَانَ here,Only كَانَ here,A single brass key lying alone on a clean cloth; no figures
ch57-review-governor-desk.png,chapter-57-lesson-12-review.json,ch57-l09,1,57,Chapter 57 Review — Weak Verbs and the Five Verbs,CONCEPT,خُلَاصَةُ الْبَابِ,Chapter 57 summary,"A desk with an open notebook, three small cards in a row and a pencil; no figures"
ch57-review-governor-desk.png,chapter-57-lesson-12-review.json,ch57-l09,2,57,Chapter 57 Review — Weak Verbs and the Five Verbs,GRAMMAR_NOTE,Governor first,Governor first,"A desk with an open notebook, three small cards in a row and a pencil; no figures"
ch58-participle-writing-lesson-desk.png,chapter-58-lesson-04.json,ch58-l09,1,58,A Participle Taking an Object — اسم الفاعل والمفعول,CONCEPT,اسْمُ الْفَاعِلِ يَعْمَلُ عَمَلَ فِعْلِهِ,A participle can take an object,An open exercise book with a pencil mid-line on a school desk in afternoon light; no figures
ch58-participle-writing-lesson-desk.png,chapter-58-lesson-04.json,ch58-l09,2,58,A Participle Taking an Object — اسم الفاعل والمفعول,CONTRAST,,Plain noun / acting participle,An open exercise book with a pencil mid-line on a school desk in afternoon light; no figures
ch58-participle-founding-earth-seed.png,chapter-58-lesson-04.json,ch58-l09,3,58,A Participle Taking an Object — اسم الفاعل والمفعول,AYAH_PREVIEW,إِنِّي جَاعِلٌ فِي الْأَرْضِ خَلِيفَةً,"Indeed, I will make upon the earth a successor",A newly turned patch of earth with a small spade standing in it and a seedling in the foreground; no figures
ch58-participle-dog-threshold-paws.png,chapter-58-lesson-04.json,ch58-l09,4,58,A Participle Taking an Object — اسم الفاعل والمفعول,AYAH_PREVIEW,وَكَلْبُهُم بَاسِطٌ ذِرَاعَيْهِ بِالْوَصِيدِ,And their dog stretches its forelegs at the entrance,A cave mouth with two stone paws laid out across the threshold in symbolic carving; no animal face
ch58-participle-not-iyafa-two-cards.png,chapter-58-lesson-04.json,ch58-l09,5,58,A Participle Taking an Object — اسم الفاعل والمفعول,GRAMMAR_NOTE,Not the same as an iḍāfa,Not the same as an iḍāfa,"Two plain cards side by side on a table, one with a short line drawn under it; no figures"
ch58-reported-speech-two-speech-bubbles-frames.png,chapter-58-lesson-05.json,ch58-l04,1,58,Reported Speech — الْمَقُولُ وَالْمُخَاطَبُ,CONCEPT,الْمَقُولُ وَالْمُخَاطَبُ,What was said and who it was said to,"Two empty rounded frames, a small one inside a larger one, hanging on a plain wall; no figures"
ch58-reported-angels-light-above-earth.png,chapter-58-lesson-05.json,ch58-l04,2,58,Reported Speech — الْمَقُولُ وَالْمُخَاطَبُ,AYAH_PREVIEW,وَإِذْ قَالَ رَبُّكَ لِلْمَلَائِكَةِ إِنِّي جَاعِلٌ فِي الْأَرْضِ خَلِيفَةً ۖ قَالُوا أَتَجْعَلُ فِيهَا مَن يُفْسِدُ فِيهَا وَيَسْفِكُ الدِّمَاءَ وَنَحْنُ نُسَبِّحُ بِحَمْدِكَ وَنُقَدِّسُ لَكَ ۖ قَالَ إِنِّي أَعْلَمُ مَا لَا تَعْلَمُونَ,"And [mention, O Muḥammad], when your Lord said to the angels, ""Indeed, I will make upon the earth a successive authority."" They said, ""Will You place upon it one who causes corruption therein and sheds blood, while we exalt You with praise and declare Your perfection?"" He [Allāh] said, ""Indeed, I know that which you do not know.""","A soft column of light above a quiet green earth, nothing inside it; no figures"
ch58-reported-servant-lamp-and-book.png,chapter-58-lesson-05.json,ch58-l04,3,58,Reported Speech — الْمَقُولُ وَالْمُخَاطَبُ,AYAH_PREVIEW,قَالَ إِنِّي عَبْدُ اللَّهِ,"He said, 'Indeed I am a servant of Allah'",A small oil lamp beside a closed book on a wooden stool; no figures
ch58-reported-teacher-board-chalk.png,chapter-58-lesson-05.json,ch58-l04,4,58,Reported Speech — الْمَقُولُ وَالْمُخَاطَبُ,EXAMPLE,قَالَ الْمُعَلِّمُ لِلطَّالِبِ إِنَّكَ مُجْتَهِدٌ,The teacher said to the student: 'Indeed you are hardworking.',A classroom blackboard with a single short chalk line and a duster on the ledge; no figures
ch58-reported-quote-vs-objects.png,chapter-58-lesson-05.json,ch58-l04,5,58,Reported Speech — الْمَقُولُ وَالْمُخَاطَبُ,CONTRAST,,A quotation / two noun objects,A bracket drawn in chalk around part of a line of writing on a slate; no figures
ch58-reported-quote-vs-objects.png,chapter-58-lesson-05.json,ch58-l04,6,58,Reported Speech — الْمَقُولُ وَالْمُخَاطَبُ,GRAMMAR_NOTE,Read in layers,Read in layers,A bracket drawn in chalk around part of a line of writing on a slate; no figures
ch58-review-layers-desk.png,chapter-58-lesson-07-review.json,ch58-l06,1,58,Chapter 58 Review — Complements and the Sentence,CONCEPT,خُلَاصَةُ الْبَابِ,Chapter 58 summary,A desk with three transparent sheets laid over each other beside a notebook; no figures
ch58-review-layers-desk.png,chapter-58-lesson-07-review.json,ch58-l06,2,58,Chapter 58 Review — Complements and the Sentence,GRAMMAR_NOTE,"Complete clause, then the layers","Complete clause, then the layers",A desk with three transparent sheets laid over each other beside a notebook; no figures
ch59-alaa-highest-clear-sky-dawn.png,chapter-59-lesson-05.json,ch59-l07,1,59,Al-A'la I — 87:1–9,CONCEPT,الَّذِي خَلَقَ … وَالَّذِي قَدَّرَ … وَالَّذِي أَخْرَجَ,"The Lord who made, measured and guided",A wide empty sky at first light above a quiet horizon; no figures
ch59-alaa-created-measured-guided-path.png,chapter-59-lesson-05.json,ch59-l07,2,59,Al-A'la I — 87:1–9,AYAH_PREVIEW,سَبِّحِ اسْمَ رَبِّكَ الْأَعْلَى الَّذِي خَلَقَ فَسَوَّىٰ وَالَّذِي قَدَّرَ فَهَدَىٰ وَالَّذِي أَخْرَجَ الْمَرْعَىٰ,"Exalt the name of your Lord, the Most High, Who created and proportioned And who destined and [then] guided And who brings out the pasture",A level stone path leading away across a plain with small measuring stakes beside it; no figures
ch59-alaa-pasture-turned-dry-straw.png,chapter-59-lesson-05.json,ch59-l07,3,59,Al-A'la I — 87:1–9,AYAH_PREVIEW,فَجَعَلَهُ غُثَاءً أَحْوَىٰ,And [then] makes it black stubble.,A green field edge beside a patch of dried dark straw; no figures
ch59-alaa-promise-open-book-lamp.png,chapter-59-lesson-05.json,ch59-l07,4,59,Al-A'la I — 87:1–9,AYAH_PREVIEW,سَنُقْرِئُكَ فَلَا تَنسَىٰ إِلَّا مَا شَاءَ اللَّهُ ۚ إِنَّهُ يَعْلَمُ الْجَهْرَ وَمَا يَخْفَىٰ وَنُيَسِّرُكَ لِلْيُسْرَىٰ فَذَكِّرْ إِن نَّفَعَتِ الذِّكْرَىٰ,"We will make you recite, [O Muḥammad], and you will not forget, Except what Allāh should will. Indeed, He knows what is declared and what is hidden. And We will ease you toward ease. So remind, if the reminder should benefit;",An open book on a stand with a lit lamp beside it and a window behind; no figures
ch59-alaa-promise-open-book-lamp.png,chapter-59-lesson-05.json,ch59-l07,5,59,Al-A'la I — 87:1–9,AYAH_PREVIEW,سَبِّحِ اسْمَ رَبِّكَ الْأَعْلَى الَّذِي خَلَقَ فَسَوَّىٰ وَالَّذِي قَدَّرَ فَهَدَىٰ وَالَّذِي أَخْرَجَ الْمَرْعَىٰ فَجَعَلَهُ غُثَاءً أَحْوَىٰ سَنُقْرِئُكَ فَلَا تَنسَىٰ إِلَّا مَا شَاءَ اللَّهُ ۚ إِنَّهُ يَعْلَمُ الْجَهْرَ وَمَا يَخْفَىٰ وَنُيَسِّرُكَ لِلْيُسْرَىٰ فَذَكِّرْ إِن نَّفَعَتِ الذِّكْرَىٰ,"Exalt the name of your Lord, the Most High, Who created and proportioned And who destined and [then] guided And who brings out the pasture And [then] makes it black stubble. We will make you recite, [O Muḥammad], and you will not forget, Except what Allāh should will. Indeed, He knows what is declared and what is hidden. And We will ease you toward ease. So remind, if the reminder should benefit;",An open book on a stand with a lit lamp beside it and a window behind; no figures
ch59-alaa-who-is-you-pointing-signpost.png,chapter-59-lesson-05.json,ch59-l07,6,59,Al-A'la I — 87:1–9,GRAMMAR_NOTE,Who is 'you'?,Who is 'you'?,A simple wooden signpost on a path with one arm pointing forward; no figures
ch59-alaa-two-paths-fork-in-the-road.png,chapter-59-lesson-06.json,ch59-l08,1,59,Al-A'la II — 87:10–19 and the Whole Surah,CONCEPT,سَيَذَّكَّرُ مَن يَخْشَىٰ,"Two paths, a choice, and the earlier scrolls","A fork in a dusty road, one branch dark and stony, the other pale and level; no figures"
ch59-alaa-wretched-avoids-dark-turn.png,chapter-59-lesson-06.json,ch59-l08,2,59,Al-A'la II — 87:10–19 and the Whole Surah,AYAH_PREVIEW,سَيَذَّكَّرُ مَن يَخْشَىٰ وَيَتَجَنَّبُهَا الْأَشْقَى الَّذِي يَصْلَى النَّارَ الْكُبْرَىٰ ثُمَّ لَا يَمُوتُ فِيهَا وَلَا يَحْيَىٰ,"He who fears [Allāh] will be reminded. But the wretched one will avoid it [He] who will [enter and] burn in the greatest Fire, Neither dying therein nor living.",A road turning away into a shadowed gap between two rocks; no figures
ch59-alaa-purified-prays-prayer-mat-rising-sun.png,chapter-59-lesson-06.json,ch59-l08,3,59,Al-A'la II — 87:10–19 and the Whole Surah,AYAH_PREVIEW,قَدْ أَفْلَحَ مَن تَزَكَّىٰ وَذَكَرَ اسْمَ رَبِّهِ فَصَلَّىٰ,He has certainly succeeded who purifies himself And mentions the name of his Lord and prays.,A bare prayer mat laid on clean ground in morning sun; no figures
ch59-alaa-prefer-world-hereafter-better-two-lamps.png,chapter-59-lesson-06.json,ch59-l08,4,59,Al-A'la II — 87:10–19 and the Whole Surah,AYAH_PREVIEW,بَلْ تُؤْثِرُونَ الْحَيَاةَ الدُّنْيَا وَالْآخِرَةُ خَيْرٌ وَأَبْقَىٰ إِنَّ هَٰذَا لَفِي الصُّحُفِ الْأُولَىٰ صُحُفِ إِبْرَاهِيمَ وَمُوسَىٰ,"But you prefer the worldly life, While the Hereafter is better and more enduring. Indeed, this is in the former scriptures, The scriptures of Abraham and Moses.",A small bright lamp beside a larger steady one on a table; no figures
ch59-alaa-prefer-world-hereafter-better-two-lamps.png,chapter-59-lesson-06.json,ch59-l08,6,59,Al-A'la II — 87:10–19 and the Whole Surah,GRAMMAR_NOTE,A verb you know,A verb you know,A small bright lamp beside a larger steady one on a table; no figures
ch59-alaa-earlier-scrolls-stack.png,chapter-59-lesson-06.json,ch59-l08,5,59,Al-A'la II — 87:10–19 and the Whole Surah,AYAH_PREVIEW,سَبِّحِ اسْمَ رَبِّكَ الْأَعْلَى الَّذِي خَلَقَ فَسَوَّىٰ وَالَّذِي قَدَّرَ فَهَدَىٰ وَالَّذِي أَخْرَجَ الْمَرْعَىٰ فَجَعَلَهُ غُثَاءً أَحْوَىٰ سَنُقْرِئُكَ فَلَا تَنسَىٰ إِلَّا مَا شَاءَ اللَّهُ ۚ إِنَّهُ يَعْلَمُ الْجَهْرَ وَمَا يَخْفَىٰ وَنُيَسِّرُكَ لِلْيُسْرَىٰ فَذَكِّرْ إِن نَّفَعَتِ الذِّكْرَىٰ سَيَذَّكَّرُ مَن يَخْشَىٰ وَيَتَجَنَّبُهَا الْأَشْقَى الَّذِي يَصْلَى النَّارَ الْكُبْرَىٰ ثُمَّ لَا يَمُوتُ فِيهَا وَلَا يَحْيَىٰ قَدْ أَفْلَحَ مَن تَزَكَّىٰ وَذَكَرَ اسْمَ رَبِّهِ فَصَلَّىٰ بَلْ تُؤْثِرُونَ الْحَيَاةَ الدُّنْيَا وَالْآخِرَةُ خَيْرٌ وَأَبْقَىٰ إِنَّ هَٰذَا لَفِي الصُّحُفِ الْأُولَىٰ صُحُفِ إِبْرَاهِيمَ وَمُوسَىٰ,"Exalt the name of your Lord, the Most High, Who created and proportioned And who destined and [then] guided And who brings out the pasture And [then] makes it black stubble. We will make you recite, [O Muḥammad], and you will not forget, Except what Allāh should will. Indeed, He knows what is declared and what is hidden. And We will ease you toward ease. So remind, if the reminder should benefit; He who fears [Allāh] will be reminded. But the wretched one will avoid it [He] who will [enter and] burn in the greatest Fire, Neither dying therein nor living. He has certainly succeeded who purifies himself And mentions the name of his Lord and prays. But you prefer the worldly life, While the Hereafter is better and more enduring. Indeed, this is in the former scriptures, The scriptures of Abraham and Moses.",A stack of old rolled scrolls tied with cord on a stone shelf; no figures
ch59-review-book-six-shelf.png,chapter-59-lesson-07-review.json,ch59-l05,1,59,Chapter 59 Review — Book 6,CONCEPT,خُلَاصَةُ الْكِتَابِ السَّادِسِ,Book 6 in one page,A shelf with six books of the same size standing in a row and a small lamp beside them; no figures
ch59-review-book-six-shelf.png,chapter-59-lesson-07-review.json,ch59-l05,2,59,Chapter 59 Review — Book 6,GRAMMAR_NOTE,Order of questions,Order of questions,A shelf with six books of the same size standing in a row and a small lamp beside them; no figures
ch60-review-station-board.png,chapter-60-lesson-07-review.json,ch60-l07,1,60,Chapter 60 Review — Travel and Hajj Language,CONCEPT,خُلَاصَةُ الْبَابِ,Chapter 60 summary,A station noticeboard with a few blank labels and a clock above it; no figures
ch60-review-station-board.png,chapter-60-lesson-07-review.json,ch60-l07,2,60,Chapter 60 Review — Travel and Hajj Language,GRAMMAR_NOTE,"Words, not rulings","Words, not rulings",A station noticeboard with a few blank labels and a clock above it; no figures
ch61-l01-market-stall.png,chapter-61-lesson-01.json,ch61-l01,1,61,Trade and Commerce,CONCEPT,أَلْفَاظُ الصَّفْقَةِ,The words of a deal,A market stall with crates of fruit and a hanging scale; no figures
ch61-l01-market-stall.png,chapter-61-lesson-01.json,ch61-l01,2,61,Trade and Commerce,WORD,تِجَارَةٌ,trade; commerce,A market stall with crates of fruit and a hanging scale; no figures
ch61-l01-market-stall.png,chapter-61-lesson-01.json,ch61-l01,3,61,Trade and Commerce,WORD,بَاعَ,he sold,A market stall with crates of fruit and a hanging scale; no figures
ch61-l01-market-stall.png,chapter-61-lesson-01.json,ch61-l01,8,61,Trade and Commerce,GRAMMAR_NOTE,"Two verbs, two directions","Two verbs, two directions",A market stall with crates of fruit and a hanging scale; no figures
ch61-l01-buying.png,chapter-61-lesson-01.json,ch61-l01,4,61,Trade and Commerce,WORD,اشْتَرَى,he bought,A hand-drawn coin pile beside a bag of goods on a counter; no figures
ch61-l01-buying.png,chapter-61-lesson-01.json,ch61-l01,5,61,Trade and Commerce,WORD,ثَمَنٌ,price,A hand-drawn coin pile beside a bag of goods on a counter; no figures
ch61-l01-buying.png,chapter-61-lesson-01.json,ch61-l01,7,61,Trade and Commerce,AYAH_PREVIEW,ۖ وَلَا تَشْتَرُوا بِآيَاتِي ثَمَنًا,And do not exchange My signs for a small price,A hand-drawn coin pile beside a bag of goods on a counter; no figures
ch61-l01-profit-loss.png,chapter-61-lesson-01.json,ch61-l01,6,61,Trade and Commerce,CONTRAST,الرِّبْحُ وَالْخَسَارَةُ,Profit and loss,"Two small trays, one with a tall stack of coins and one with a single coin"
ch61-l02-scale.png,chapter-61-lesson-02.json,ch61-l02,1,61,Weights and Measures,CONCEPT,الْوَزْنُ وَالْكَيْلُ,Weighing and measuring,A balance scale with gold coins on one pan; no figures
ch61-l02-scale.png,chapter-61-lesson-02.json,ch61-l02,2,61,Weights and Measures,WORD,مِيزَانٌ,scale; balance,A balance scale with gold coins on one pan; no figures
ch61-l02-scale.png,chapter-61-lesson-02.json,ch61-l02,4,61,Weights and Measures,CONTRAST,وَزْنٌ أَمْ كَيْلٌ؟,Weigh or measure?,A balance scale with gold coins on one pan; no figures
ch61-l02-scale.png,chapter-61-lesson-02.json,ch61-l02,8,61,Weights and Measures,GRAMMAR_NOTE,"Roots, not tables","Roots, not tables",A balance scale with gold coins on one pan; no figures
ch61-l02-measure.png,chapter-61-lesson-02.json,ch61-l02,3,61,Weights and Measures,WORD,مِكْيَالٌ,measure (a container),A wooden measure heaped with wheat grains beside a sack; no figures
ch61-l02-measure.png,chapter-61-lesson-02.json,ch61-l02,7,61,Weights and Measures,AYAH_PREVIEW,وَأَوْفُوا الْكَيْلَ إِذَا كِلْتُمْ وَزِنُوا بِالْقِسْطَاسِ الْمُسْتَقِيمِ ۚ ذَٰلِكَ خَيْرٌ وَأَحْسَنُ تَأْوِيلًا,"And give full measure when you measure, and weigh with an even [i.e., honest] balance. That is the best [way] and best in result.",A wooden measure heaped with wheat grains beside a sack; no figures
ch61-l02-price-tag.png,chapter-61-lesson-02.json,ch61-l02,5,61,Weights and Measures,EXAMPLE,ثَمَنُ ثَلَاثَةِ أَرْطَالٍ عَشَرَةُ رِيَالَاتٍ,The price of three ratls is ten riyals.,A hand-written price card next to three weights; no figures
ch61-l02-price-tag.png,chapter-61-lesson-02.json,ch61-l02,6,61,Weights and Measures,AYAH_PREVIEW,وَإِذَا كَالُوهُمْ أَو وَّزَنُوهُمْ يُخْسِرُونَ,"But if they give by measure or by weight to them, they cause loss.",A hand-written price card next to three weights; no figures
ch61-l04-tools-row.png,chapter-61-lesson-04.json,ch61-l04,1,61,Instrument Nouns — a Small Set,CONCEPT,كَلِمَاتُ الْآلَةِ تَبْدَأُ بِمِـ,Tool words that start with مِـ,"A shelf with a key, scissors and a broom side by side; no figures"
ch61-l04-tools-row.png,chapter-61-lesson-04.json,ch61-l04,2,61,Instrument Nouns — a Small Set,WORD,مِفْتَاحٌ,a key,"A shelf with a key, scissors and a broom side by side; no figures"
ch61-l04-tools-row.png,chapter-61-lesson-04.json,ch61-l04,3,61,Instrument Nouns — a Small Set,WORD,مِقَصٌّ,scissors,"A shelf with a key, scissors and a broom side by side; no figures"
ch61-l04-tools-row.png,chapter-61-lesson-04.json,ch61-l04,4,61,Instrument Nouns — a Small Set,WORD,مِكْنَسَةٌ,a broom,"A shelf with a key, scissors and a broom side by side; no figures"
ch61-l04-tools-row.png,chapter-61-lesson-04.json,ch61-l04,7,61,Instrument Nouns — a Small Set,GRAMMAR_NOTE,"Recognise, do not generate","Recognise, do not generate","A shelf with a key, scissors and a broom side by side; no figures"
ch61-l04-scale-measure.png,chapter-61-lesson-04.json,ch61-l04,5,61,Instrument Nouns — a Small Set,CONTRAST,الْمِيزَانُ وَالْمِكْيَالُ مَرَّةً أُخْرَى,Scale and measure again,A small balance scale beside a wooden measure; no figures
ch61-l04-lamp-glass.png,chapter-61-lesson-04.json,ch61-l04,6,61,Instrument Nouns — a Small Set,AYAH_PREVIEW,فِيهَا مِصْبَاحٌ ۖ الْمِصْبَاحُ فِي زُجَاجَةٍ,In it is a lamp; the lamp is in a glass,"An oil lamp inside a glass cover, glowing; no figures"
ch61-l05-tilted-scale.png,chapter-61-lesson-05.json,ch61-l05,1,61,Al-Mutaffifin I — 83:1–6,CONCEPT,الْمُطَفِّفُ وَالسُّؤَالُ,The cheat and the question,A balance scale tipped to one side with grain heaped on the lower pan; no figures
ch61-l05-tilted-scale.png,chapter-61-lesson-05.json,ch61-l05,2,61,Al-Mutaffifin I — 83:1–6,AYAH_PREVIEW,وَيْلٌ لِّلْمُطَفِّفِينَ الَّذِينَ إِذَا اكْتَالُوا عَلَى النَّاسِ يَسْتَوْفُونَ وَإِذَا كَالُوهُمْ أَو وَّزَنُوهُمْ يُخْسِرُونَ,"Woe to those who give less [than due], Who, when they take a measure from people, take in full. But if they give by measure or by weight to them, they cause loss.",A balance scale tipped to one side with grain heaped on the lower pan; no figures
ch61-l05-tilted-scale.png,chapter-61-lesson-05.json,ch61-l05,4,61,Al-Mutaffifin I — 83:1–6,AYAH_PREVIEW,وَيْلٌ لِّلْمُطَفِّفِينَ الَّذِينَ إِذَا اكْتَالُوا عَلَى النَّاسِ يَسْتَوْفُونَ وَإِذَا كَالُوهُمْ أَو وَّزَنُوهُمْ يُخْسِرُونَ أَلَا يَظُنُّ أُولَٰئِكَ أَنَّهُم مَّبْعُوثُونَ لِيَوْمٍ عَظِيمٍ يَوْمَ يَقُومُ النَّاسُ لِرَبِّ الْعَالَمِينَ,"Woe to those who give less [than due], Who, when they take a measure from people, take in full. But if they give by measure or by weight to them, they cause loss. Do they not think that they will be resurrected For a tremendous Day - The Day when mankind will stand before the Lord of the worlds?",A balance scale tipped to one side with grain heaped on the lower pan; no figures
ch61-l05-tilted-scale.png,chapter-61-lesson-05.json,ch61-l05,5,61,Al-Mutaffifin I — 83:1–6,GRAMMAR_NOTE,Three words given whole,Three words given whole,A balance scale tipped to one side with grain heaped on the lower pan; no figures
ch61-l05-great-day.png,chapter-61-lesson-05.json,ch61-l05,3,61,Al-Mutaffifin I — 83:1–6,AYAH_PREVIEW,أَلَا يَظُنُّ أُولَٰئِكَ أَنَّهُم مَّبْعُوثُونَ لِيَوْمٍ عَظِيمٍ يَوْمَ يَقُومُ النَّاسُ لِرَبِّ الْعَالَمِينَ,Do they not think that they will be resurrected For a tremendous Day - The Day when mankind will stand before the Lord of the worlds?,A wide empty plain at dawn with a long row of footprints leading to the horizon; no figures
ch61-l08-register.png,chapter-61-lesson-06.json,ch61-l08,1,61,Al-Mutaffifin II — 83:7–17,CONCEPT,كَلَّا — كِتَابُ الْفُجَّارِ وَالْمُكَذِّبُونَ,No! — the record and the deniers,"A long scroll unrolled across a stone table, lines of script running along it; no figures"
ch61-l08-register.png,chapter-61-lesson-06.json,ch61-l08,2,61,Al-Mutaffifin II — 83:7–17,AYAH_PREVIEW,كَلَّا إِنَّ كِتَابَ الْفُجَّارِ لَفِي سِجِّينٍ وَمَا أَدْرَاكَ مَا سِجِّينٌ كِتَابٌ مَّرْقُومٌ,"No! Indeed, the record of the wicked is in sijjeen. And what can make you know what is sijjeen? It is [their destination recorded in] a register inscribed.","A long scroll unrolled across a stone table, lines of script running along it; no figures"
ch61-l08-rusted-lock.png,chapter-61-lesson-06.json,ch61-l08,3,61,Al-Mutaffifin II — 83:7–17,AYAH_PREVIEW,وَيْلٌ يَوْمَئِذٍ لِّلْمُكَذِّبِينَ الَّذِينَ يُكَذِّبُونَ بِيَوْمِ الدِّينِ وَمَا يُكَذِّبُ بِهِ إِلَّا كُلُّ مُعْتَدٍ أَثِيمٍ,"Woe, that Day, to the deniers, Who deny the Day of Recompense. And none deny it except every sinful transgressor.",A heavy lock covered in rust on a closed wooden door; no figures
ch61-l08-rusted-lock.png,chapter-61-lesson-06.json,ch61-l08,4,61,Al-Mutaffifin II — 83:7–17,AYAH_PREVIEW,إِذَا تُتْلَىٰ عَلَيْهِ آيَاتُنَا قَالَ أَسَاطِيرُ الْأَوَّلِينَ كَلَّا ۖ بَلْ ۜ رَانَ عَلَىٰ قُلُوبِهِم مَّا كَانُوا يَكْسِبُونَ,"When Our verses are recited to him, he says, ""Legends of the former peoples."" No! Rather, the stain has covered their hearts of that which they were earning.",A heavy lock covered in rust on a closed wooden door; no figures
ch61-l08-no-sign.png,chapter-61-lesson-06.json,ch61-l08,5,61,Al-Mutaffifin II — 83:7–17,AYAH_PREVIEW,كَلَّا إِنَّهُمْ عَن رَّبِّهِمْ يَوْمَئِذٍ لَّمَحْجُوبُونَ ثُمَّ إِنَّهُمْ لَصَالُو الْجَحِيمِ ثُمَّ يُقَالُ هَٰذَا الَّذِي كُنتُم بِهِ تُكَذِّبُونَ,"No! Indeed, from their Lord, that Day, they will be partitioned. Then indeed, they will [enter and] burn in Hellfire. Then it will be said [to them], ""This is what you used to deny.""",A road sign with a crossed-out arrow at a fork in the path; no figures
ch61-l08-no-sign.png,chapter-61-lesson-06.json,ch61-l08,6,61,Al-Mutaffifin II — 83:7–17,GRAMMAR_NOTE,Whole meanings,Whole meanings,A road sign with a crossed-out arrow at a fork in the path; no figures
ch61-l09-bright-scroll.png,chapter-61-lesson-07.json,ch61-l09,1,61,Al-Mutaffifin III — 83:18–28,CONCEPT,كِتَابُ الْأَبْرَارِ,The other record,A bright scroll resting on a high shelf with light falling on it; no figures
ch61-l09-bright-scroll.png,chapter-61-lesson-07.json,ch61-l09,2,61,Al-Mutaffifin III — 83:18–28,AYAH_PREVIEW,كَلَّا إِنَّ كِتَابَ الْأَبْرَارِ لَفِي عِلِّيِّينَ وَمَا أَدْرَاكَ مَا عِلِّيُّونَ كِتَابٌ مَّرْقُومٌ يَشْهَدُهُ الْمُقَرَّبُونَ,"No! Indeed, the record of the righteous is in ʿilliyyūn. And what can make you know what is ʿilliyyūn? It is [their destination recorded in] a register inscribed Which is witnessed by those brought near [to Allāh].",A bright scroll resting on a high shelf with light falling on it; no figures
ch61-l09-couches.png,chapter-61-lesson-07.json,ch61-l09,3,61,Al-Mutaffifin III — 83:18–28,AYAH_PREVIEW,إِنَّ الْأَبْرَارَ لَفِي نَعِيمٍ عَلَى الْأَرَائِكِ يَنظُرُونَ تَعْرِفُ فِي وُجُوهِهِمْ نَضْرَةَ النَّعِيمِ,"Indeed, the righteous will be in pleasure On adorned couches, observing. You will recognize in their faces the radiance of pleasure.","Embroidered couches with cushions in a garden terrace, nobody sitting; no figures"
ch61-l09-sealed-cup.png,chapter-61-lesson-07.json,ch61-l09,4,61,Al-Mutaffifin III — 83:18–28,AYAH_PREVIEW,يُسْقَوْنَ مِن رَّحِيقٍ مَّخْتُومٍ خِتَامُهُ مِسْكٌ ۚ وَفِي ذَٰلِكَ فَلْيَتَنَافَسِ الْمُتَنَافِسُونَ,They will be given to drink [pure] wine [which was] sealed. The last of it is musk. So for this let the competitors compete.,A sealed jar with a wax seal beside a small spring; no figures
ch61-l09-sealed-cup.png,chapter-61-lesson-07.json,ch61-l09,5,61,Al-Mutaffifin III — 83:18–28,AYAH_PREVIEW,وَمِزَاجُهُ مِن تَسْنِيمٍ عَيْنًا يَشْرَبُ بِهَا الْمُقَرَّبُونَ,"And its mixture is of Tasneem, A spring from which those near [to Allāh] drink.",A sealed jar with a wax seal beside a small spring; no figures
ch61-l09-sealed-cup.png,chapter-61-lesson-07.json,ch61-l09,6,61,Al-Mutaffifin III — 83:18–28,GRAMMAR_NOTE,"Two registers, one phrase","Two registers, one phrase",A sealed jar with a wax seal beside a small spring; no figures
ch61-l10-street-corner.png,chapter-61-lesson-08.json,ch61-l10,1,61,Al-Mutaffifin IV — 83:29–36,CONCEPT,انْقَلَبَ الضَّحِكُ,Laughter turned round,A narrow street corner with two empty doorways facing each other; no figures
ch61-l10-street-corner.png,chapter-61-lesson-08.json,ch61-l10,2,61,Al-Mutaffifin IV — 83:29–36,AYAH_PREVIEW,إِنَّ الَّذِينَ أَجْرَمُوا كَانُوا مِنَ الَّذِينَ آمَنُوا يَضْحَكُونَ وَإِذَا مَرُّوا بِهِمْ يَتَغَامَزُونَ وَإِذَا انقَلَبُوا إِلَىٰ أَهْلِهِمُ انقَلَبُوا فَكِهِينَ وَإِذَا رَأَوْهُمْ قَالُوا إِنَّ هَٰؤُلَاءِ لَضَالُّونَ,"Indeed, those who committed crimes used to laugh at those who believed. And when they passed by them, they would exchange derisive glances. And when they returned to their people, they would return jesting. And when they saw them, they would say, ""Indeed, those are truly lost.""",A narrow street corner with two empty doorways facing each other; no figures
ch61-l10-turned-hourglass.png,chapter-61-lesson-08.json,ch61-l10,3,61,Al-Mutaffifin IV — 83:29–36,AYAH_PREVIEW,وَمَا أُرْسِلُوا عَلَيْهِمْ حَافِظِينَ فَالْيَوْمَ الَّذِينَ آمَنُوا مِنَ الْكُفَّارِ يَضْحَكُونَ,"But they had not been sent as guardians over them. So Today those who believed are laughing at the disbelievers,",An hourglass turned on its side on a wooden table; no figures
ch61-l10-turned-hourglass.png,chapter-61-lesson-08.json,ch61-l10,4,61,Al-Mutaffifin IV — 83:29–36,AYAH_PREVIEW,عَلَى الْأَرَائِكِ يَنظُرُونَ هَلْ ثُوِّبَ الْكُفَّارُ مَا كَانُوا يَفْعَلُونَ,"On adorned couches, observing. Have the disbelievers [not] been rewarded [this Day] for what they used to do?",An hourglass turned on its side on a wooden table; no figures
ch61-l10-scale-again.png,chapter-61-lesson-08.json,ch61-l10,5,61,Al-Mutaffifin IV — 83:29–36,AYAH_PREVIEW,وَيْلٌ لِّلْمُطَفِّفِينَ الَّذِينَ إِذَا اكْتَالُوا عَلَى النَّاسِ يَسْتَوْفُونَ وَإِذَا كَالُوهُمْ أَو وَّزَنُوهُمْ يُخْسِرُونَ,"Woe to those who give less [than due], Who, when they take a measure from people, take in full. But if they give by measure or by weight to them, they cause loss.","A level balance scale, both pans even, in soft light; no figures"
ch61-l10-scale-again.png,chapter-61-lesson-08.json,ch61-l10,6,61,Al-Mutaffifin IV — 83:29–36,GRAMMAR_NOTE,Words given whole,Words given whole,"A level balance scale, both pans even, in soft light; no figures"
ch62-l02-open-book.png,chapter-62-lesson-02.json,ch62-l02,1,62,No … at All — لَا رَيْبَ فِيهِ,CONCEPT,لَا رَيْبَ فِيهِ,No doubt at all: لَا رَيْبَ فِيهِ,A closed book on a lectern with a soft light around it; no figures
ch62-l02-open-book.png,chapter-62-lesson-02.json,ch62-l02,2,62,No … at All — لَا رَيْبَ فِيهِ,AYAH_PREVIEW,لَا رَيْبَ ۛ فِيهِ,There is no doubt in it,A closed book on a lectern with a soft light around it; no figures
ch62-l02-open-book.png,chapter-62-lesson-02.json,ch62-l02,5,62,No … at All — لَا رَيْبَ فِيهِ,GRAMMAR_NOTE,"Read it, do not choose it","Read it, do not choose it",A closed book on a lectern with a soft light around it; no figures
ch62-l02-open-book.png,chapter-62-lesson-02.json,ch62-l02,8,62,No … at All — لَا رَيْبَ فِيهِ,AYAH_PREVIEW,لَا إِلَٰهَ إِلَّا هُوَ,There is no god except Him,A closed book on a lectern with a soft light around it; no figures
ch62-l02-empty-room.png,chapter-62-lesson-02.json,ch62-l02,3,62,No … at All — لَا رَيْبَ فِيهِ,EXAMPLE,لَا أَحَدَ فِي الْبَيْتِ,There is no one in the house.,An empty room with a door ajar and a bare chair; no figures
ch62-l02-empty-room.png,chapter-62-lesson-02.json,ch62-l02,4,62,No … at All — لَا رَيْبَ فِيهِ,EXAMPLE,لَا طَالِبَ فِي الْمَكْتَبَةِ,There is no student in the library.,An empty room with a door ajar and a bare chair; no figures
ch62-l02-empty-room.png,chapter-62-lesson-02.json,ch62-l02,6,62,No … at All — لَا رَيْبَ فِيهِ,CONTRAST,لَا رَيْبَ فِيهِ أَمْ لَيْسَ فِيهِ رَيْبٌ,Two ways to say 'no doubt in it',An empty room with a door ajar and a bare chair; no figures
ch62-l02-empty-room.png,chapter-62-lesson-02.json,ch62-l02,7,62,No … at All — لَا رَيْبَ فِيهِ,CONTRAST,ثَلَاثَةُ أَعْمَالٍ لِـ لَا,Three jobs of لَا,An empty room with a door ajar and a bare chair; no figures
ch62-l04-classroom.png,chapter-62-lesson-04.json,ch62-l04,1,62,In the Classroom and Back to What Was Said,CONCEPT,الْإِشَارَةُ فِي الصَّفِّ,Pointing in a classroom,"A classroom with desks, a notebook and pens on a table, and a bookshelf; no figures"
ch62-l04-classroom.png,chapter-62-lesson-04.json,ch62-l04,2,62,In the Classroom and Back to What Was Said,EXAMPLE,مَا هَذَا؟ — هَذَا دَفْتَرٌ جَدِيدٌ.,What is this? — This is a new notebook.,"A classroom with desks, a notebook and pens on a table, and a bookshelf; no figures"
ch62-l04-classroom.png,chapter-62-lesson-04.json,ch62-l04,7,62,In the Classroom and Back to What Was Said,GRAMMAR_NOTE,"Near, far and back","Near, far and back","A classroom with desks, a notebook and pens on a table, and a bookshelf; no figures"
ch62-l04-library.png,chapter-62-lesson-04.json,ch62-l04,3,62,In the Classroom and Back to What Was Said,EXAMPLE,هَؤُلَاءِ الطُّلَّابُ فِي الْمَكْتَبَةِ، وَأُولَئِكَ الْمُعَلِّمُونَ فِي الْمَدْرَسَةِ.,"These students are in the library, and those teachers are in the school.",A large library hall with tall shelves seen from a distance; no figures
ch62-l04-library.png,chapter-62-lesson-04.json,ch62-l04,4,62,In the Classroom and Back to What Was Said,EXAMPLE,تِلْكَ الْمَكْتَبَةُ كَبِيرَةٌ,That library is big.,A large library hall with tall shelves seen from a distance; no figures
ch62-l04-books-stack.png,chapter-62-lesson-04.json,ch62-l04,5,62,In the Classroom and Back to What Was Said,EXAMPLE,هَذِهِ الْكُتُبُ جَدِيدَةٌ,These books are new.,A neat stack of new books next to a shelf; no figures
ch62-l04-books-stack.png,chapter-62-lesson-04.json,ch62-l04,6,62,In the Classroom and Back to What Was Said,AYAH_PREVIEW,وَكَذَٰلِكَ جَعَلْنَاكُمْ أُمَّةً,And thus We made you a nation,A neat stack of new books next to a shelf; no figures
ch62-l06-waiting-road.png,chapter-62-lesson-05.json,ch62-l06,1,62,Al-Bayyinah I — 98:1–5,CONCEPT,الْبَيِّنَةُ,The clear proof,A long road toward a gate at the horizon with nobody on it; no figures
ch62-l06-waiting-road.png,chapter-62-lesson-05.json,ch62-l06,2,62,Al-Bayyinah I — 98:1–5,AYAH_PREVIEW,لَمْ يَكُنِ الَّذِينَ كَفَرُوا مِنْ أَهْلِ الْكِتَابِ وَالْمُشْرِكِينَ مُنفَكِّينَ حَتَّىٰ تَأْتِيَهُمُ الْبَيِّنَةُ,Those who disbelieved among the People of the Scripture and the polytheists were not to be parted [from misbelief] until there came to them clear evidence,A long road toward a gate at the horizon with nobody on it; no figures
ch62-l06-open-pages.png,chapter-62-lesson-05.json,ch62-l06,3,62,Al-Bayyinah I — 98:1–5,AYAH_PREVIEW,رَسُولٌ مِّنَ اللَّهِ يَتْلُو صُحُفًا مُّطَهَّرَةً فِيهَا كُتُبٌ قَيِّمَةٌ,"A Messenger from Allāh, reciting purified scriptures Within which are correct writings [i.e., rulings and laws].",A stack of clean pages on a wooden stand with a pen beside them; no figures
ch62-l06-open-pages.png,chapter-62-lesson-05.json,ch62-l06,6,62,Al-Bayyinah I — 98:1–5,GRAMMAR_NOTE,Given whole,Given whole,A stack of clean pages on a wooden stand with a pen beside them; no figures
ch62-l06-split-path.png,chapter-62-lesson-05.json,ch62-l06,4,62,Al-Bayyinah I — 98:1–5,AYAH_PREVIEW,وَمَا تَفَرَّقَ الَّذِينَ أُوتُوا الْكِتَابَ إِلَّا مِن بَعْدِ مَا جَاءَتْهُمُ الْبَيِّنَةُ,Nor did those who were given the Scripture become divided until after there had come to them clear evidence.,A path splitting into several smaller paths in a meadow; no figures
ch62-l06-split-path.png,chapter-62-lesson-05.json,ch62-l06,5,62,Al-Bayyinah I — 98:1–5,AYAH_PREVIEW,وَمَا أُمِرُوا إِلَّا لِيَعْبُدُوا اللَّهَ مُخْلِصِينَ لَهُ الدِّينَ حُنَفَاءَ وَيُقِيمُوا الصَّلَاةَ وَيُؤْتُوا الزَّكَاةَ ۚ وَذَٰلِكَ دِينُ الْقَيِّمَةِ,"And they were not commanded except to worship Allāh, [being] sincere to Him in religion, inclining to truth, and to establish prayer and to give zakāh. And that is the correct religion.",A path splitting into several smaller paths in a meadow; no figures
ch62-l07-two-doors.png,chapter-62-lesson-06.json,ch62-l07,1,62,Al-Bayyinah II — 98:6–8,CONCEPT,نِهَايَتَانِ وَجَزَاءٌ,Two ends and a reward,"Two doors side by side, one dark and one lit, in a long wall; no figures"
ch62-l07-two-doors.png,chapter-62-lesson-06.json,ch62-l07,2,62,Al-Bayyinah II — 98:6–8,AYAH_PREVIEW,إِنَّ الَّذِينَ كَفَرُوا مِنْ أَهْلِ الْكِتَابِ وَالْمُشْرِكِينَ فِي نَارِ جَهَنَّمَ خَالِدِينَ فِيهَا ۚ أُولَٰئِكَ هُمْ شَرُّ الْبَرِيَّةِ,"Indeed, they who disbelieved among the People of the Scripture and the polytheists will be in the fire of Hell, abiding eternally therein. Those are the worst of creatures.","Two doors side by side, one dark and one lit, in a long wall; no figures"
ch62-l07-two-doors.png,chapter-62-lesson-06.json,ch62-l07,3,62,Al-Bayyinah II — 98:6–8,AYAH_PREVIEW,إِنَّ الَّذِينَ آمَنُوا وَعَمِلُوا الصَّالِحَاتِ أُولَٰئِكَ هُمْ خَيْرُ الْبَرِيَّةِ,"Indeed, they who have believed and done righteous deeds - those are the best of creatures.","Two doors side by side, one dark and one lit, in a long wall; no figures"
ch62-l07-garden-river.png,chapter-62-lesson-06.json,ch62-l07,4,62,Al-Bayyinah II — 98:6–8,AYAH_PREVIEW,جَزَاؤُهُمْ عِندَ رَبِّهِمْ جَنَّاتُ عَدْنٍ تَجْرِي مِن تَحْتِهَا الْأَنْهَارُ خَالِدِينَ فِيهَا أَبَدًا ۖ رَّضِيَ اللَّهُ عَنْهُمْ وَرَضُوا عَنْهُ ۚ ذَٰلِكَ لِمَنْ خَشِيَ رَبَّهُ,"Their reward with their Lord will be gardens of perpetual residence beneath which rivers flow, wherein they will abide forever, Allāh being pleased with them and they with Him. That is for whoever has feared his Lord.",A garden with a river running through it under trees; no figures
ch62-l07-garden-river.png,chapter-62-lesson-06.json,ch62-l07,5,62,Al-Bayyinah II — 98:6–8,GRAMMAR_NOTE,Who is who in 98:8,Who is who in 98:8,A garden with a river running through it under trees; no figures
ch62-review-signpost.png,chapter-62-lesson-07-review.json,ch62-l05,1,62,"Chapter 62 Review — Pointing Words, لَا and Al-Bayyinah",CONCEPT,خُلَاصَةُ الْبَابِ,Chapter 62 summary,A signpost with blank arms pointing in several directions; no figures
ch62-review-signpost.png,chapter-62-lesson-07-review.json,ch62-l05,2,62,"Chapter 62 Review — Pointing Words, لَا and Al-Bayyinah",GRAMMAR_NOTE,Twelve tasks,Twelve tasks,A signpost with blank arms pointing in several directions; no figures
ch61-review-market-board.png,chapter-61-lesson-09-review.json,ch61-l07,1,61,"Chapter 61 Review — Trade, Weights, Tools and Al-Mutaffifin",CONCEPT,خُلَاصَةُ الْبَابِ,Chapter 61 summary,A market noticeboard with blank price cards and a hanging scale; no figures
ch61-review-market-board.png,chapter-61-lesson-09-review.json,ch61-l07,2,61,"Chapter 61 Review — Trade, Weights, Tools and Al-Mutaffifin",GRAMMAR_NOTE,Review the whole chapter,Review the whole chapter,A market noticeboard with blank price cards and a hanging scale; no figures
ch63-l06-sun-moon.png,chapter-63-lesson-05.json,ch63-l06,1,63,Ash-Shams I — 91:1–10,CONCEPT,الْأَقْسَامُ ثُمَّ النَّفْسُ,"Oaths, then the soul",A bright sun low over hills with a pale moon in the same sky; no figures
ch63-l06-sun-moon.png,chapter-63-lesson-05.json,ch63-l06,2,63,Ash-Shams I — 91:1–10,AYAH_PREVIEW,وَالشَّمْسِ وَضُحَاهَا وَالْقَمَرِ إِذَا تَلَاهَا وَالنَّهَارِ إِذَا جَلَّاهَا وَاللَّيْلِ إِذَا يَغْشَاهَا,"By the sun and its brightness And [by] the moon when it follows it And [by] the day when it displays it And [by] the night when it covers [i.e., conceals] it",A bright sun low over hills with a pale moon in the same sky; no figures
ch63-l06-sun-moon.png,chapter-63-lesson-05.json,ch63-l06,5,63,Ash-Shams I — 91:1–10,AYAH_PREVIEW,وَالشَّمْسِ وَضُحَاهَا وَالْقَمَرِ إِذَا تَلَاهَا وَالنَّهَارِ إِذَا جَلَّاهَا وَاللَّيْلِ إِذَا يَغْشَاهَا وَالسَّمَاءِ وَمَا بَنَاهَا وَالْأَرْضِ وَمَا طَحَاهَا وَنَفْسٍ وَمَا سَوَّاهَا فَأَلْهَمَهَا فُجُورَهَا وَتَقْوَاهَا قَدْ أَفْلَحَ مَن زَكَّاهَا وَقَدْ خَابَ مَن دَسَّاهَا,"By the sun and its brightness And [by] the moon when it follows it And [by] the day when it displays it And [by] the night when it covers [i.e., conceals] it And [by] the sky and He who constructed it And [by] the earth and He who spread it And [by] the soul and He who proportioned it And inspired it [with discernment of] its wickedness and its righteousness, He has succeeded who purifies it, And he has failed who instills it [with corruption].",A bright sun low over hills with a pale moon in the same sky; no figures
ch63-l06-sky-earth.png,chapter-63-lesson-05.json,ch63-l06,3,63,Ash-Shams I — 91:1–10,AYAH_PREVIEW,وَالسَّمَاءِ وَمَا بَنَاهَا وَالْأَرْضِ وَمَا طَحَاهَا وَنَفْسٍ وَمَا سَوَّاهَا,And [by] the sky and He who constructed it And [by] the earth and He who spread it And [by] the soul and He who proportioned it,"A wide sky above a plain, the earth stretched out to the horizon; no figures"
ch63-l06-two-gardens.png,chapter-63-lesson-05.json,ch63-l06,4,63,Ash-Shams I — 91:1–10,AYAH_PREVIEW,فَأَلْهَمَهَا فُجُورَهَا وَتَقْوَاهَا قَدْ أَفْلَحَ مَن زَكَّاهَا وَقَدْ خَابَ مَن دَسَّاهَا,"And inspired it [with discernment of] its wickedness and its righteousness, He has succeeded who purifies it, And he has failed who instills it [with corruption].","Two small plots, one green and tended, one buried under sand; no figures"
ch63-l06-two-gardens.png,chapter-63-lesson-05.json,ch63-l06,6,63,Ash-Shams I — 91:1–10,GRAMMAR_NOTE,"Noun plus pronoun, given whole","Noun plus pronoun, given whole","Two small plots, one green and tended, one buried under sand; no figures"
ch63-l07-rocky-valley.png,chapter-63-lesson-06.json,ch63-l07,1,63,Ash-Shams II — 91:11–15,CONCEPT,ثَمُودُ مَثَلًا,Thamud as an example,A rocky valley at dusk with stone dwellings carved into the cliffs; no figures
ch63-l07-rocky-valley.png,chapter-63-lesson-06.json,ch63-l07,2,63,Ash-Shams II — 91:11–15,AYAH_PREVIEW,كَذَّبَتْ ثَمُودُ بِطَغْوَاهَا إِذِ انبَعَثَ أَشْقَاهَا,"Thamūd denied [their prophet] by reason of their transgression, When the most wretched of them was sent forth.",A rocky valley at dusk with stone dwellings carved into the cliffs; no figures
ch63-l07-watering-place.png,chapter-63-lesson-06.json,ch63-l07,3,63,Ash-Shams II — 91:11–15,AYAH_PREVIEW,فَقَالَ لَهُمْ رَسُولُ اللَّهِ نَاقَةَ اللَّهِ وَسُقْيَاهَا,"And the messenger of Allāh [i.e., Ṣāliḥ] said to them, ""[Do not harm] the she-camel of Allāh or [prevent her from] her drink.""","A stone water trough beside a well in a dry valley, tracks leading to it; no figures"
ch63-l07-watering-place.png,chapter-63-lesson-06.json,ch63-l07,5,63,Ash-Shams II — 91:11–15,GRAMMAR_NOTE,Pronouns and iḍāfa here,Pronouns and iḍāfa here,"A stone water trough beside a well in a dry valley, tracks leading to it; no figures"
ch63-l07-dust-cloud.png,chapter-63-lesson-06.json,ch63-l07,4,63,Ash-Shams II — 91:11–15,AYAH_PREVIEW,فَكَذَّبُوهُ فَعَقَرُوهَا فَدَمْدَمَ عَلَيْهِمْ رَبُّهُم بِذَنبِهِمْ فَسَوَّاهَا وَلَا يَخَافُ عُقْبَاهَا,But they denied him and hamstrung her. So their Lord brought down upon them destruction for their sin and made it equal [upon all of them]. And He does not fear the consequence thereof.,A dust cloud settling over a silent valley; no figures
ch63-review-linked-boxes.png,chapter-63-lesson-07-review.json,ch63-l05,1,63,Chapter 63 Review — Iḍāfa in Use and Ash-Shams,CONCEPT,خُلَاصَةُ الْبَابِ,Chapter 63 summary,"Three wooden boxes joined end to end by a rope, each with a blank label; no figures"
ch63-review-linked-boxes.png,chapter-63-lesson-07-review.json,ch63-l05,2,63,Chapter 63 Review — Iḍāfa in Use and Ash-Shams,GRAMMAR_NOTE,Twelve tasks,Twelve tasks,"Three wooden boxes joined end to end by a rope, each with a blank label; no figures"
ch64-l03-nested-boxes.png,chapter-64-lesson-03.json,ch64-l03,1,64,A Sentence Inside the Predicate,CONCEPT,جُمْلَةٌ دَاخِلَ الْخَبَرِ,A sentence inside the predicate,"A large wooden box with a smaller box inside it, both open; no figures"
ch64-l03-nested-boxes.png,chapter-64-lesson-03.json,ch64-l03,2,64,A Sentence Inside the Predicate,AYAH_PREVIEW,وَاللَّهُ يَعْلَمُ وَأَنتُمْ لَا تَعْلَمُونَ,"And Allah knows, and you do not know","A large wooden box with a smaller box inside it, both open; no figures"
ch64-l03-nested-boxes.png,chapter-64-lesson-03.json,ch64-l03,6,64,A Sentence Inside the Predicate,GRAMMAR_NOTE,Take the whole clause,Take the whole clause,"A large wooden box with a smaller box inside it, both open; no figures"
ch64-l03-writing-desk.png,chapter-64-lesson-03.json,ch64-l03,3,64,A Sentence Inside the Predicate,EXAMPLE,الطَّالِبُ يَكْتُبُ الدَّرْسَ,The student writes the lesson.,A desk with an open notebook and a pen mid-line; no figures
ch64-l03-writing-desk.png,chapter-64-lesson-03.json,ch64-l03,5,64,A Sentence Inside the Predicate,CONTRAST,الْمُبْتَدَأُ وَالْفَاعِلُ,"Two layers, two readings",A desk with an open notebook and a pen mid-line; no figures
ch64-l03-two-books.png,chapter-64-lesson-03.json,ch64-l03,4,64,A Sentence Inside the Predicate,EXAMPLE,الطَّالِبُ أَخُوهُ مُجْتَهِدٌ,The student — his brother is diligent.,"Two books on a shelf, one pulled out slightly; no figures"
ch64-l04-three-passes.png,chapter-64-lesson-04.json,ch64-l04,1,64,Reading Layered Sentences,CONCEPT,قِرَاءَةُ الْجُمْلَةِ الْمُرَكَّبَةِ,Read a layered sentence in three passes,A page with three bookmarks of different colours sticking out; no figures
ch64-l04-three-passes.png,chapter-64-lesson-04.json,ch64-l04,6,64,Reading Layered Sentences,GRAMMAR_NOTE,Quran and practice sentences,Quran and practice sentences,A page with three bookmarks of different colours sticking out; no figures
ch64-l04-heavens-earth.png,chapter-64-lesson-04.json,ch64-l04,2,64,Reading Layered Sentences,AYAH_PREVIEW,اللَّهُ لَا إِلَٰهَ إِلَّا هُوَ,Allah — there is no god except Him,"A wide landscape of sky above and fields below, split by the horizon; no figures"
ch64-l04-heavens-earth.png,chapter-64-lesson-04.json,ch64-l04,3,64,Reading Layered Sentences,AYAH_PREVIEW,لِّلَّهِ مَا فِي السَّمَاوَاتِ وَمَا فِي الْأَرْضِ,To Allah belongs what is in the heavens and what is in the earth,"A wide landscape of sky above and fields below, split by the horizon; no figures"
ch64-l04-library-school.png,chapter-64-lesson-04.json,ch64-l04,4,64,Reading Layered Sentences,EXAMPLE,الْمَكْتَبَةُ أَمَامَ الْمَدْرَسَةِ,The library is in front of the school.,A library building standing in front of a school building across a courtyard; no figures
ch64-l04-library-school.png,chapter-64-lesson-04.json,ch64-l04,5,64,Reading Layered Sentences,EXAMPLE,الْمَدْرَسَةُ طُلَّابُهَا كَثِيرُونَ,The school — its students are many.,A library building standing in front of a school building across a courtyard; no figures
ch64-l06-old-city.png,chapter-64-lesson-05.json,ch64-l06,1,64,Al-Balad I — 90:1–10,CONCEPT,قَسَمٌ وَكَبَدٌ وَأَسْئِلَةٌ,"An oath, hardship and questions","A walled city seen from a hill at dawn, rooftops and a gate; no figures"
ch64-l06-old-city.png,chapter-64-lesson-05.json,ch64-l06,2,64,Al-Balad I — 90:1–10,AYAH_PREVIEW,لَا أُقْسِمُ بِهَٰذَا الْبَلَدِ وَأَنتَ حِلٌّ بِهَٰذَا الْبَلَدِ وَوَالِدٍ وَمَا وَلَدَ,"I swear by this city [i.e., Makkah] And you, [O Muḥammad], are free of restriction in this city And [by] the father and that which was born [of him],","A walled city seen from a hill at dawn, rooftops and a gate; no figures"
ch64-l06-steep-climb.png,chapter-64-lesson-05.json,ch64-l06,3,64,Al-Balad I — 90:1–10,AYAH_PREVIEW,لَقَدْ خَلَقْنَا الْإِنسَانَ فِي كَبَدٍ,We have certainly created man into hardship.,"A man-sized stone staircase climbing a hill, empty, in warm light; no figures"
ch64-l06-steep-climb.png,chapter-64-lesson-05.json,ch64-l06,6,64,Al-Balad I — 90:1–10,GRAMMAR_NOTE,Predicates in these ayat,Predicates in these ayat,"A man-sized stone staircase climbing a hill, empty, in warm light; no figures"
ch64-l06-two-eyes-tools.png,chapter-64-lesson-05.json,ch64-l06,4,64,Al-Balad I — 90:1–10,AYAH_PREVIEW,أَيَحْسَبُ أَن لَّن يَقْدِرَ عَلَيْهِ أَحَدٌ يَقُولُ أَهْلَكْتُ مَالًا لُّبَدًا أَيَحْسَبُ أَن لَّمْ يَرَهُ أَحَدٌ,"Does he think that never will anyone overcome him? He says, ""I have spent wealth in abundance."" Does he think that no one has seen him?",A pair of open eyeglasses and a small bell on a table; no figures
ch64-l06-two-eyes-tools.png,chapter-64-lesson-05.json,ch64-l06,5,64,Al-Balad I — 90:1–10,AYAH_PREVIEW,أَلَمْ نَجْعَل لَّهُ عَيْنَيْنِ وَلِسَانًا وَشَفَتَيْنِ وَهَدَيْنَاهُ النَّجْدَيْنِ,Have We not made for him two eyes? And a tongue and two lips? And have shown him the two ways?,A pair of open eyeglasses and a small bell on a table; no figures
ch64-l07-steep-pass.png,chapter-64-lesson-06.json,ch64-l07,1,64,Al-Balad II — 90:11–20,CONCEPT,الْعَقَبَةُ وَالْفَرِيقَانِ,The steep path and the two groups,A narrow mountain pass rising between two cliffs in morning light; no figures
ch64-l07-steep-pass.png,chapter-64-lesson-06.json,ch64-l07,2,64,Al-Balad II — 90:11–20,AYAH_PREVIEW,فَلَا اقْتَحَمَ الْعَقَبَةَ وَمَا أَدْرَاكَ مَا الْعَقَبَةُ,But he has not broken through the difficult pass. And what can make you know what is [breaking through] the difficult pass?,A narrow mountain pass rising between two cliffs in morning light; no figures
ch64-l07-bread-bowl.png,chapter-64-lesson-06.json,ch64-l07,3,64,Al-Balad II — 90:11–20,AYAH_PREVIEW,فَكُّ رَقَبَةٍ أَوْ إِطْعَامٌ فِي يَوْمٍ ذِي مَسْغَبَةٍ يَتِيمًا ذَا مَقْرَبَةٍ أَوْ مِسْكِينًا ذَا مَتْرَبَةٍ,It is the freeing of a slave Or feeding on a day of severe hunger An orphan of near relationship Or a needy person in misery,A bowl of bread and dates set on a mat at a doorway; no figures
ch64-l07-bread-bowl.png,chapter-64-lesson-06.json,ch64-l07,6,64,Al-Balad II — 90:11–20,GRAMMAR_NOTE,Nominal sentences here,Nominal sentences here,A bowl of bread and dates set on a mat at a doorway; no figures
ch64-l07-two-paths.png,chapter-64-lesson-06.json,ch64-l07,4,64,Al-Balad II — 90:11–20,AYAH_PREVIEW,ثُمَّ كَانَ مِنَ الَّذِينَ آمَنُوا وَتَوَاصَوْا بِالصَّبْرِ وَتَوَاصَوْا بِالْمَرْحَمَةِ,And then being among those who believed and advised one another to patience and advised one another to compassion.,"A fork in a path, one branch leading to light and the other to a dark closed gate; no figures"
ch64-l07-two-paths.png,chapter-64-lesson-06.json,ch64-l07,5,64,Al-Balad II — 90:11–20,AYAH_PREVIEW,أُولَٰئِكَ أَصْحَابُ الْمَيْمَنَةِ وَالَّذِينَ كَفَرُوا بِآيَاتِنَا هُمْ أَصْحَابُ الْمَشْأَمَةِ عَلَيْهِمْ نَارٌ مُّؤْصَدَةٌ,Those are the companions of the right. But they who disbelieved in Our signs - those are the companions of the left. Over them will be fire closed in.,"A fork in a path, one branch leading to light and the other to a dark closed gate; no figures"
ch64-l08-dark-horizon.png,chapter-64-lesson-07.json,ch64-l08,1,64,Al-Ghashiyah I — 88:1–7,CONCEPT,الْخَبَرُ وَالْوُجُوهُ الْأُولَى,The report and the first faces,A heavy dark cloud covering a plain at the horizon; no figures
ch64-l08-dark-horizon.png,chapter-64-lesson-07.json,ch64-l08,2,64,Al-Ghashiyah I — 88:1–7,AYAH_PREVIEW,هَلْ أَتَاكَ حَدِيثُ الْغَاشِيَةِ,Has there reached you the report of the Overwhelming [event]?,A heavy dark cloud covering a plain at the horizon; no figures
ch64-l08-blazing-fire.png,chapter-64-lesson-07.json,ch64-l08,3,64,Al-Ghashiyah I — 88:1–7,AYAH_PREVIEW,وُجُوهٌ يَوْمَئِذٍ خَاشِعَةٌ عَامِلَةٌ نَّاصِبَةٌ,"[Some] faces, that Day, will be humbled, Working [hard] and exhausted.",A large fire in a stone pit with no one near it; no figures
ch64-l08-blazing-fire.png,chapter-64-lesson-07.json,ch64-l08,4,64,Al-Ghashiyah I — 88:1–7,AYAH_PREVIEW,تَصْلَىٰ نَارًا حَامِيَةً تُسْقَىٰ مِنْ عَيْنٍ آنِيَةٍ,They will [enter to] burn in an intensely hot Fire. They will be given drink from a boiling spring.,A large fire in a stone pit with no one near it; no figures
ch64-l08-thorn-bush.png,chapter-64-lesson-07.json,ch64-l08,5,64,Al-Ghashiyah I — 88:1–7,AYAH_PREVIEW,لَّيْسَ لَهُمْ طَعَامٌ إِلَّا مِن ضَرِيعٍ لَّا يُسْمِنُ وَلَا يُغْنِي مِن جُوعٍ,"For them there will be no food except from a poisonous, thorny plant Which neither nourishes nor avails against hunger.",A dry thorny bush on cracked ground; no figures
ch64-l08-thorn-bush.png,chapter-64-lesson-07.json,ch64-l08,6,64,Al-Ghashiyah I — 88:1–7,GRAMMAR_NOTE,Given whole,Given whole,A dry thorny bush on cracked ground; no figures
ch64-l09-high-garden.png,chapter-64-lesson-08.json,ch64-l09,1,64,Al-Ghashiyah II — 88:8–16,CONCEPT,الْوُجُوهُ الثَّانِيَةُ وَالْجَنَّةُ,The second faces and the garden,A garden on a high terrace with trees and a stone wall; no figures
ch64-l09-high-garden.png,chapter-64-lesson-08.json,ch64-l09,2,64,Al-Ghashiyah II — 88:8–16,AYAH_PREVIEW,وُجُوهٌ يَوْمَئِذٍ نَّاعِمَةٌ لِّسَعْيِهَا رَاضِيَةٌ,"[Other] faces, that Day, will show pleasure. With their effort [they are] satisfied",A garden on a high terrace with trees and a stone wall; no figures
ch64-l09-high-garden.png,chapter-64-lesson-08.json,ch64-l09,3,64,Al-Ghashiyah II — 88:8–16,AYAH_PREVIEW,فِي جَنَّةٍ عَالِيَةٍ لَّا تَسْمَعُ فِيهَا لَاغِيَةً فِيهَا عَيْنٌ جَارِيَةٌ,"In an elevated garden, Wherein they will hear no unsuitable speech. Within it is a flowing spring.",A garden on a high terrace with trees and a stone wall; no figures
ch64-l09-garden-furnishings.png,chapter-64-lesson-08.json,ch64-l09,4,64,Al-Ghashiyah II — 88:8–16,AYAH_PREVIEW,فِيهَا سُرُرٌ مَّرْفُوعَةٌ وَأَكْوَابٌ مَّوْضُوعَةٌ وَنَمَارِقُ مَصْفُوفَةٌ وَزَرَابِيُّ مَبْثُوثَةٌ,Within it are couches raised high And cups put in place And cushions lined up And carpets spread around.,"Raised couches, cups, lined-up cushions and carpets in a shaded garden room; no figures"
ch64-l09-garden-furnishings.png,chapter-64-lesson-08.json,ch64-l09,5,64,Al-Ghashiyah II — 88:8–16,GRAMMAR_NOTE,"Same shape, new meaning","Same shape, new meaning","Raised couches, cups, lined-up cushions and carpets in a shaded garden room; no figures"
ch64-l10-camels-sky.png,chapter-64-lesson-09.json,ch64-l10,1,64,Al-Ghashiyah III — 88:17–26,CONCEPT,انْظُرْ وَذَكِّرْ وَالرُّجُوعُ,"Look, remind, return",A line of camels standing under a wide empty sky; no figures
ch64-l10-camels-sky.png,chapter-64-lesson-09.json,ch64-l10,2,64,Al-Ghashiyah III — 88:17–26,AYAH_PREVIEW,أَفَلَا يَنظُرُونَ إِلَى الْإِبِلِ كَيْفَ خُلِقَتْ وَإِلَى السَّمَاءِ كَيْفَ رُفِعَتْ وَإِلَى الْجِبَالِ كَيْفَ نُصِبَتْ وَإِلَى الْأَرْضِ كَيْفَ سُطِحَتْ,Then do they not look at the camels - how they are created? And at the sky - how it is raised? And at the mountains - how they are erected? And at the earth - how it is spread out?,A line of camels standing under a wide empty sky; no figures
ch64-l10-mountains-earth.png,chapter-64-lesson-09.json,ch64-l10,3,64,Al-Ghashiyah III — 88:17–26,AYAH_PREVIEW,فَذَكِّرْ إِنَّمَا أَنتَ مُذَكِّرٌ لَّسْتَ عَلَيْهِم بِمُصَيْطِرٍ,"So remind, [O Muḥammad]; you are only a reminder. You are not over them a controller.",A range of mountains rising over a flat plain; no figures
ch64-l10-mountains-earth.png,chapter-64-lesson-09.json,ch64-l10,6,64,Al-Ghashiyah III — 88:17–26,GRAMMAR_NOTE,The whole surah,The whole surah,A range of mountains rising over a flat plain; no figures
ch64-l10-road-home.png,chapter-64-lesson-09.json,ch64-l10,4,64,Al-Ghashiyah III — 88:17–26,AYAH_PREVIEW,إِلَّا مَن تَوَلَّىٰ وَكَفَرَ فَيُعَذِّبُهُ اللَّهُ الْعَذَابَ الْأَكْبَرَ,"However, he who turns away and disbelieves Then Allāh will punish him with the greatest punishment.",A long road winding back toward a single door at the end; no figures
ch64-l10-road-home.png,chapter-64-lesson-09.json,ch64-l10,5,64,Al-Ghashiyah III — 88:17–26,AYAH_PREVIEW,إِنَّ إِلَيْنَا إِيَابَهُمْ ثُمَّ إِنَّ عَلَيْنَا حِسَابَهُم,"Indeed, to Us is their return. Then indeed, upon Us is their account.",A long road winding back toward a single door at the end; no figures
ch64-review-nested-frames.png,chapter-64-lesson-10-review.json,ch64-l05,1,64,"Chapter 64 Review — Predicates, Al-Balad and Al-Ghashiyah",CONCEPT,خُلَاصَةُ الْبَابِ,Chapter 64 summary,Three picture frames of different sizes set inside one another on a wall; no figures
ch64-review-nested-frames.png,chapter-64-lesson-10-review.json,ch64-l05,2,64,"Chapter 64 Review — Predicates, Al-Balad and Al-Ghashiyah",GRAMMAR_NOTE,Twelve tasks,Twelve tasks,Three picture frames of different sizes set inside one another on a wall; no figures
ch65-l01-three-doors.png,chapter-65-lesson-01.json,ch65-l01,1,65,Three Sentence Cores — Checking What You Know,CONCEPT,ثَلَاثَةُ أَنْوَاعٍ مِنَ الْجُمْلَةِ,"Three cores, three endings","Three doors in a row, each with a different coloured lintel; no figures"
ch65-l01-three-doors.png,chapter-65-lesson-01.json,ch65-l01,2,65,Three Sentence Cores — Checking What You Know,EXAMPLE,الْجَوُّ بَارِدٌ,The weather is cold.,"Three doors in a row, each with a different coloured lintel; no figures"
ch65-l01-three-doors.png,chapter-65-lesson-01.json,ch65-l01,3,65,Three Sentence Cores — Checking What You Know,EXAMPLE,كَانَ الْجَوُّ بَارِدًا,The weather was cold.,"Three doors in a row, each with a different coloured lintel; no figures"
ch65-l01-three-doors.png,chapter-65-lesson-01.json,ch65-l01,4,65,Three Sentence Cores — Checking What You Know,EXAMPLE,إِنَّ الْجَوَّ بَارِدٌ,"Indeed, the weather is cold.","Three doors in a row, each with a different coloured lintel; no figures"
ch65-l01-three-doors.png,chapter-65-lesson-01.json,ch65-l01,6,65,Three Sentence Cores — Checking What You Know,GRAMMAR_NOTE,Only what you know,Only what you know,"Three doors in a row, each with a different coloured lintel; no figures"
ch65-l01-open-book.png,chapter-65-lesson-01.json,ch65-l01,5,65,Three Sentence Cores — Checking What You Know,AYAH_PREVIEW,وَكَانَ اللَّهُ عَلِيمًا حَكِيمًا,And Allah is ever Knowing and Wise,An open book with a plain bookmark on a lectern; no figures
ch65-l05-boxes-in-row.png,chapter-65-lesson-02.json,ch65-l05,1,65,Where the Predicate Stands,CONCEPT,الْخَبَرُ بَعْدَ كَانَ,The predicate of كَانَ can be more than one word,"Four boxes of different sizes in a row: one tiny, one small, one with a lid, one with a box inside; no figures"
ch65-l05-boxes-in-row.png,chapter-65-lesson-02.json,ch65-l05,6,65,Where the Predicate Stands,GRAMMAR_NOTE,Position and inside,Position and inside,"Four boxes of different sizes in a row: one tiny, one small, one with a lid, one with a box inside; no figures"
ch65-l05-house-door.png,chapter-65-lesson-02.json,ch65-l05,2,65,Where the Predicate Stands,EXAMPLE,كَانَ الْكِتَابُ فِي الْبَيْتِ,The book was in the house.,"A house with a big door, seen from outside; no figures"
ch65-l05-house-door.png,chapter-65-lesson-02.json,ch65-l05,3,65,Where the Predicate Stands,EXAMPLE,كَانَ الطَّالِبُ يَكْتُبُ,The student was writing.,"A house with a big door, seen from outside; no figures"
ch65-l05-house-door.png,chapter-65-lesson-02.json,ch65-l05,4,65,Where the Predicate Stands,EXAMPLE,كَانَ الْبَيْتُ بَابُهُ كَبِيرٌ,The house — its door was big.,"A house with a big door, seen from outside; no figures"
ch65-l05-house-door.png,chapter-65-lesson-02.json,ch65-l05,5,65,Where the Predicate Stands,EXAMPLE,كُنْتُ طَالِبًا,I was a student.,"A house with a big door, seen from outside; no figures"
ch65-l02-dawn-dusk.png,chapter-65-lesson-03.json,ch65-l02,1,65,"Three Sisters of كَانَ — أَصْبَحَ, أَمْسَى, صَارَ",CONCEPT,أَصْبَحَ وَأَمْسَى وَصَارَ,"Three sisters: أَصْبَحَ, أَمْسَى, صَارَ",A hill at dawn on the left and the same hill at dusk on the right; no figures
ch65-l02-dawn-dusk.png,chapter-65-lesson-03.json,ch65-l02,2,65,"Three Sisters of كَانَ — أَصْبَحَ, أَمْسَى, صَارَ",WORD,أَصْبَحَ,he became (by morning),A hill at dawn on the left and the same hill at dusk on the right; no figures
ch65-l02-dawn-dusk.png,chapter-65-lesson-03.json,ch65-l02,3,65,"Three Sisters of كَانَ — أَصْبَحَ, أَمْسَى, صَارَ",WORD,أَمْسَى,he became (by evening),A hill at dawn on the left and the same hill at dusk on the right; no figures
ch65-l02-dawn-dusk.png,chapter-65-lesson-03.json,ch65-l02,6,65,"Three Sisters of كَانَ — أَصْبَحَ, أَمْسَى, صَارَ",GRAMMAR_NOTE,"A shade, not a rule","A shade, not a rule",A hill at dawn on the left and the same hill at dusk on the right; no figures
ch65-l02-water-ice.png,chapter-65-lesson-03.json,ch65-l02,4,65,"Three Sisters of كَانَ — أَصْبَحَ, أَمْسَى, صَارَ",WORD,صَارَ,he became (changed into),A bowl of water on the left and a block of ice on the right; no figures
ch65-l02-brothers-hands.png,chapter-65-lesson-03.json,ch65-l02,5,65,"Three Sisters of كَانَ — أَصْبَحَ, أَمْسَى, صَارَ",AYAH_PREVIEW,فَأَصْبَحْتُم بِنِعْمَتِهِ إِخْوَانًا,"and you became, by His favour, brothers","Several clasped hands drawn as outlines without faces, arranged in a ring; no faces"
ch65-l07-forenoon-sun.png,chapter-65-lesson-04.json,ch65-l07,1,65,"Three More Sisters — أَضْحَى, بَاتَ, ظَلَّ",CONCEPT,أَضْحَى وَبَاتَ وَظَلَّ,"Three more sisters: أَضْحَى, بَاتَ, ظَلَّ","A sun high over rooftops in the forenoon, bright sky; no figures"
ch65-l07-forenoon-sun.png,chapter-65-lesson-04.json,ch65-l07,2,65,"Three More Sisters — أَضْحَى, بَاتَ, ظَلَّ",WORD,أَضْحَى,he became (by forenoon),"A sun high over rooftops in the forenoon, bright sky; no figures"
ch65-l07-night-lamp.png,chapter-65-lesson-04.json,ch65-l07,3,65,"Three More Sisters — أَضْحَى, بَاتَ, ظَلَّ",WORD,بَاتَ,he spent the night (being),A small lamp burning beside a made bed at night; no figures
ch65-l07-cold-jug.png,chapter-65-lesson-04.json,ch65-l07,4,65,"Three More Sisters — أَضْحَى, بَاتَ, ظَلَّ",WORD,ظَلَّ,he stayed (being),"A clay jug of water that still has condensation on it, in a cool room; no figures"
ch65-l07-cold-jug.png,chapter-65-lesson-04.json,ch65-l07,6,65,"Three More Sisters — أَضْحَى, بَاتَ, ظَلَّ",CONTRAST,لَيْسَ يَعْمَلُ كَذَلِكَ,لَيْسَ works the same way,"A clay jug of water that still has condensation on it, in a cool room; no figures"
ch65-l07-dark-cloth.png,chapter-65-lesson-04.json,ch65-l07,5,65,"Three More Sisters — أَضْحَى, بَاتَ, ظَلَّ",AYAH_PREVIEW,ظَلَّ وَجْهُهُ مُسْوَدًّا,his face stays dark,A dark cloth hanging over a doorway; no figures
ch65-l07-dark-cloth.png,chapter-65-lesson-04.json,ch65-l07,7,65,"Three More Sisters — أَضْحَى, بَاتَ, ظَلَّ",GRAMMAR_NOTE,Six now — no more,Six now — no more,A dark cloth hanging over a doorway; no figures
ch65-l03-two-doors-word.png,chapter-65-lesson-05.json,ch65-l03,1,65,Complete and Incomplete Use,CONCEPT,هَلْ يَحْتَاجُ إِلَى خَبَرٍ؟,Does it need a predicate?,"Two doors side by side: one leads to a room with a table set, one opens on an empty sky; no figures"
ch65-l03-two-doors-word.png,chapter-65-lesson-05.json,ch65-l03,5,65,Complete and Incomplete Use,CONTRAST,صَارَ — نَاقِصٌ أَمْ تَامٌّ؟,"Same verb, two uses","Two doors side by side: one leads to a room with a table set, one opens on an empty sky; no figures"
ch65-l03-two-doors-word.png,chapter-65-lesson-05.json,ch65-l03,6,65,Complete and Incomplete Use,GRAMMAR_NOTE,Given whole,Given whole,"Two doors side by side: one leads to a room with a table set, one opens on an empty sky; no figures"
ch65-l03-empty-sky.png,chapter-65-lesson-05.json,ch65-l03,3,65,Complete and Incomplete Use,AYAH_PREVIEW,كُن فَيَكُونُ,"Be, and it is","An open sky with light breaking through, no objects; no figures"
ch65-l03-empty-sky.png,chapter-65-lesson-05.json,ch65-l03,4,65,Complete and Incomplete Use,AYAH_PREVIEW,أَلَا إِلَى اللَّهِ تَصِيرُ الْأُمُورُ,"Unquestionably, to Allah all matters return","An open sky with light breaking through, no objects; no figures"
ch65-l03-set-table.png,chapter-65-lesson-05.json,ch65-l03,2,65,Complete and Incomplete Use,AYAH_PREVIEW,وَكَانَ اللَّهُ عَلِيمًا حَكِيمًا,And Allah is ever Knowing and Wise,A table with a full set of cups and bowls; no figures
ch65-l04-three-passes-bookmarks.png,chapter-65-lesson-06.json,ch65-l04,1,65,The Sisters in the Quran and in New Sentences,CONCEPT,الْأَخَوَاتُ فِي الْقُرْآنِ وَفِي جُمَلٍ جَدِيدَةٍ,Read the sisters in the Quran and in new sentences,A book with three coloured bookmarks sticking out; no figures
ch65-l04-three-passes-bookmarks.png,chapter-65-lesson-06.json,ch65-l04,6,65,The Sisters in the Quran and in New Sentences,GRAMMAR_NOTE,Label the source,Label the source,A book with three coloured bookmarks sticking out; no figures
ch65-l04-dark-curtain.png,chapter-65-lesson-06.json,ch65-l04,2,65,The Sisters in the Quran and in New Sentences,AYAH_PREVIEW,ظَلَّ وَجْهُهُ مُسْوَدًّا,his face stays dark,A dark curtain hanging in a doorway; no figures
ch65-l04-dark-curtain.png,chapter-65-lesson-06.json,ch65-l04,4,65,The Sisters in the Quran and in New Sentences,EXAMPLE,أَصْبَحَ وَجْهُ الْوَلَدِ سَعِيدًا,The boy's face became happy.,A dark curtain hanging in a doorway; no figures
ch65-l04-dry-field.png,chapter-65-lesson-06.json,ch65-l04,3,65,The Sisters in the Quran and in New Sentences,AYAH_PREVIEW,فَأَصْبَحَ هَشِيمًا,and it became dry remnants,A field of dry plant remnants scattered by the wind; no figures
ch65-l04-school-night.png,chapter-65-lesson-06.json,ch65-l04,5,65,The Sisters in the Quran and in New Sentences,EXAMPLE,بَاتَ طُلَّابُ الْمَدْرَسَةِ مُجْتَهِدِينَ,The school's students spent the night studying hard.,A school window with a lamp burning late at night; no figures
ch65-review-book-end.png,chapter-65-lesson-07-review.json,ch65-l06,1,65,R14 — End-of-Book 7 Review,CONCEPT,ر14 — نِهَايَةُ الْكِتَابِ 7,R14 — the end of Book 7,A closed book with a ribbon on a shelf next to an empty book stand; no figures
ch65-review-book-end.png,chapter-65-lesson-07-review.json,ch65-l06,2,65,R14 — End-of-Book 7 Review,GRAMMAR_NOTE,Twelve tasks,Twelve tasks,A closed book with a ribbon on a shelf next to an empty book stand; no figures
ch65-review2-six-doors.png,chapter-65-lesson-08-review.json,ch65-l09,1,65,Chapter 65 Focused Review — The Six Sisters and Four Predicates,CONCEPT,كُلُّ أُخْتٍ وَكُلُّ نَوْعٍ مَرَّةً,"The six sisters and four predicate kinds, once each","Six small doors in a row, each with a different coloured knob; no figures"
ch65-review2-six-doors.png,chapter-65-lesson-08-review.json,ch65-l09,2,65,Chapter 65 Focused Review — The Six Sisters and Four Predicates,GRAMMAR_NOTE,One look at each,One look at each,"Six small doors in a row, each with a different coloured knob; no figures"
